listing_url,car_name,brand,model,manufacturing_year,body_type,fuel_type,transmission,price_numeric,price_currency,km_driven,source_website,scraped_date,City
https://www.cars24.com/buy-used-audi-a4-2021-cars-bangalore-10009698197/,2021 Audi A4 40 TFSI TECHNOLOGY,Audi,A4,2021,Sedan,Petrol,Automatic,2524340,INR,62836,Cars24,21-09-2026,Bangalore
https://www.cars24.com/buy-used-audi-a4-2024-cars-gurgaon-10219898140/,2024 Audi A4 40 TFSI  PREMIUM PLUS,Audi,A4,2024,Sedan,Petrol,Automatic,3121340,INR,11198,Cars24,21-09-2026,Gurgaon
https://www.cars24.com/buy-used-audi-a6-2014-cars-mohali-10920471129/,2014 Audi A6 2.0 TDI PREMIUM PLUS,Audi,A6,2014,Sedan,Diesel,Automatic,594500,INR,110048,Cars24,21-09-2026,Mohali
https://www.cars24.com/buy-used-audi-q5-2019-cars-mumbai-10315097189/,2019 Audi Q5 40 TDI PREMIUM PLUS,Audi,Q5,2019,SUV,Diesel,Automatic,2675340,INR,77788,Cars24,21-09-2026,Mumbai
https://www.cars24.com/buy-used-bmw-x1-2014-cars-mohali-10906577131/,2014 BMW X1 SDRIVE 20D X LINE,BMW,X1,2014,SUV,Diesel,Automatic,760000,INR,99855,Cars24,21-09-2026,Mohali
https://www.cars24.com/buy-used-bmw-x1-2020-cars-pune-10688396160/,2020 BMW X1 SDrive20i Xline,BMW,X1,2020,SUV,Petrol,Automatic,2096994,INR,58334,Cars24,21-09-2026,Pune
https://www.cars24.com/buy-used-bmw-x1-2022-cars-coimbatore-13706976132/,2022 BMW X1 SDRIVE 20i SPORTX,BMW,X1,2022,SUV,Petrol,Automatic,3349000,INR,82679,Cars24,21-09-2026,Coimbatore
https://www.cars24.com/buy-used-chevrolet-beat-2012-cars-zirakpur-11648274182/,2012 Chevrolet Beat LT PETROL,Chevrolet,Beat,2012,Hatchback,Petrol,Manual,90000,INR,47972,Cars24,21-09-2026,Zirakpur
https://www.cars24.com/buy-used-chevrolet-beat-2014-cars-kochi-27131898134/,2014 Chevrolet Beat LS PETROL,Chevrolet,Beat,2014,Hatchback,Petrol,Manual,133140,INR,78601,Cars24,21-09-2026,Kochi
https://www.cars24.com/buy-used-chevrolet-cruze-2013-cars-bangalore-10277190161/,2013 Chevrolet Cruze LTZ AT,Chevrolet,Cruze,2013,Sedan,Diesel,Automatic,374597,INR,111286,Cars24,21-09-2026,Bangalore
https://www.cars24.com/buy-used-chevrolet-sail-2013-cars-kochi-27193475151/,2013 Chevrolet Sail 1.2 LS ABS,Chevrolet,Sail,2013,Sedan,Petrol,Manual,189140,INR,43669,Cars24,21-09-2026,Kochi
https://www.cars24.com/buy-used-chevrolet-sail-2013-cars-kochi-32629190151/,2013 Chevrolet Sail 1.2 LS ABS,Chevrolet,Sail,2013,Sedan,Petrol,Manual,129936,INR,69350,Cars24,21-09-2026,Kochi
https://www.cars24.com/buy-used-chevrolet-sail-2014-cars-kolkata-11991576199/,2014 Chevrolet Sail 1.2 LS,Chevrolet,Sail,2014,Sedan,Petrol,Manual,161981,INR,28070,Cars24,21-09-2026,Kolkata
https://www.cars24.com/buy-used-chevrolet-sail-uva-2013-cars-hyderabad-10443998113/,2013 Chevrolet Sail UVA 1.2 BASE,Chevrolet,Sail UVA,2013,Hatchback,Petrol,Manual,221936,INR,52781,Cars24,21-09-2026,Hyderabad
https://www.cars24.com/buy-used-citroen-c3-2022-cars-ahmedabad-11496048736/,2022 CITROEN C3 FEEL 1.2,CITROEN,C3,2022,Hatchback,CNG,Manual,408227,INR,71565,Cars24,21-09-2026,Ahmedabad
https://www.cars24.com/buy-used-citroen-c3-2026-cars-chennai-39803379182/,2026 CITROEN C3 SHINE 1.2,CITROEN,C3,2026,Hatchback,Petrol,Manual,739094,INR,28680,Cars24,21-09-2026,Chennai
https://www.cars24.com/buy-used-datsun-go-2017-cars-kochi-13084279112/,2017 Datsun Go ANNIVERSARY EDITION,Datsun,Go,2017,Hatchback,Petrol,Manual,175140,INR,40573,Cars24,21-09-2026,Kochi
https://www.cars24.com/buy-used-datsun-go-2017-cars-lucknow-13221198140/,2017 Datsun Go T,Datsun,Go,2017,Hatchback,CNG,Manual,194996,INR,123084,Cars24,21-09-2026,Lucknow
https://www.cars24.com/buy-used-datsun-go-2018-cars-coimbatore-16435597176/,2018 Datsun Go T,Datsun,Go,2018,Hatchback,Petrol,Manual,227140,INR,86045,Cars24,21-09-2026,Coimbatore
https://www.cars24.com/buy-used-datsun-go-2019-cars-lucknow-13803871115/,2019 Datsun Go A(O),Datsun,Go,2019,Hatchback,Petrol,Manual,231140,INR,65179,Cars24,21-09-2026,Lucknow
https://www.cars24.com/buy-used-datsun-go-plus-2015-cars-coimbatore-13787797153/,2015 Datsun Go Plus T,Datsun,Go Plus,2015,Hatchback,Petrol,Manual,264140,INR,93448,Cars24,21-09-2026,Coimbatore
https://www.cars24.com/buy-used-datsun-go-plus-2015-cars-coimbatore-30912492120/,2015 Datsun Go Plus T,Datsun,Go Plus,2015,Hatchback,Petrol,Manual,206140,INR,80595,Cars24,21-09-2026,Coimbatore
https://www.cars24.com/buy-used-datsun-go-plus-2018-cars-coimbatore-13742674174/,2018 Datsun Go Plus T,Datsun,Go Plus,2018,Hatchback,Petrol,Manual,299140,INR,67221,Cars24,21-09-2026,Coimbatore
https://www.cars24.com/buy-used-datsun-redi-go-2016-cars-chennai-11339574189/,2016 Datsun Redi Go S,Datsun,Redi Go,2016,Hatchback,Petrol,Manual,195140,INR,78951,Cars24,21-09-2026,Chennai
https://www.cars24.com/buy-used-datsun-redi-go-2016-cars-hyderabad-10480472178/,2016 Datsun Redi Go S,Datsun,Redi Go,2016,Hatchback,Petrol,Manual,169614,INR,62702,Cars24,21-09-2026,Hyderabad
https://www.cars24.com/buy-used-datsun-redi-go-2016-cars-mumbai-10337498119/,2016 Datsun Redi Go T,Datsun,Redi Go,2016,Hatchback,Petrol,Manual,160614,INR,26619,Cars24,21-09-2026,Mumbai
https://www.cars24.com/buy-used-datsun-redi-go-2016-cars-vadodara-13684196182/,2016 Datsun Redi Go S,Datsun,Redi Go,2016,Hatchback,Petrol,Manual,120114,INR,76286,Cars24,21-09-2026,Vadodara
https://www.cars24.com/buy-used-datsun-redi-go-2017-cars-ahmedabad-11494898118/,2017 Datsun Redi Go T (O),Datsun,Redi Go,2017,Hatchback,Petrol,Manual,141114,INR,67296,Cars24,21-09-2026,Ahmedabad
https://www.cars24.com/buy-used-datsun-redi-go-2017-cars-ahmedabad-25448473183/,2017 Datsun Redi Go S,Datsun,Redi Go,2017,Hatchback,Petrol,Manual,184114,INR,59478,Cars24,21-09-2026,Ahmedabad
https://www.cars24.com/buy-used-datsun-redi-go-2017-cars-chennai-11373878156/,2017 Datsun Redi Go T,Datsun,Redi Go,2017,Hatchback,Petrol,Manual,228140,INR,37782,Cars24,21-09-2026,Chennai
https://www.cars24.com/buy-used-datsun-redi-go-2017-cars-gurgaon-10121978139/,2017 Datsun Redi Go T(O) 1.0,Datsun,Redi Go,2017,Hatchback,Petrol,Manual,182614,INR,54610,Cars24,21-09-2026,Gurgaon
https://www.cars24.com/buy-used-datsun-redi-go-2017-cars-kochi-13010192179/,2017 Datsun Redi Go T(O) 1.0,Datsun,Redi Go,2017,Hatchback,Petrol,Manual,148140,INR,67900,Cars24,21-09-2026,Kochi
https://www.cars24.com/buy-used-datsun-redi-go-2017-cars-kolkata-11926397138/,2017 Datsun Redi Go T(O) 1.0,Datsun,Redi Go,2017,Hatchback,Petrol,Manual,182659,INR,29551,Cars24,21-09-2026,Kolkata
https://www.cars24.com/buy-used-datsun-redi-go-2017-cars-noida-10111992134/,2017 Datsun Redi Go A,Datsun,Redi Go,2017,Hatchback,Petrol,Manual,159614,INR,78190,Cars24,21-09-2026,Noida
https://www.cars24.com/buy-used-datsun-redi-go-2017-cars-noida-11292698181/,2017 Datsun Redi Go T(O) 1.0,Datsun,Redi Go,2017,Hatchback,Petrol,Manual,172614,INR,12345,Cars24,21-09-2026,Noida
https://www.cars24.com/buy-used-datsun-redi-go-2018-cars-ahmedabad-10622391198/,2018 Datsun Redi Go T(O) 1.0,Datsun,Redi Go,2018,Hatchback,Petrol,Manual,155860,INR,75461,Cars24,21-09-2026,Ahmedabad
https://www.cars24.com/buy-used-datsun-redi-go-2018-cars-ahmedabad-11467379192/,2018 Datsun Redi Go T(O) 1.0,Datsun,Redi Go,2018,Hatchback,Petrol,Manual,198946,INR,45715,Cars24,21-09-2026,Ahmedabad
https://www.cars24.com/buy-used-datsun-redi-go-2018-cars-bangalore-10240876179/,2018 Datsun Redi Go T (O),Datsun,Redi Go,2018,Hatchback,Petrol,Manual,236614,INR,48560,Cars24,21-09-2026,Bangalore
https://www.cars24.com/buy-used-datsun-redi-go-2018-cars-bhopal-14630473129/,2018 Datsun Redi Go D,Datsun,Redi Go,2018,Hatchback,Petrol,Manual,129500,INR,56147,Cars24,21-09-2026,Bhopal
https://www.cars24.com/buy-used-datsun-redi-go-2018-cars-chennai-11304797152/,2018 Datsun Redi Go S,Datsun,Redi Go,2018,Hatchback,Petrol,Manual,210140,INR,75199,Cars24,21-09-2026,Chennai
https://www.cars24.com/buy-used-datsun-redi-go-2018-cars-coimbatore-17191171113/,2018 Datsun Redi Go T (O),Datsun,Redi Go,2018,Hatchback,Petrol,Manual,260140,INR,42243,Cars24,21-09-2026,Coimbatore
https://www.cars24.com/buy-used-datsun-redi-go-2018-cars-gurgaon-10162163761/,2018 Datsun Redi Go A,Datsun,Redi Go,2018,Hatchback,Petrol,Manual,134614,INR,54321,Cars24,21-09-2026,Gurgaon
https://www.cars24.com/buy-used-datsun-redi-go-2018-cars-hyderabad-10413493147/,2018 Datsun Redi Go A,Datsun,Redi Go,2018,Hatchback,Petrol,Manual,197140,INR,53830,Cars24,21-09-2026,Hyderabad
https://www.cars24.com/buy-used-datsun-redi-go-2018-cars-kolkata-11907298145/,2018 Datsun Redi Go T(O) 1.0,Datsun,Redi Go,2018,Hatchback,Petrol,Manual,202614,INR,71015,Cars24,21-09-2026,Kolkata
https://www.cars24.com/buy-used-datsun-redi-go-2018-cars-lucknow-10020992165/,2018 Datsun Redi Go T(O) 1.0,Datsun,Redi Go,2018,Hatchback,Petrol,Manual,212614,INR,94917,Cars24,21-09-2026,Lucknow
https://www.cars24.com/buy-used-datsun-redi-go-2018-cars-mumbai-10333079151/,2018 Datsun Redi Go T (O),Datsun,Redi Go,2018,Hatchback,Petrol,Manual,200614,INR,27885,Cars24,21-09-2026,Mumbai
https://www.cars24.com/buy-used-datsun-redi-go-2018-cars-nagpur-12367394153/,2018 Datsun Redi Go T (O),Datsun,Redi Go,2018,Hatchback,Petrol,Manual,135000,INR,94150,Cars24,21-09-2026,Nagpur
https://www.cars24.com/buy-used-datsun-redi-go-2018-cars-new-delhi-11520364762/,2018 Datsun Redi Go GOLD LIMITED EDITION,Datsun,Redi Go,2018,Hatchback,CNG,Manual,191140,INR,60214,Cars24,21-09-2026,New Delhi
https://www.cars24.com/buy-used-datsun-redi-go-2018-cars-noida-15146578170/,2018 Datsun Redi Go T(O) 1.0,Datsun,Redi Go,2018,Hatchback,Petrol,Manual,234614,INR,41990,Cars24,21-09-2026,Noida
https://www.cars24.com/buy-used-datsun-redi-go-2018-cars-surat-13534090134/,2018 Datsun Redi Go T(O) 1.0L LIMITED EDITION,Datsun,Redi Go,2018,Hatchback,Petrol,Manual,172979,INR,61328,Cars24,21-09-2026,Surat
https://www.cars24.com/buy-used-datsun-redi-go-2019-cars-ahmedabad-15080862773/,2019 Datsun Redi Go S 1.0 AMT,Datsun,Redi Go,2019,Hatchback,CNG,Automatic,224745,INR,93322,Cars24,21-09-2026,Ahmedabad
https://www.cars24.com/buy-used-datsun-redi-go-2019-cars-chennai-11330699174/,2019 Datsun Redi Go T (O),Datsun,Redi Go,2019,Hatchback,Petrol,Manual,237140,INR,38330,Cars24,21-09-2026,Chennai
https://www.cars24.com/buy-used-datsun-redi-go-2019-cars-chennai-11366574181/,2019 Datsun Redi Go S 1.0 AMT,Datsun,Redi Go,2019,Hatchback,Petrol,Automatic,318930,INR,21411,Cars24,21-09-2026,Chennai
https://www.cars24.com/buy-used-datsun-redi-go-2019-cars-chennai-43967593188/,2019 Datsun Redi Go S,Datsun,Redi Go,2019,Hatchback,Petrol,Manual,208140,INR,121638,Cars24,21-09-2026,Chennai
https://www.cars24.com/buy-used-datsun-redi-go-2019-cars-hyderabad-10441774184/,2019 Datsun Redi Go S 1.0,Datsun,Redi Go,2019,Hatchback,Petrol,Manual,243614,INR,45340,Cars24,21-09-2026,Hyderabad
https://www.cars24.com/buy-used-datsun-redi-go-2019-cars-kochi-13020479188/,2019 Datsun Redi Go S 1.0 AMT,Datsun,Redi Go,2019,Hatchback,Petrol,Automatic,250140,INR,23302,Cars24,21-09-2026,Kochi
https://www.cars24.com/buy-used-datsun-redi-go-2019-cars-new-delhi-46762891173/,2019 Datsun Redi Go A,Datsun,Redi Go,2019,Hatchback,Petrol,Manual,180934,INR,34061,Cars24,21-09-2026,New Delhi
https://www.cars24.com/buy-used-datsun-redi-go-2020-cars-chandigarh-11680095102/,2020 Datsun Redi Go T(O) 0.8L LIMITED EDITION,Datsun,Redi Go,2020,Hatchback,Petrol,Manual,273140,INR,44776,Cars24,21-09-2026,Chandigarh
https://www.cars24.com/buy-used-datsun-redi-go-2020-cars-surat-13512070175/,2020 Datsun Redi Go T(O) 1.0 AMT,Datsun,Redi Go,2020,Hatchback,Petrol,Automatic,231963,INR,29502,Cars24,21-09-2026,Surat
https://www.cars24.com/buy-used-datsun-redi-go-2021-cars-kochi-17861090128/,2021 Datsun Redi Go T,Datsun,Redi Go,2021,Hatchback,Petrol,Manual,229140,INR,66938,Cars24,21-09-2026,Kochi
https://www.cars24.com/buy-used-datsun-redi-go-2021-cars-lucknow-15955574130/,2021 Datsun Redi Go T(O),Datsun,Redi Go,2021,Hatchback,Petrol,Manual,279614,INR,31000,Cars24,21-09-2026,Lucknow
https://www.cars24.com/buy-used-datsun-redi-go-2021-cars-pune-12518399168/,2021 Datsun Redi Go T,Datsun,Redi Go,2021,Hatchback,Petrol,Manual,232614,INR,54072,Cars24,21-09-2026,Pune
https://www.cars24.com/buy-used-datsun-redi-go-2021-cars-surat-13511696164/,2021 Datsun Redi Go T(O) 1.0,Datsun,Redi Go,2021,Hatchback,Petrol,Manual,218472,INR,46478,Cars24,21-09-2026,Surat
https://www.cars24.com/buy-used-fiat-linea-2017-cars-bangalore-10243676182/,2017 Fiat Linea EMOTION 1.4 L T JET 125S,Fiat,Linea,2017,Sedan,Petrol,Manual,461580,INR,71286,Cars24,21-09-2026,Bangalore
https://www.cars24.com/buy-used-fiat-linea-2017-cars-pune-10667479152/,2017 Fiat Linea EMOTION 1.4 L T JET 125S,Fiat,Linea,2017,Sedan,Petrol,Manual,406500,INR,74225,Cars24,21-09-2026,Pune
https://www.cars24.com/buy-used-fiat-urban-cross-2018-cars-hyderabad-10480793108/,2018 Fiat URBAN CROSS EMOTION MULTIJET 1.3,Fiat,URBAN CROSS,2018,Hatchback,Diesel,Manual,482760,INR,72523,Cars24,21-09-2026,Hyderabad
https://www.cars24.com/buy-used-ford-ecosport-2013-cars-bangalore-11125776153/,2013 Ford Ecosport TITANIUM 1.5L PETROL AT,Ford,Ecosport,2013,SUV,Petrol,Automatic,315841,INR,132487,Cars24,21-09-2026,Bangalore
https://www.cars24.com/buy-used-ford-ecosport-2013-cars-mumbai-12418000713/,2013 Ford Ecosport TREND 1.5L PETROL,Ford,Ecosport,2013,SUV,Petrol,Manual,263936,INR,79233,Cars24,21-09-2026,Mumbai
https://www.cars24.com/buy-used-ford-ecosport-2013-cars-patna-14459778143/,2013 Ford Ecosport TREND 1.5L DIESEL,Ford,Ecosport,2013,SUV,Diesel,Manual,188000,INR,118099,Cars24,21-09-2026,Patna
https://www.cars24.com/buy-used-ford-ecosport-2013-cars-vadodara-13695196174/,2013 Ford Ecosport TREND 1.5L DIESEL,Ford,Ecosport,2013,SUV,Diesel,Manual,273436,INR,113894,Cars24,21-09-2026,Vadodara
https://www.cars24.com/buy-used-ford-ecosport-2014-cars-ahmedabad-21389691130/,2014 Ford Ecosport TITANIUM 1.5L DIESEL,Ford,Ecosport,2014,SUV,Diesel,Manual,294853,INR,109757,Cars24,21-09-2026,Ahmedabad
https://www.cars24.com/buy-used-ford-ecosport-2014-cars-bhopal-14654078127/,2014 Ford Ecosport AMBIENTE 1.5L DIESEL,Ford,Ecosport,2014,SUV,Diesel,Manual,290000,INR,60002,Cars24,21-09-2026,Bhopal
https://www.cars24.com/buy-used-ford-ecosport-2014-cars-chennai-11329490163/,2014 Ford Ecosport TITANIUM 1.5L PETROL AT,Ford,Ecosport,2014,SUV,Petrol,Automatic,351936,INR,66583,Cars24,21-09-2026,Chennai
https://www.cars24.com/buy-used-ford-ecosport-2014-cars-nagpur-12321376133/,2014 Ford Ecosport TREND 1.5L PETROL,Ford,Ecosport,2014,SUV,Petrol,Manual,200000,INR,109560,Cars24,21-09-2026,Nagpur
https://www.cars24.com/buy-used-ford-ecosport-2014-cars-pune-10623400719/,2014 Ford Ecosport TITANIUM 1.5L PETROL AT,Ford,Ecosport,2014,SUV,Petrol,Automatic,515541,INR,75501,Cars24,21-09-2026,Pune
https://www.cars24.com/buy-used-ford-ecosport-2015-cars-coimbatore-13748891122/,2015 Ford Ecosport TITANIUM 1.5L PETROL AT,Ford,Ecosport,2015,SUV,Petrol,Automatic,380116,INR,112867,Cars24,21-09-2026,Coimbatore
https://www.cars24.com/buy-used-ford-ecosport-2015-cars-gurgaon-10370695165/,2015 Ford Ecosport TITANIUM 1.0L ECOBOOST,Ford,Ecosport,2015,SUV,Petrol,Manual,289614,INR,79271,Cars24,21-09-2026,Gurgaon
https://www.cars24.com/buy-used-ford-ecosport-2015-cars-indore-11909773181/,2015 Ford Ecosport TITANIUM 1.0L ECOBOOST,Ford,Ecosport,2015,SUV,Petrol,Manual,327140,INR,53262,Cars24,21-09-2026,Indore
https://www.cars24.com/buy-used-ford-ecosport-2015-cars-kolkata-11932365761/,2015 Ford Ecosport TREND 1.5L PETROL,Ford,Ecosport,2015,SUV,Petrol,Manual,253936,INR,92139,Cars24,21-09-2026,Kolkata
https://www.cars24.com/buy-used-ford-ecosport-2015-cars-kolkata-11980875186/,2015 Ford Ecosport TITANIUM 1.5L DIESEL,Ford,Ecosport,2015,SUV,Diesel,Manual,304584,INR,70158,Cars24,21-09-2026,Kolkata
https://www.cars24.com/buy-used-ford-ecosport-2015-cars-mumbai-10360872176/,2015 Ford Ecosport TITANIUM 1.0L ECOBOOST,Ford,Ecosport,2015,SUV,Petrol,Manual,294140,INR,74863,Cars24,21-09-2026,Mumbai
https://www.cars24.com/buy-used-ford-ecosport-2015-cars-mumbai-10364076139/,2015 Ford Ecosport TITANIUM 1.5L PETROL,Ford,Ecosport,2015,SUV,Petrol,Manual,386320,INR,54848,Cars24,21-09-2026,Mumbai
https://www.cars24.com/buy-used-ford-ecosport-2015-cars-mumbai-10376277154/,2015 Ford Ecosport TITANIUM 1.5L PETROL,Ford,Ecosport,2015,SUV,Petrol,Manual,325140,INR,77297,Cars24,21-09-2026,Mumbai
https://www.cars24.com/buy-used-ford-ecosport-2015-cars-noida-10089175179/,2015 Ford Ecosport AMBIENTE 1.5L PETROL,Ford,Ecosport,2015,SUV,Petrol,Manual,240470,INR,119748,Cars24,21-09-2026,Noida
https://www.cars24.com/buy-used-ford-ecosport-2016-cars-bhopal-14603778120/,2016 Ford Ecosport AMBIENTE 1.5L DIESEL,Ford,Ecosport,2016,SUV,Diesel,Manual,300000,INR,83003,Cars24,21-09-2026,Bhopal
https://www.cars24.com/buy-used-ford-ecosport-2016-cars-lucknow-15906278172/,2016 Ford Ecosport TREND 1.5L PETROL,Ford,Ecosport,2016,SUV,Petrol,Manual,332000,INR,116843,Cars24,21-09-2026,Lucknow
https://www.cars24.com/buy-used-ford-ecosport-2016-cars-mumbai-10383877112/,2016 Ford Ecosport TITANIUM 1.5L PETROL,Ford,Ecosport,2016,SUV,Petrol,Manual,335140,INR,67700,Cars24,21-09-2026,Mumbai
https://www.cars24.com/buy-used-ford-ecosport-2016-cars-visakhapatnam-12243777133/,2016 Ford Ecosport TREND 1.5L DIESEL,Ford,Ecosport,2016,SUV,Diesel,Manual,499937,INR,56202,Cars24,21-09-2026,Visakhapatnam
https://www.cars24.com/buy-used-ford-ecosport-2017-cars-bangalore-10226977191/,2017 Ford Ecosport TITANIUM+ 1.0L ECOBOOST,Ford,Ecosport,2017,SUV,Petrol,Manual,542774,INR,50354,Cars24,21-09-2026,Bangalore
https://www.cars24.com/buy-used-ford-ecosport-2017-cars-hyderabad-10459272119/,2017 Ford Ecosport TITANIUM 1.5L DIESEL,Ford,Ecosport,2017,SUV,Diesel,Manual,556276,INR,81749,Cars24,21-09-2026,Hyderabad
https://www.cars24.com/buy-used-ford-ecosport-2017-cars-kochi-14989170130/,2017 Ford Ecosport TREND 1.5L PETROL,Ford,Ecosport,2017,SUV,Petrol,Manual,423476,INR,120543,Cars24,21-09-2026,Kochi
https://www.cars24.com/buy-used-ford-ecosport-2017-cars-mumbai-12363368749/,2017 Ford Ecosport TITANIUM 1.5L DIESEL,Ford,Ecosport,2017,SUV,Diesel,Manual,426476,INR,147155,Cars24,21-09-2026,Mumbai
https://www.cars24.com/buy-used-ford-ecosport-2017-cars-noida-10520997133/,2017 Ford Ecosport TREND 1.5L PETROL,Ford,Ecosport,2017,SUV,Petrol,Manual,350936,INR,79446,Cars24,21-09-2026,Noida
https://www.cars24.com/buy-used-ford-ecosport-2017-cars-vadodara-13637277159/,2017 Ford Ecosport TREND+ 1.0L ECOBOOST,Ford,Ecosport,2017,SUV,Petrol,Manual,406474,INR,74593,Cars24,21-09-2026,Vadodara
https://www.cars24.com/buy-used-ford-ecosport-2017-cars-vadodara-13663875193/,2017 Ford Ecosport AMBIENTE 1.5L PETROL,Ford,Ecosport,2017,SUV,Petrol,Manual,341640,INR,113882,Cars24,21-09-2026,Vadodara
https://www.cars24.com/buy-used-ford-ecosport-2018-cars-ahmedabad-11491374154/,2018 Ford Ecosport TITANIUM 1.0L ECOBOOST SPORTS(SUNROOF),Ford,Ecosport,2018,SUV,Petrol,Manual,433264,INR,56169,Cars24,21-09-2026,Ahmedabad
https://www.cars24.com/buy-used-ford-ecosport-2018-cars-bhopal-14686778121/,2018 Ford Ecosport TITANIUM 1.5L DIESEL,Ford,Ecosport,2018,SUV,Diesel,Manual,641000,INR,178371,Cars24,21-09-2026,Bhopal
https://www.cars24.com/buy-used-ford-ecosport-2018-cars-bhopal-15380695137/,2018 Ford Ecosport TITANIUM 1.5L DIESEL,Ford,Ecosport,2018,SUV,Diesel,Manual,577660,INR,100854,Cars24,21-09-2026,Bhopal
https://www.cars24.com/buy-used-ford-ecosport-2018-cars-coimbatore-13754376190/,2018 Ford Ecosport TITANIUM 1.5L PETROL,Ford,Ecosport,2018,SUV,Petrol,Manual,550300,INR,56652,Cars24,21-09-2026,Coimbatore
https://www.cars24.com/buy-used-ford-ecosport-2018-cars-noida-10033771158/,2018 Ford Ecosport TREND + 1.5L PETROL AT,Ford,Ecosport,2018,SUV,Petrol,Automatic,422476,INR,73809,Cars24,21-09-2026,Noida
https://www.cars24.com/buy-used-ford-ecosport-2019-cars-ahmedabad-11444979186/,2019 Ford Ecosport TITANIUM 1.5L PETROL,Ford,Ecosport,2019,SUV,Petrol,Manual,474260,INR,60784,Cars24,21-09-2026,Ahmedabad
https://www.cars24.com/buy-used-ford-ecosport-2019-cars-ahmedabad-34350692170/,2019 Ford Ecosport TITANIUM 1.5L PETROL,Ford,Ecosport,2019,SUV,Petrol,Manual,464511,INR,55918,Cars24,21-09-2026,Ahmedabad
https://www.cars24.com/buy-used-ford-ecosport-2019-cars-bangalore-10256378133/,2019 Ford Ecosport AMBIENTE 1.5L PETROL,Ford,Ecosport,2019,SUV,Petrol,Manual,556479,INR,48918,Cars24,21-09-2026,Bangalore
https://www.cars24.com/buy-used-ford-ecosport-2019-cars-ghaziabad-18563770193/,2019 Ford Ecosport AMBIENTE 1.5L PETROL,Ford,Ecosport,2019,SUV,Petrol,Manual,423680,INR,88818,Cars24,21-09-2026,Ghaziabad
https://www.cars24.com/buy-used-ford-ecosport-2019-cars-hyderabad-10433896121/,2019 Ford Ecosport TITANIUM 1.0L ECOBOOST SPORTS(SUNROOF),Ford,Ecosport,2019,SUV,Petrol,Manual,678314,INR,33063,Cars24,21-09-2026,Hyderabad
https://www.cars24.com/buy-used-ford-ecosport-2019-cars-hyderabad-10481879115/,2019 Ford Ecosport TITANIUM 1.5L PETROL,Ford,Ecosport,2019,SUV,Petrol,Manual,515576,INR,78135,Cars24,21-09-2026,Hyderabad
https://www.cars24.com/buy-used-ford-ecosport-2019-cars-indore-12839897121/,2019 Ford Ecosport TITANIUM + 1.5L PETROL AT,Ford,Ecosport,2019,SUV,Petrol,Automatic,472760,INR,74762,Cars24,21-09-2026,Indore
https://www.cars24.com/buy-used-ford-ecosport-2019-cars-indore-14632894106/,2019 Ford Ecosport TITANIUM 1.5L THUNDER EDTION PETROL,Ford,Ecosport,2019,SUV,Petrol,Manual,581456,INR,4572,Cars24,21-09-2026,Indore
https://www.cars24.com/buy-used-ford-ecosport-2019-cars-jaipur-10772279180/,2019 Ford Ecosport TITANIUM 1.5L PETROL,Ford,Ecosport,2019,SUV,Petrol,Manual,563480,INR,56224,Cars24,21-09-2026,Jaipur
https://www.cars24.com/buy-used-ford-ecosport-2019-cars-jaipur-11819771118/,2019 Ford Ecosport TITANIUM 1.5L PETROL,Ford,Ecosport,2019,SUV,CNG,Manual,475760,INR,100688,Cars24,21-09-2026,Jaipur
https://www.cars24.com/buy-used-ford-ecosport-2019-cars-patna-14416193189/,2019 Ford Ecosport TITANIUM 1.0L ECOBOOST SPORTS(SUNROOF),Ford,Ecosport,2019,SUV,Petrol,Manual,487234,INR,116779,Cars24,21-09-2026,Patna
https://www.cars24.com/buy-used-ford-ecosport-2019-cars-pune-10635078135/,2019 Ford Ecosport TITANIUM 1.5 SPORTS(SUNROOF) PETROL,Ford,Ecosport,2019,SUV,Petrol,Manual,601840,INR,21642,Cars24,21-09-2026,Pune
https://www.cars24.com/buy-used-ford-ecosport-2019-cars-surat-21238693104/,2019 Ford Ecosport TITANIUM + 1.5L PETROL AT,Ford,Ecosport,2019,SUV,Petrol,Automatic,610412,INR,69796,Cars24,21-09-2026,Surat
https://www.cars24.com/buy-used-ford-ecosport-2019-cars-vadodara-13613279171/,2019 Ford Ecosport TITANIUM + 1.5L PETROL AT,Ford,Ecosport,2019,SUV,Petrol,Automatic,534832,INR,108051,Cars24,21-09-2026,Vadodara
https://www.cars24.com/buy-used-ford-ecosport-2019-cars-vadodara-13687697144/,2019 Ford Ecosport AMBIENTE 1.5L PETROL,Ford,Ecosport,2019,SUV,Petrol,Manual,409071,INR,78841,Cars24,21-09-2026,Vadodara
https://www.cars24.com/buy-used-ford-ecosport-2020-cars-bangalore-10235574120/,2020 Ford Ecosport TITANIUM 1.5 SPORTS(SUNROOF) PETROL,Ford,Ecosport,2020,SUV,Petrol,Manual,760796,INR,28612,Cars24,21-09-2026,Bangalore
https://www.cars24.com/buy-used-ford-ecosport-2020-cars-bangalore-10826364743/,2020 Ford Ecosport AMBIENTE 1.5L PETROL,Ford,Ecosport,2020,SUV,Petrol,Manual,541096,INR,51929,Cars24,21-09-2026,Bangalore
https://www.cars24.com/buy-used-ford-ecosport-2020-cars-bangalore-11394875158/,2020 Ford Ecosport TITANIUM 1.5L PETROL,Ford,Ecosport,2020,SUV,Petrol,Manual,800796,INR,58676,Cars24,21-09-2026,Bangalore
https://www.cars24.com/buy-used-ford-ecosport-2020-cars-bhopal-14689493185/,2020 Ford Ecosport TREND 1.5L PETROL,Ford,Ecosport,2020,SUV,Petrol,Manual,596636,INR,15531,Cars24,21-09-2026,Bhopal
https://www.cars24.com/buy-used-ford-ecosport-2020-cars-coimbatore-13799870182/,2020 Ford Ecosport TITANIUM 1.5L DIESEL,Ford,Ecosport,2020,SUV,Diesel,Manual,747000,INR,72938,Cars24,21-09-2026,Coimbatore
https://www.cars24.com/buy-used-ford-ecosport-2020-cars-indore-12808691140/,2020 Ford Ecosport AMBIENTE 1.5L PETROL,Ford,Ecosport,2020,SUV,Petrol,Manual,461676,INR,66130,Cars24,21-09-2026,Indore
https://www.cars24.com/buy-used-ford-ecosport-2020-cars-lucknow-13298176186/,2020 Ford Ecosport TITANIUM 1.5L PETROL,Ford,Ecosport,2020,SUV,Petrol,Manual,526916,INR,102829,Cars24,21-09-2026,Lucknow
https://www.cars24.com/buy-used-ford-ecosport-2020-cars-lucknow-13907072199/,2020 Ford Ecosport TITANIUM + 1.5L PETROL AT,Ford,Ecosport,2020,SUV,Petrol,Automatic,553096,INR,77210,Cars24,21-09-2026,Lucknow
https://www.cars24.com/buy-used-ford-ecosport-2020-cars-vadodara-13696592108/,2020 Ford Ecosport TITANIUM 1.5L PETROL,Ford,Ecosport,2020,SUV,Petrol,Manual,524810,INR,56615,Cars24,21-09-2026,Vadodara
https://www.cars24.com/buy-used-ford-ecosport-2021-cars-surat-21257173116/,2021 Ford Ecosport TITANIUM + 1.5L PETROL AT,Ford,Ecosport,2021,SUV,Petrol,Automatic,646706,INR,72634,Cars24,21-09-2026,Surat
https://www.cars24.com/buy-used-ford-endeavour-2010-cars-bhopal-14653873193/,2010 Ford Endeavour 2.5L 4X2 MT,Ford,Endeavour,2010,SUV,Diesel,Manual,207000,INR,156346,Cars24,21-09-2026,Bhopal
https://www.cars24.com/buy-used-ford-endeavour-2020-cars-coimbatore-17151196134/,2020 Ford Endeavour TITANIUM PLUS 2.0 4X4 AT SUNROOF,Ford,Endeavour,2020,SUV,Diesel,Automatic,1782377,INR,143352,Cars24,21-09-2026,Coimbatore
https://www.cars24.com/buy-used-ford-figo-aspire-2015-cars-chandigarh-11697562751/,2015 Ford Figo Aspire AMBIENTE 1.5 DIESEL,Ford,Figo Aspire,2015,Sedan,Diesel,Manual,213936,INR,92023,Cars24,21-09-2026,Chandigarh
https://www.cars24.com/buy-used-ford-figo-aspire-2015-cars-coimbatore-16975406785/,2015 Ford Figo Aspire TITANIUM1.5 DIESEL,Ford,Figo Aspire,2015,Sedan,Diesel,Manual,318140,INR,110618,Cars24,21-09-2026,Coimbatore
https://www.cars24.com/buy-used-ford-figo-aspire-2015-cars-kolkata-11997278153/,2015 Ford Figo Aspire TREND 1.2 PETROL,Ford,Figo Aspire,2015,Sedan,Petrol,Manual,207936,INR,72822,Cars24,21-09-2026,Kolkata
https://www.cars24.com/buy-used-ford-figo-aspire-2016-cars-karnal-29589195154/,2016 Ford Figo Aspire AMBIENTE 1.2 PETROL ABS,Ford,Figo Aspire,2016,Sedan,Petrol,Manual,226856,INR,68162,Cars24,21-09-2026,Karnal
https://www.cars24.com/buy-used-ford-figo-aspire-2017-cars-vadodara-13678472197/,2017 Ford Figo Aspire TITANIUM 1.2 PETROL,Ford,Figo Aspire,2017,Sedan,Petrol,Manual,286436,INR,67360,Cars24,21-09-2026,Vadodara
https://www.cars24.com/buy-used-ford-figo-aspire-2018-cars-vadodara-13664292162/,2018 Ford Figo Aspire TITANIUM 1.2 PETROL,Ford,Figo Aspire,2018,Sedan,Petrol,Manual,328033,INR,49578,Cars24,21-09-2026,Vadodara
https://www.cars24.com/buy-used-ford-figo-aspire-2019-cars-nagpur-12323769751/,2019 Ford Figo Aspire TITANIUM1.5 DIESEL,Ford,Figo Aspire,2019,Sedan,Diesel,Manual,350000,INR,186999,Cars24,21-09-2026,Nagpur
https://www.cars24.com/buy-used-ford-figo-aspire-2020-cars-noida-12078279158/,2020 Ford Figo Aspire TITANIUM 1.2 PETROL,Ford,Figo Aspire,2020,Sedan,Petrol,Manual,398296,INR,110904,Cars24,21-09-2026,Noida
https://www.cars24.com/buy-used-ford-figo-aspire-2020-cars-patna-34869775182/,2020 Ford Figo Aspire TITANIUM PLUS 1.2 PETROL,Ford,Figo Aspire,2020,Sedan,Petrol,Manual,474556,INR,22775,Cars24,21-09-2026,Patna
https://www.cars24.com/buy-used-ford-figo-aspire-2021-cars-bhopal-14665279191/,2021 Ford Figo Aspire TITANIUM 1.2 PETROL,Ford,Figo Aspire,2021,Sedan,Petrol,Manual,463376,INR,49673,Cars24,21-09-2026,Bhopal
https://www.cars24.com/buy-used-ford-figo-aspire-2021-cars-patna-14497097130/,2021 Ford Figo Aspire TITANIUM PLUS 1.2 PETROL,Ford,Figo Aspire,2021,Sedan,Petrol,Manual,441476,INR,25004,Cars24,21-09-2026,Patna
https://www.cars24.com/buy-used-ford-freestyle-2018-cars-chandigarh-10133894138/,2018 Ford FREESTYLE TITANIUM PLUS 1.5 DIESEL,Ford,FREESTYLE,2018,SUV,Diesel,Manual,448580,INR,34348,Cars24,21-09-2026,Chandigarh
https://www.cars24.com/buy-used-ford-freestyle-2018-cars-gurgaon-13314767731/,2018 Ford FREESTYLE TITANIUM 1.5 DIESEL,Ford,FREESTYLE,2018,SUV,Diesel,Manual,299140,INR,110017,Cars24,21-09-2026,Gurgaon
https://www.cars24.com/buy-used-ford-freestyle-2019-cars-visakhapatnam-12168874113/,2019 Ford FREESTYLE TITANIUM 1.2 PETROL,Ford,FREESTYLE,2019,SUV,Petrol,Manual,501410,INR,68083,Cars24,21-09-2026,Visakhapatnam
https://www.cars24.com/buy-used-ford-freestyle-2021-cars-visakhapatnam-12268998142/,2021 Ford FREESTYLE TITANIUM PLUS 1.2 PETROL,Ford,FREESTYLE,2021,SUV,Petrol,Manual,526120,INR,28649,Cars24,21-09-2026,Visakhapatnam
https://www.cars24.com/buy-used-ford-new-figo-2017-cars-pune-12580892136/,2017 Ford New Figo TREND 1.2 PETROL,Ford,New Figo,2017,Hatchback,CNG,Manual,270734,INR,87440,Cars24,21-09-2026,Pune
https://www.cars24.com/buy-used-ford-new-figo-2021-cars-jaipur-26280976174/,2021 Ford New Figo TITANIUM 1.2 PETROL MT,Ford,New Figo,2021,Hatchback,CNG,Manual,451580,INR,108535,Cars24,21-09-2026,Jaipur
https://www.cars24.com/buy-used-honda-amaze-2013-cars-coimbatore-11363974113/,2013 Honda Amaze 1.2L I-VTEC EX,Honda,Amaze,2013,Sedan,Petrol,Manual,319936,INR,79197,Cars24,21-09-2026,Coimbatore
https://www.cars24.com/buy-used-honda-amaze-2014-cars-ahmedabad-11494577150/,2014 Honda Amaze 1.2L I-VTEC SX,Honda,Amaze,2014,Sedan,Petrol,Manual,297519,INR,45394,Cars24,21-09-2026,Ahmedabad
https://www.cars24.com/buy-used-honda-amaze-2014-cars-coimbatore-13748794125/,2014 Honda Amaze 1.2L I-VTEC VX AT,Honda,Amaze,2014,Sedan,Petrol,Automatic,395296,INR,122216,Cars24,21-09-2026,Coimbatore
https://www.cars24.com/buy-used-honda-amaze-2014-cars-kolkata-11914276191/,2014 Honda Amaze 1.2L I-VTEC SX,Honda,Amaze,2014,Sedan,Petrol,Manual,211936,INR,69979,Cars24,21-09-2026,Kolkata
https://www.cars24.com/buy-used-honda-amaze-2014-cars-kolkata-21141174137/,2014 Honda Amaze 1.2L I-VTEC E,Honda,Amaze,2014,Sedan,Petrol,Manual,172172,INR,35343,Cars24,21-09-2026,Kolkata
https://www.cars24.com/buy-used-honda-amaze-2014-cars-vadodara-25473466728/,2014 Honda Amaze 1.5L I-DTEC E,Honda,Amaze,2014,Sedan,Diesel,Manual,232436,INR,83971,Cars24,21-09-2026,Vadodara
https://www.cars24.com/buy-used-honda-amaze-2015-cars-hyderabad-10473474180/,2015 Honda Amaze 1.2L I-VTEC S,Honda,Amaze,2015,Sedan,Petrol,Manual,317936,INR,40657,Cars24,21-09-2026,Hyderabad
https://www.cars24.com/buy-used-honda-amaze-2015-cars-jaipur-10737577159/,2015 Honda Amaze 1.2L I-VTEC VX,Honda,Amaze,2015,Sedan,Petrol,Manual,268936,INR,106058,Cars24,21-09-2026,Jaipur
https://www.cars24.com/buy-used-honda-amaze-2015-cars-jaipur-10783970159/,2015 Honda Amaze 1.2L I-VTEC S,Honda,Amaze,2015,Sedan,CNG,Manual,230000,INR,147291,Cars24,21-09-2026,Jaipur
https://www.cars24.com/buy-used-honda-amaze-2015-cars-mohali-10979178196/,2015 Honda Amaze 1.5L I-DTEC E,Honda,Amaze,2015,Sedan,Diesel,Manual,223000,INR,179261,Cars24,21-09-2026,Mohali
https://www.cars24.com/buy-used-honda-amaze-2015-cars-noida-12830895164/,2015 Honda Amaze 1.2L I-VTEC VX,Honda,Amaze,2015,Sedan,Petrol,Manual,312936,INR,72095,Cars24,21-09-2026,Noida
https://www.cars24.com/buy-used-honda-amaze-2016-cars-ahmedabad-11459873127/,2016 Honda Amaze 1.2L I-VTEC SX,Honda,Amaze,2016,Sedan,Petrol,Manual,322336,INR,57147,Cars24,21-09-2026,Ahmedabad
https://www.cars24.com/buy-used-honda-amaze-2016-cars-ahmedabad-11462593124/,2016 Honda Amaze 1.2L I-VTEC S,Honda,Amaze,2016,Sedan,Petrol,Manual,390616,INR,50262,Cars24,21-09-2026,Ahmedabad
https://www.cars24.com/buy-used-honda-amaze-2016-cars-chandigarh-11624576158/,2016 Honda Amaze 1.2L I-VTEC SX,Honda,Amaze,2016,Sedan,Petrol,Manual,328796,INR,65587,Cars24,21-09-2026,Chandigarh
https://www.cars24.com/buy-used-honda-amaze-2016-cars-coimbatore-16984391121/,2016 Honda Amaze 1.2L I-VTEC VX,Honda,Amaze,2016,Sedan,Petrol,Manual,413500,INR,91198,Cars24,21-09-2026,Coimbatore
https://www.cars24.com/buy-used-honda-amaze-2016-cars-noida-10096093131/,2016 Honda Amaze 1.2L I-VTEC S,Honda,Amaze,2016,Sedan,Petrol,Manual,261936,INR,66175,Cars24,21-09-2026,Noida
https://www.cars24.com/buy-used-honda-amaze-2016-cars-vadodara-13594498137/,2016 Honda Amaze 1.2L I-VTEC S,Honda,Amaze,2016,Sedan,Petrol,Manual,315436,INR,63515,Cars24,21-09-2026,Vadodara
https://www.cars24.com/buy-used-honda-amaze-2016-cars-vadodara-13642779158/,2016 Honda Amaze 1.2L I-VTEC S,Honda,Amaze,2016,Sedan,Petrol,Manual,347500,INR,67413,Cars24,21-09-2026,Vadodara
https://www.cars24.com/buy-used-honda-amaze-2017-cars-kolkata-11977477199/,2017 Honda Amaze 1.2L I-VTEC S OPT,Honda,Amaze,2017,Sedan,Petrol,Manual,251936,INR,28125,Cars24,21-09-2026,Kolkata
https://www.cars24.com/buy-used-honda-amaze-2018-cars-bhopal-14606379110/,2018 Honda Amaze 1.2L I-VTEC VX,Honda,Amaze,2018,Sedan,Petrol,Manual,493940,INR,49267,Cars24,21-09-2026,Bhopal
https://www.cars24.com/buy-used-honda-amaze-2019-cars-coimbatore-11309372181/,2019 Honda Amaze 1.2L I-VTEC VX,Honda,Amaze,2019,Sedan,Petrol,Manual,584487,INR,87007,Cars24,21-09-2026,Coimbatore
https://www.cars24.com/buy-used-honda-amaze-2019-cars-hyderabad-10450170119/,2019 Honda Amaze 1.2L I-VTEC VX CVT,Honda,Amaze,2019,Sedan,Petrol,Automatic,581002,INR,94801,Cars24,21-09-2026,Hyderabad
https://www.cars24.com/buy-used-honda-amaze-2019-cars-jaipur-10788190144/,2019 Honda Amaze 1.2L I-VTEC S CVT,Honda,Amaze,2019,Sedan,Petrol,Automatic,381320,INR,115673,Cars24,21-09-2026,Jaipur
https://www.cars24.com/buy-used-honda-amaze-2019-cars-new-delhi-10051676131/,2019 Honda Amaze 1.2L I-VTEC E,Honda,Amaze,2019,Sedan,CNG,Manual,397625,INR,51254,Cars24,21-09-2026,New Delhi
https://www.cars24.com/buy-used-honda-amaze-2019-cars-noida-10073695167/,2019 Honda Amaze 1.2L I-VTEC V,Honda,Amaze,2019,Sedan,Petrol,Manual,384320,INR,38078,Cars24,21-09-2026,Noida
https://www.cars24.com/buy-used-honda-amaze-2019-cars-noida-10583371123/,2019 Honda Amaze 1.2L I-VTEC VX,Honda,Amaze,2019,Sedan,Petrol,Manual,389960,INR,55362,Cars24,21-09-2026,Noida
https://www.cars24.com/buy-used-honda-amaze-2019-cars-surat-36455272124/,2019 Honda Amaze 1.2L I-VTEC V,Honda,Amaze,2019,Sedan,Petrol,Manual,474711,INR,48614,Cars24,21-09-2026,Surat
https://www.cars24.com/buy-used-honda-amaze-2021-cars-indore-12844277155/,2021 Honda Amaze 1.2L I-VTEC S,Honda,Amaze,2021,Sedan,Petrol,Manual,488940,INR,32560,Cars24,21-09-2026,Indore
https://www.cars24.com/buy-used-honda-amaze-2021-cars-indore-12864791103/,2021 Honda Amaze 1.2L I-VTEC S,Honda,Amaze,2021,Sedan,Petrol,Manual,446580,INR,43535,Cars24,21-09-2026,Indore
https://www.cars24.com/buy-used-honda-amaze-2021-cars-patna-14445372124/,2021 Honda Amaze 1.2L I-VTEC VX CVT,Honda,Amaze,2021,Sedan,Petrol,Automatic,524640,INR,23893,Cars24,21-09-2026,Patna
https://www.cars24.com/buy-used-honda-amaze-2022-cars-chandigarh-12717593159/,2022 Honda Amaze 1.2L I-VTEC VX CVT,Honda,Amaze,2022,Sedan,Petrol,Automatic,592156,INR,53700,Cars24,21-09-2026,Chandigarh
https://www.cars24.com/buy-used-honda-amaze-2023-cars-noida-20005991162/,2023 Honda Amaze 1.2L I-VTEC VX,Honda,Amaze,2023,Sedan,Petrol,Manual,584456,INR,38474,Cars24,21-09-2026,Noida
https://www.cars24.com/buy-used-honda-amaze-2024-cars-patna-14490573196/,2024 Honda Amaze 1.2L I-VTEC VX,Honda,Amaze,2024,Sedan,CNG,Manual,704996,INR,28072,Cars24,21-09-2026,Patna
https://www.cars24.com/buy-used-honda-amaze-2025-cars-visakhapatnam-12188776150/,2025 Honda Amaze 1.2L I-VTEC VX CVT,Honda,Amaze,2025,Sedan,Petrol,Automatic,813796,INR,61223,Cars24,21-09-2026,Visakhapatnam
https://www.cars24.com/buy-used-honda-br-v-2018-cars-kolkata-11935878159/,2018 Honda BR-V 1.5L I-VTEC VX,Honda,BR-V,2018,SUV,Petrol,Manual,538096,INR,46137,Cars24,21-09-2026,Kolkata
https://www.cars24.com/buy-used-honda-brio-2012-cars-bhopal-14644571150/,2012 Honda Brio S MT,Honda,Brio,2012,Hatchback,Petrol,Manual,130000,INR,104955,Cars24,21-09-2026,Bhopal
https://www.cars24.com/buy-used-honda-brio-2012-cars-nagpur-12306379123/,2012 Honda Brio V MT,Honda,Brio,2012,Hatchback,Petrol,Manual,130000,INR,89718,Cars24,21-09-2026,Nagpur
https://www.cars24.com/buy-used-honda-brio-2012-cars-nagpur-12359376131/,2012 Honda Brio S MT,Honda,Brio,2012,Hatchback,Petrol,Manual,155000,INR,72680,Cars24,21-09-2026,Nagpur
https://www.cars24.com/buy-used-honda-brio-2013-cars-bangalore-13184999184/,2013 Honda Brio EX MT,Honda,Brio,2013,Hatchback,Petrol,Manual,194936,INR,101818,Cars24,21-09-2026,Bangalore
https://www.cars24.com/buy-used-honda-brio-2013-cars-bhopal-14644275195/,2013 Honda Brio S MT,Honda,Brio,2013,Hatchback,Petrol,Manual,166355,INR,61594,Cars24,21-09-2026,Bhopal
https://www.cars24.com/buy-used-honda-brio-2014-cars-jaipur-10716171176/,2014 Honda Brio S MT,Honda,Brio,2014,Hatchback,Petrol,Manual,215776,INR,79565,Cars24,21-09-2026,Jaipur
https://www.cars24.com/buy-used-honda-brio-2015-cars-jaipur-10793578159/,2015 Honda Brio S MT,Honda,Brio,2015,Hatchback,Petrol,Manual,214936,INR,88790,Cars24,21-09-2026,Jaipur
https://www.cars24.com/buy-used-honda-brio-2015-cars-surat-13563796156/,2015 Honda Brio S MT,Honda,Brio,2015,Hatchback,Petrol,Manual,275436,INR,54406,Cars24,21-09-2026,Surat
https://www.cars24.com/buy-used-honda-brio-2016-cars-visakhapatnam-15818792126/,2016 Honda Brio S MT,Honda,Brio,2016,Hatchback,Petrol,Manual,306936,INR,47093,Cars24,21-09-2026,Visakhapatnam
https://www.cars24.com/buy-used-honda-brio-2018-cars-jaipur-15247994146/,2018 Honda Brio S(O) MT,Honda,Brio,2018,Hatchback,CNG,Manual,293140,INR,135760,Cars24,21-09-2026,Jaipur
https://www.cars24.com/buy-used-honda-city-2013-cars-bhopal-14682778185/,2013 Honda City 1.5L I-VTEC S MT,Honda,City,2013,Sedan,Petrol,Manual,238000,INR,74867,Cars24,21-09-2026,Bhopal
https://www.cars24.com/buy-used-honda-city-2013-cars-kochi-39089573153/,2013 Honda City 1.5L I-VTEC S MT,Honda,City,2013,Sedan,Petrol,Manual,363320,INR,99582,Cars24,21-09-2026,Kochi
https://www.cars24.com/buy-used-honda-city-2013-cars-kolkata-11946399162/,2013 Honda City 1.5L I-VTEC S MT,Honda,City,2013,Sedan,Petrol,Manual,200140,INR,68882,Cars24,21-09-2026,Kolkata
https://www.cars24.com/buy-used-honda-city-2013-cars-mumbai-10306195139/,2013 Honda City 1.5L I-VTEC V MT,Honda,City,2013,Sedan,Petrol,Manual,298936,INR,47757,Cars24,21-09-2026,Mumbai
https://www.cars24.com/buy-used-honda-city-2014-cars-gurgaon-13341693131/,2014 Honda City 1.5L I-VTEC V MT,Honda,City,2014,Sedan,Petrol,Manual,267140,INR,66367,Cars24,21-09-2026,Gurgaon
https://www.cars24.com/buy-used-honda-city-2014-cars-mumbai-10320675181/,2014 Honda City 1.5L I-VTEC V MT,Honda,City,2014,Sedan,Petrol,Manual,300936,INR,142172,Cars24,21-09-2026,Mumbai
https://www.cars24.com/buy-used-honda-city-2014-cars-pune-10682098138/,2014 Honda City 1.5L I-VTEC SV,Honda,City,2014,Sedan,Petrol,Manual,285936,INR,73471,Cars24,21-09-2026,Pune
https://www.cars24.com/buy-used-honda-city-2014-cars-vadodara-13644893152/,2014 Honda City 1.5L I-VTEC V MT,Honda,City,2014,Sedan,Petrol,Manual,361436,INR,92511,Cars24,21-09-2026,Vadodara
https://www.cars24.com/buy-used-honda-city-2015-cars-bhopal-14639373123/,2015 Honda City 1.5L I-VTEC V MT,Honda,City,2015,Sedan,Petrol,Manual,352000,INR,107229,Cars24,21-09-2026,Bhopal
https://www.cars24.com/buy-used-honda-city-2015-cars-chennai-11373591141/,2015 Honda City 1.5L I-VTEC SV CVT,Honda,City,2015,Sedan,Petrol,Automatic,425476,INR,88444,Cars24,21-09-2026,Chennai
https://www.cars24.com/buy-used-honda-city-2015-cars-chennai-43988797108/,2015 Honda City 1.5L I-VTEC SV CVT,Honda,City,2015,Sedan,Petrol,Automatic,405296,INR,129903,Cars24,21-09-2026,Chennai
https://www.cars24.com/buy-used-honda-city-2015-cars-kolkata-11900578199/,2015 Honda City 1.5L I-VTEC SV,Honda,City,2015,Sedan,Petrol,Manual,298936,INR,51303,Cars24,21-09-2026,Kolkata
https://www.cars24.com/buy-used-honda-city-2015-cars-kolkata-11992191181/,2015 Honda City 1.5L I-VTEC VX,Honda,City,2015,Sedan,Petrol,Manual,342140,INR,60734,Cars24,21-09-2026,Kolkata
https://www.cars24.com/buy-used-honda-city-2015-cars-mumbai-10307073137/,2015 Honda City 1.5L I-VTEC SV CVT,Honda,City,2015,Sedan,Petrol,Automatic,371653,INR,43242,Cars24,21-09-2026,Mumbai
https://www.cars24.com/buy-used-honda-city-2015-cars-pune-10675876124/,2015 Honda City 1.5L I-VTEC VX CVT,Honda,City,2015,Sedan,Petrol,Automatic,465954,INR,72274,Cars24,21-09-2026,Pune
https://www.cars24.com/buy-used-honda-city-2015-cars-surat-13576992190/,2015 Honda City 1.5L I-VTEC VX CVT,Honda,City,2015,Sedan,Petrol,Automatic,387816,INR,94315,Cars24,21-09-2026,Surat
https://www.cars24.com/buy-used-honda-city-2015-cars-surat-13584562706/,2015 Honda City 1.5L I-VTEC SV,Honda,City,2015,Sedan,Petrol,Manual,364436,INR,112640,Cars24,21-09-2026,Surat
https://www.cars24.com/buy-used-honda-city-2016-cars-bangalore-10294978114/,2016 Honda City 1.5L I-VTEC V MT,Honda,City,2016,Sedan,Petrol,Manual,513916,INR,74124,Cars24,21-09-2026,Bangalore
https://www.cars24.com/buy-used-honda-city-2016-cars-chennai-11343771155/,2016 Honda City 1.5L I-VTEC SV CVT,Honda,City,2016,Sedan,Petrol,Automatic,541300,INR,87989,Cars24,21-09-2026,Chennai
https://www.cars24.com/buy-used-honda-city-2016-cars-coimbatore-13790575125/,2016 Honda City 1.5L I-VTEC VX CVT,Honda,City,2016,Sedan,Petrol,Automatic,470000,INR,121260,Cars24,21-09-2026,Coimbatore
https://www.cars24.com/buy-used-honda-city-2016-cars-ghaziabad-15173474183/,2016 Honda City 1.5L I-VTEC V MT,Honda,City,2016,Sedan,Petrol,Manual,354087,INR,93802,Cars24,21-09-2026,Ghaziabad
https://www.cars24.com/buy-used-honda-city-2016-cars-jaipur-10795471186/,2016 Honda City 1.5L I-VTEC V MT,Honda,City,2016,Sedan,Petrol,Manual,424235,INR,55959,Cars24,21-09-2026,Jaipur
https://www.cars24.com/buy-used-honda-city-2016-cars-mumbai-10344892176/,2016 Honda City 1.5L I-VTEC V MT,Honda,City,2016,Sedan,Petrol,Manual,363936,INR,56037,Cars24,21-09-2026,Mumbai
https://www.cars24.com/buy-used-honda-city-2016-cars-mumbai-10357379181/,2016 Honda City 1.5L I-VTEC VX (O) MT,Honda,City,2016,Sedan,CNG,Manual,398446,INR,130961,Cars24,21-09-2026,Mumbai
https://www.cars24.com/buy-used-honda-city-2016-cars-pune-10636072136/,2016 Honda City 1.5L I-VTEC V MT,Honda,City,2016,Sedan,Petrol,Manual,483556,INR,59210,Cars24,21-09-2026,Pune
https://www.cars24.com/buy-used-honda-city-2016-cars-surat-21263679112/,2016 Honda City 1.5L I-VTEC V MT,Honda,City,2016,Sedan,CNG,Manual,456036,INR,140894,Cars24,21-09-2026,Surat
https://www.cars24.com/buy-used-honda-city-2016-cars-vadodara-13558471176/,2016 Honda City 1.5L I-VTEC VX,Honda,City,2016,Sedan,Petrol,Manual,386116,INR,79189,Cars24,21-09-2026,Vadodara
https://www.cars24.com/buy-used-honda-city-2017-cars-jaipur-10778671174/,2017 Honda City 1.5L I-DTEC V,Honda,City,2017,Sedan,Diesel,Manual,512120,INR,86271,Cars24,21-09-2026,Jaipur
https://www.cars24.com/buy-used-honda-city-2017-cars-surat-13509794125/,2017 Honda City 1.5L I-VTEC ZX CVT,Honda,City,2017,Sedan,CNG,Automatic,488216,INR,80659,Cars24,21-09-2026,Surat
https://www.cars24.com/buy-used-honda-city-2018-cars-bhopal-14687070156/,2018 Honda City 1.5L I-DTEC VX,Honda,City,2018,Sedan,Diesel,Manual,470000,INR,63611,Cars24,21-09-2026,Bhopal
https://www.cars24.com/buy-used-honda-city-2018-cars-kolkata-11920977198/,2018 Honda City 1.5L I-VTEC V MT,Honda,City,2018,Sedan,Petrol,Manual,383116,INR,92966,Cars24,21-09-2026,Kolkata
https://www.cars24.com/buy-used-honda-city-2018-cars-kolkata-11973570115/,2018 Honda City 1.5L I-VTE V CVT,Honda,City,2018,Sedan,Petrol,Automatic,474556,INR,36327,Cars24,21-09-2026,Kolkata
https://www.cars24.com/buy-used-honda-city-2018-cars-lucknow-10072672197/,2018 Honda City 1.5L I-VTEC V MT,Honda,City,2018,Sedan,Petrol,Manual,481556,INR,77326,Cars24,21-09-2026,Lucknow
https://www.cars24.com/buy-used-honda-city-2018-cars-mumbai-10364771189/,2018 Honda City 1.5L I-VTEC VX CVT,Honda,City,2018,Sedan,CNG,Automatic,680356,INR,77720,Cars24,21-09-2026,Mumbai
https://www.cars24.com/buy-used-honda-city-2018-cars-mumbai-10380078187/,2018 Honda City 1.5L I-VTEC ZX CVT,Honda,City,2018,Sedan,Petrol,Automatic,601636,INR,77091,Cars24,21-09-2026,Mumbai
https://www.cars24.com/buy-used-honda-city-2018-cars-mumbai-10390892198/,2018 Honda City 1.5L I-VTE V CVT,Honda,City,2018,Sedan,Petrol,Automatic,382116,INR,131590,Cars24,21-09-2026,Mumbai
https://www.cars24.com/buy-used-honda-city-2018-cars-surat-13508073155/,2018 Honda City 1.5L I-VTEC ZX CVT,Honda,City,2018,Sedan,Petrol,Automatic,681697,INR,66425,Cars24,21-09-2026,Surat
https://www.cars24.com/buy-used-honda-city-2019-cars-chandigarh-16661491175/,2019 Honda City 1.5L I-VTEC V MT,Honda,City,2019,Sedan,Petrol,Manual,541096,INR,66887,Cars24,21-09-2026,Chandigarh
https://www.cars24.com/buy-used-hyundai-creta-2017-cars-bangalore-10212775137/,2017 Hyundai Creta SX PLUS 1.6 PETROL,Hyundai,Creta,2017,SUV,Petrol,Manual,796000,INR,74994,Cars24,21-09-2026,Bangalore
https://www.cars24.com/buy-used-hyundai-creta-2017-cars-bangalore-10279478138/,2017 Hyundai Creta E PLUS 1.6 PETROL,Hyundai,Creta,2017,SUV,Petrol,Manual,690277,INR,113510,Cars24,21-09-2026,Bangalore
https://www.cars24.com/buy-used-hyundai-creta-2017-cars-gurgaon-11062277182/,2017 Hyundai Creta SX PLUS 1.6 PETROL,Hyundai,Creta,2017,SUV,Petrol,Manual,511983,INR,72948,Cars24,21-09-2026,Gurgaon
https://www.cars24.com/buy-used-hyundai-creta-2017-cars-indore-15316293166/,2017 Hyundai Creta E PLUS 1.6 PETROL,Hyundai,Creta,2017,SUV,Petrol,Manual,496940,INR,86867,Cars24,21-09-2026,Indore
https://www.cars24.com/buy-used-hyundai-creta-2017-cars-kochi-13029077136/,2017 Hyundai Creta SX PLUS AT 1.6 PETROL,Hyundai,Creta,2017,SUV,Petrol,Automatic,754840,INR,95787,Cars24,21-09-2026,Kochi
https://www.cars24.com/buy-used-hyundai-creta-2017-cars-kolkata-11959790103/,2017 Hyundai Creta SX PLUS 1.6 PETROL DUAL TONE,Hyundai,Creta,2017,SUV,Petrol,Manual,487037,INR,99632,Cars24,21-09-2026,Kolkata
https://www.cars24.com/buy-used-hyundai-creta-2017-cars-mohali-10997572140/,2017 Hyundai Creta SX PLUS AT 1.6 DIESEL,Hyundai,Creta,2017,SUV,Diesel,Automatic,580000,INR,103035,Cars24,21-09-2026,Mohali
https://www.cars24.com/buy-used-hyundai-creta-2017-cars-pune-10212772199/,2017 Hyundai Creta SX PLUS 1.6 PETROL DUAL TONE,Hyundai,Creta,2017,SUV,Petrol,Manual,606117,INR,49778,Cars24,21-09-2026,Pune
https://www.cars24.com/buy-used-hyundai-creta-2017-cars-pune-10668770174/,2017 Hyundai Creta S 1.4 DIESEL,Hyundai,Creta,2017,SUV,Diesel,Manual,747636,INR,80926,Cars24,21-09-2026,Pune
https://www.cars24.com/buy-used-hyundai-creta-2017-cars-pune-10680274186/,2017 Hyundai Creta SX (O) 1.6 DIESEL,Hyundai,Creta,2017,SUV,Diesel,Manual,734840,INR,115321,Cars24,21-09-2026,Pune
https://www.cars24.com/buy-used-hyundai-creta-2018-cars-ahmedabad-11430870172/,2018 Hyundai Creta SX AT 1.6 PETROL,Hyundai,Creta,2018,SUV,Petrol,Automatic,720348,INR,48276,Cars24,21-09-2026,Ahmedabad
https://www.cars24.com/buy-used-hyundai-creta-2018-cars-bangalore-10221598196/,2018 Hyundai Creta SX AT 1.6 PETROL,Hyundai,Creta,2018,SUV,Petrol,Automatic,707117,INR,78403,Cars24,21-09-2026,Bangalore
https://www.cars24.com/buy-used-hyundai-creta-2018-cars-chennai-11303197157/,2018 Hyundai Creta E PLUS 1.6 PETROL,Hyundai,Creta,2018,SUV,Petrol,Manual,628117,INR,77559,Cars24,21-09-2026,Chennai
https://www.cars24.com/buy-used-hyundai-creta-2018-cars-gurgaon-10177974133/,2018 Hyundai Creta E PLUS 1.6 PETROL,Hyundai,Creta,2018,SUV,Petrol,Manual,526397,INR,47676,Cars24,21-09-2026,Gurgaon
https://www.cars24.com/buy-used-hyundai-creta-2018-cars-indore-12887973150/,2018 Hyundai Creta E PLUS 1.4 DIESEL,Hyundai,Creta,2018,SUV,Diesel,Manual,625840,INR,83052,Cars24,21-09-2026,Indore
https://www.cars24.com/buy-used-hyundai-creta-2018-cars-kolkata-21190293107/,2018 Hyundai Creta E PLUS 1.6 PETROL,Hyundai,Creta,2018,SUV,Petrol,Manual,434957,INR,75582,Cars24,21-09-2026,Kolkata
https://www.cars24.com/buy-used-hyundai-creta-2018-cars-lucknow-13254270188/,2018 Hyundai Creta SX (O) 1.6 PETROL,Hyundai,Creta,2018,SUV,Petrol,Manual,635157,INR,42010,Cars24,21-09-2026,Lucknow
https://www.cars24.com/buy-used-hyundai-creta-2019-cars-ahmedabad-13620298133/,2019 Hyundai Creta EX 1.6 PETROL,Hyundai,Creta,2019,SUV,Petrol,Manual,559167,INR,62101,Cars24,21-09-2026,Ahmedabad
https://www.cars24.com/buy-used-hyundai-creta-2019-cars-jaipur-10773796184/,2019 Hyundai Creta E PLUS 1.6 PETROL,Hyundai,Creta,2019,SUV,Petrol,Manual,627117,INR,98563,Cars24,21-09-2026,Jaipur
https://www.cars24.com/buy-used-hyundai-creta-2019-cars-lucknow-13232991117/,2019 Hyundai Creta S AT 1.6 DIESEL,Hyundai,Creta,2019,SUV,Diesel,Automatic,644840,INR,106211,Cars24,21-09-2026,Lucknow
https://www.cars24.com/buy-used-hyundai-creta-2019-cars-patna-14409171119/,2019 Hyundai Creta SX AT 1.6 PETROL,Hyundai,Creta,2019,SUV,Petrol,Automatic,766840,INR,79705,Cars24,21-09-2026,Patna
https://www.cars24.com/buy-used-hyundai-creta-2019-cars-pune-10694177124/,2019 Hyundai Creta SX AT 1.6 PETROL,Hyundai,Creta,2019,SUV,Petrol,Automatic,806445,INR,39829,Cars24,21-09-2026,Pune
https://www.cars24.com/buy-used-hyundai-creta-2020-cars-lucknow-13277893149/,2020 Hyundai Creta SX 1.4 TURBO DCT,Hyundai,Creta,2020,SUV,Petrol,Automatic,874920,INR,60219,Cars24,21-09-2026,Lucknow
https://www.cars24.com/buy-used-hyundai-creta-2020-cars-noida-10594072189/,2020 Hyundai Creta SX (O) AT 1.5 DIESEL,Hyundai,Creta,2020,SUV,Diesel,Automatic,875920,INR,137256,Cars24,21-09-2026,Noida
https://www.cars24.com/buy-used-hyundai-creta-2020-cars-pune-10667771139/,2020 Hyundai Creta SX (O) IVT 1.5 PETROL,Hyundai,Creta,2020,SUV,CNG,Automatic,1159001,INR,62539,Cars24,21-09-2026,Pune
https://www.cars24.com/buy-used-hyundai-creta-2021-cars-coimbatore-11302198154/,2021 Hyundai Creta SX (O) 1.5 DIESEL,Hyundai,Creta,2021,SUV,Diesel,Manual,889920,INR,116722,Cars24,21-09-2026,Coimbatore
https://www.cars24.com/buy-used-hyundai-creta-2021-cars-coimbatore-16996091123/,2021 Hyundai Creta SX 1.5 DIESEL,Hyundai,Creta,2021,SUV,Diesel,Manual,1019920,INR,89756,Cars24,21-09-2026,Coimbatore
https://www.cars24.com/buy-used-hyundai-creta-2021-cars-gurgaon-14728271199/,2021 Hyundai Creta SX EXECUTIVE 1.5 PETROL,Hyundai,Creta,2021,SUV,Petrol,Manual,939920,INR,53393,Cars24,21-09-2026,Gurgaon
https://www.cars24.com/buy-used-hyundai-creta-2021-cars-indore-14664476116/,2021 Hyundai Creta SX (O) 1.4 TURBO DCT,Hyundai,Creta,2021,SUV,Petrol,Automatic,1343100,INR,70854,Cars24,21-09-2026,Indore
https://www.cars24.com/buy-used-hyundai-creta-2021-cars-kolkata-11911666724/,2021 Hyundai Creta SX EXECUTIVE 1.5 PETROL,Hyundai,Creta,2021,SUV,Petrol,Manual,733172,INR,81926,Cars24,21-09-2026,Kolkata
https://www.cars24.com/buy-used-hyundai-creta-2021-cars-patna-14424392161/,2021 Hyundai Creta SX (O) AT 1.5 DIESEL,Hyundai,Creta,2021,SUV,Diesel,Automatic,967920,INR,100034,Cars24,21-09-2026,Patna
https://www.cars24.com/buy-used-hyundai-creta-2022-cars-chandigarh-10060277118/,2022 Hyundai Creta SX 1.5 PETROL,Hyundai,Creta,2022,SUV,Petrol,Manual,1055462,INR,39918,Cars24,21-09-2026,Chandigarh
https://www.cars24.com/buy-used-hyundai-creta-2022-cars-coimbatore-31217178176/,2022 Hyundai Creta SX (O) 1.4 TURBO DCT,Hyundai,Creta,2022,SUV,Petrol,Automatic,1139100,INR,67958,Cars24,21-09-2026,Coimbatore
https://www.cars24.com/buy-used-hyundai-creta-2022-cars-jaipur-10749078181/,2022 Hyundai Creta S IMT 1.5 PETROL,Hyundai,Creta,2022,SUV,Petrol,Manual,932716,INR,59948,Cars24,21-09-2026,Jaipur
https://www.cars24.com/buy-used-hyundai-creta-2022-cars-kolkata-11902791125/,2022 Hyundai Creta EX 1.5 DIESEL,Hyundai,Creta,2022,SUV,Diesel,Manual,756636,INR,72452,Cars24,21-09-2026,Kolkata
https://www.cars24.com/buy-used-hyundai-creta-2022-cars-noida-10534591103/,2022 Hyundai Creta SX (O) 1.4 TURBO DCT,Hyundai,Creta,2022,SUV,Petrol,Automatic,1083367,INR,51444,Cars24,21-09-2026,Noida
https://www.cars24.com/buy-used-hyundai-creta-2023-cars-gurgaon-10172777119/,2023 Hyundai Creta EX 1.5 PETROL,Hyundai,Creta,2023,SUV,Petrol,Manual,826840,INR,60679,Cars24,21-09-2026,Gurgaon
https://www.cars24.com/buy-used-hyundai-creta-2023-cars-jaipur-10022199133/,2023 Hyundai Creta EX 1.5 PETROL,Hyundai,Creta,2023,SUV,Petrol,Manual,910796,INR,22168,Cars24,21-09-2026,Jaipur
https://www.cars24.com/buy-used-hyundai-creta-2023-cars-kolkata-11915875154/,2023 Hyundai Creta SX (O) IVT 1.5 PETROL,Hyundai,Creta,2023,SUV,Petrol,Automatic,1091896,INR,54884,Cars24,21-09-2026,Kolkata
https://www.cars24.com/buy-used-hyundai-creta-2023-cars-kolkata-11962479196/,2023 Hyundai Creta S PLUS KNIGHT 1.5 PETROL,Hyundai,Creta,2023,SUV,Petrol,Manual,998716,INR,20284,Cars24,21-09-2026,Kolkata
https://www.cars24.com/buy-used-hyundai-creta-2024-cars-lucknow-13204975175/,2024 Hyundai Creta SX 1.5 PETROL,Hyundai,Creta,2024,SUV,Petrol,Manual,1170100,INR,17085,Cars24,21-09-2026,Lucknow
https://www.cars24.com/buy-used-hyundai-creta-2024-cars-lucknow-13257776190/,2024 Hyundai Creta SX 1.5 PETROL,Hyundai,Creta,2024,SUV,Petrol,Manual,1221100,INR,21437,Cars24,21-09-2026,Lucknow
https://www.cars24.com/buy-used-hyundai-elite-i20-2014-cars-indore-12893763760/,2014 Hyundai Elite i20 MAGNA 1.2,Hyundai,Elite i20,2014,Hatchback,CNG,Manual,271140,INR,107011,Cars24,21-09-2026,Indore
https://www.cars24.com/buy-used-hyundai-elite-i20-2014-cars-lucknow-13246474152/,2014 Hyundai Elite i20 ASTA 1.2,Hyundai,Elite i20,2014,Hatchback,Petrol,Manual,305789,INR,57993,Cars24,21-09-2026,Lucknow
https://www.cars24.com/buy-used-hyundai-elite-i20-2014-cars-lucknow-13266195180/,2014 Hyundai Elite i20 SPORTZ 1.4 (O) CRDI,Hyundai,Elite i20,2014,Hatchback,Diesel,Manual,368684,INR,82817,Cars24,21-09-2026,Lucknow
https://www.cars24.com/buy-used-hyundai-elite-i20-2014-cars-vadodara-11468198101/,2014 Hyundai Elite i20 MAGNA 1.2,Hyundai,Elite i20,2014,Hatchback,Petrol,Manual,304640,INR,63542,Cars24,21-09-2026,Vadodara
https://www.cars24.com/buy-used-hyundai-elite-i20-2015-cars-noida-10025690148/,2015 Hyundai Elite i20 MAGNA 1.2,Hyundai,Elite i20,2015,Hatchback,Petrol,Manual,288936,INR,48802,Cars24,21-09-2026,Noida
https://www.cars24.com/buy-used-hyundai-elite-i20-2015-cars-noida-10029375186/,2015 Hyundai Elite i20 SPORTZ 1.2,Hyundai,Elite i20,2015,Hatchback,Petrol,Manual,265936,INR,78107,Cars24,21-09-2026,Noida
https://www.cars24.com/buy-used-hyundai-elite-i20-2015-cars-pune-10630274189/,2015 Hyundai Elite i20 SPORTZ 1.2,Hyundai,Elite i20,2015,Hatchback,Petrol,Manual,438680,INR,68066,Cars24,21-09-2026,Pune
https://www.cars24.com/buy-used-hyundai-elite-i20-2016-cars-bangalore-10865671192/,2016 Hyundai Elite i20 ASTA 1.2 (O),Hyundai,Elite i20,2016,Hatchback,Petrol,Manual,466376,INR,97005,Cars24,21-09-2026,Bangalore
https://www.cars24.com/buy-used-hyundai-elite-i20-2016-cars-bhopal-14673973121/,2016 Hyundai Elite i20 SPORTZ 1.2,Hyundai,Elite i20,2016,Hatchback,Petrol,Manual,380000,INR,64113,Cars24,21-09-2026,Bhopal
https://www.cars24.com/buy-used-hyundai-elite-i20-2016-cars-ghaziabad-13844495189/,2016 Hyundai Elite i20 SPORTZ 1.4 CRDI,Hyundai,Elite i20,2016,Hatchback,Diesel,Manual,368320,INR,83703,Cars24,21-09-2026,Ghaziabad
https://www.cars24.com/buy-used-hyundai-elite-i20-2016-cars-gurgaon-29148293121/,2016 Hyundai Elite i20 ASTA 1.2 (O),Hyundai,Elite i20,2016,Hatchback,Petrol,Manual,273936,INR,102703,Cars24,21-09-2026,Gurgaon
https://www.cars24.com/buy-used-hyundai-elite-i20-2016-cars-hyderabad-10403877186/,2016 Hyundai Elite i20 ASTA 1.2,Hyundai,Elite i20,2016,Hatchback,Petrol,Manual,467800,INR,115119,Cars24,21-09-2026,Hyderabad
https://www.cars24.com/buy-used-hyundai-elite-i20-2016-cars-hyderabad-10425372182/,2016 Hyundai Elite i20 SPORTZ 1.2,Hyundai,Elite i20,2016,Hatchback,Petrol,Manual,394296,INR,148306,Cars24,21-09-2026,Hyderabad
https://www.cars24.com/buy-used-hyundai-elite-i20-2016-cars-indore-12828495167/,2016 Hyundai Elite i20 MAGNA 1.2,Hyundai,Elite i20,2016,Hatchback,Petrol,Manual,312000,INR,100684,Cars24,21-09-2026,Indore
https://www.cars24.com/buy-used-hyundai-elite-i20-2016-cars-lucknow-13209890129/,2016 Hyundai Elite i20 MAGNA 1.2,Hyundai,Elite i20,2016,Hatchback,Petrol,Manual,331636,INR,64435,Cars24,21-09-2026,Lucknow
https://www.cars24.com/buy-used-hyundai-elite-i20-2016-cars-mumbai-10398579112/,2016 Hyundai Elite i20 ASTA 1.2,Hyundai,Elite i20,2016,Hatchback,Petrol,Manual,401296,INR,61331,Cars24,21-09-2026,Mumbai
https://www.cars24.com/buy-used-hyundai-elite-i20-2016-cars-noida-10069678122/,2016 Hyundai Elite i20 SPORTZ 1.2,Hyundai,Elite i20,2016,Hatchback,CNG,Manual,300901,INR,149362,Cars24,21-09-2026,Noida
https://www.cars24.com/buy-used-hyundai-elite-i20-2016-cars-pune-10642676189/,2016 Hyundai Elite i20 SPORTZ 1.2,Hyundai,Elite i20,2016,Hatchback,Petrol,Manual,411032,INR,72768,Cars24,21-09-2026,Pune
https://www.cars24.com/buy-used-hyundai-elite-i20-2017-cars-bangalore-10869876186/,2017 Hyundai Elite i20 MAGNA EXECUTIVE 1.2,Hyundai,Elite i20,2017,Hatchback,Petrol,Manual,495338,INR,63307,Cars24,21-09-2026,Bangalore
https://www.cars24.com/buy-used-hyundai-elite-i20-2017-cars-bhopal-14658678170/,2017 Hyundai Elite i20 SPORTZ 1.2,Hyundai,Elite i20,2017,Hatchback,Petrol,Manual,476760,INR,43213,Cars24,21-09-2026,Bhopal
https://www.cars24.com/buy-used-hyundai-elite-i20-2017-cars-hyderabad-10488773188/,2017 Hyundai Elite i20 SPORTZ 1.2,Hyundai,Elite i20,2017,Hatchback,Petrol,Manual,467376,INR,57809,Cars24,21-09-2026,Hyderabad
https://www.cars24.com/buy-used-hyundai-elite-i20-2017-cars-kolkata-10043097156/,2017 Hyundai Elite i20 ASTA 1.2,Hyundai,Elite i20,2017,Hatchback,Petrol,Manual,367116,INR,63937,Cars24,21-09-2026,Kolkata
https://www.cars24.com/buy-used-hyundai-elite-i20-2017-cars-kolkata-11917171155/,2017 Hyundai Elite i20 SPORTZ 1.2,Hyundai,Elite i20,2017,Hatchback,Petrol,Manual,413296,INR,36497,Cars24,21-09-2026,Kolkata
https://www.cars24.com/buy-used-hyundai-elite-i20-2017-cars-kolkata-11975976197/,2017 Hyundai Elite i20 SPORTZ 1.2,Hyundai,Elite i20,2017,Hatchback,Petrol,Manual,393500,INR,44926,Cars24,21-09-2026,Kolkata
https://www.cars24.com/buy-used-hyundai-elite-i20-2017-cars-lucknow-15904196192/,2017 Hyundai Elite i20 MAGNA 1.4 CRDI,Hyundai,Elite i20,2017,Hatchback,Diesel,Manual,366320,INR,99173,Cars24,21-09-2026,Lucknow
https://www.cars24.com/buy-used-hyundai-elite-i20-2017-cars-new-delhi-11224775119/,2017 Hyundai Elite i20 SPORTZ 1.2,Hyundai,Elite i20,2017,Hatchback,Petrol,Manual,393615,INR,43581,Cars24,21-09-2026,New Delhi
https://www.cars24.com/buy-used-hyundai-elite-i20-2017-cars-patna-14497995163/,2017 Hyundai Elite i20 ASTA 1.2 (O),Hyundai,Elite i20,2017,Hatchback,Petrol,Manual,459580,INR,39293,Cars24,21-09-2026,Patna
https://www.cars24.com/buy-used-hyundai-elite-i20-2017-cars-pune-12384373157/,2017 Hyundai Elite i20 ASTA 1.2,Hyundai,Elite i20,2017,Hatchback,Petrol,Manual,467376,INR,49662,Cars24,21-09-2026,Pune
https://www.cars24.com/buy-used-hyundai-elite-i20-2018-cars-ahmedabad-25470262709/,2018 Hyundai Elite i20 ASTA 1.2,Hyundai,Elite i20,2018,Hatchback,CNG,Manual,357942,INR,94049,Cars24,21-09-2026,Ahmedabad
https://www.cars24.com/buy-used-hyundai-elite-i20-2018-cars-bangalore-10225071180/,2018 Hyundai Elite i20 ASTA 1.2 DUAL TONE,Hyundai,Elite i20,2018,Hatchback,Petrol,Manual,559480,INR,66092,Cars24,21-09-2026,Bangalore
https://www.cars24.com/buy-used-hyundai-elite-i20-2018-cars-chennai-11395576189/,2018 Hyundai Elite i20 SPORTZ 1.2,Hyundai,Elite i20,2018,Hatchback,Petrol,Manual,524120,INR,78126,Cars24,21-09-2026,Chennai
https://www.cars24.com/buy-used-hyundai-elite-i20-2018-cars-coimbatore-11339398109/,2018 Hyundai Elite i20 ASTA 1.2  CVT,Hyundai,Elite i20,2018,Hatchback,Petrol,Automatic,590660,INR,67201,Cars24,21-09-2026,Coimbatore
https://www.cars24.com/buy-used-hyundai-elite-i20-2018-cars-coimbatore-13713472195/,2018 Hyundai Elite i20 ASTA 1.2 (O),Hyundai,Elite i20,2018,Hatchback,Petrol,Manual,549300,INR,50724,Cars24,21-09-2026,Coimbatore
https://www.cars24.com/buy-used-hyundai-elite-i20-2018-cars-hyderabad-10404779183/,2018 Hyundai Elite i20 ASTA 1.2,Hyundai,Elite i20,2018,Hatchback,Petrol,Manual,546300,INR,57279,Cars24,21-09-2026,Hyderabad
https://www.cars24.com/buy-used-hyundai-elite-i20-2018-cars-indore-12890176136/,2018 Hyundai Elite i20 MAGNA EXECUTIVE 1.4 CRDI,Hyundai,Elite i20,2018,Hatchback,Diesel,Manual,516764,INR,44430,Cars24,21-09-2026,Indore
https://www.cars24.com/buy-used-hyundai-elite-i20-2018-cars-lucknow-13299477119/,2018 Hyundai Elite i20 SPORTZ 1.2,Hyundai,Elite i20,2018,Hatchback,Petrol,Manual,408296,INR,81531,Cars24,21-09-2026,Lucknow
https://www.cars24.com/buy-used-hyundai-elite-i20-2018-cars-pune-10651696182/,2018 Hyundai Elite i20 ASTA 1.2,Hyundai,Elite i20,2018,Hatchback,Petrol,Manual,436980,INR,68142,Cars24,21-09-2026,Pune
https://www.cars24.com/buy-used-hyundai-elite-i20-2018-cars-pune-12333090101/,2018 Hyundai Elite i20 MAGNA EXECUTIVE 1.2,Hyundai,Elite i20,2018,Hatchback,Petrol,Manual,349936,INR,78869,Cars24,21-09-2026,Pune
https://www.cars24.com/buy-used-hyundai-elite-i20-2018-cars-vadodara-13541797120/,2018 Hyundai Elite i20 ASTA 1.2  CVT,Hyundai,Elite i20,2018,Hatchback,Petrol,Automatic,503488,INR,37135,Cars24,21-09-2026,Vadodara
https://www.cars24.com/buy-used-hyundai-elite-i20-2019-cars-ahmedabad-11455272133/,2019 Hyundai Elite i20 MAGNA PLUS 1.4 CRDI,Hyundai,Elite i20,2019,Hatchback,Diesel,Manual,544300,INR,79819,Cars24,21-09-2026,Ahmedabad
https://www.cars24.com/buy-used-hyundai-elite-i20-2019-cars-bhopal-14674974129/,2019 Hyundai Elite i20 MAGNA PLUS 1.2,Hyundai,Elite i20,2019,Hatchback,Petrol,Manual,440000,INR,107210,Cars24,21-09-2026,Bhopal
https://www.cars24.com/buy-used-hyundai-elite-i20-2019-cars-chennai-11335372120/,2019 Hyundai Elite i20 MAGNA PLUS 1.2,Hyundai,Elite i20,2019,Hatchback,Petrol,Manual,432330,INR,71961,Cars24,21-09-2026,Chennai
https://www.cars24.com/buy-used-hyundai-elite-i20-2019-cars-chennai-11367274134/,2019 Hyundai Elite i20 MAGNA PLUS 1.2,Hyundai,Elite i20,2019,Hatchback,Petrol,Manual,526292,INR,46267,Cars24,21-09-2026,Chennai
https://www.cars24.com/buy-used-hyundai-elite-i20-2019-cars-hyderabad-10407277176/,2019 Hyundai Elite i20 ASTA 1.2 (O),Hyundai,Elite i20,2019,Hatchback,Petrol,Manual,494736,INR,84524,Cars24,21-09-2026,Hyderabad
https://www.cars24.com/buy-used-hyundai-elite-i20-2019-cars-hyderabad-10466678191/,2019 Hyundai Elite i20 ASTA (O) CVT,Hyundai,Elite i20,2019,Hatchback,Petrol,Automatic,574276,INR,49800,Cars24,21-09-2026,Hyderabad
https://www.cars24.com/buy-used-hyundai-elite-i20-2019-cars-lucknow-13238374185/,2019 Hyundai Elite i20 MAGNA PLUS 1.2,Hyundai,Elite i20,2019,Hatchback,Petrol,Manual,364936,INR,137603,Cars24,21-09-2026,Lucknow
https://www.cars24.com/buy-used-hyundai-elite-i20-2019-cars-noida-46758779187/,2019 Hyundai Elite i20 MAGNA PLUS 1.4 CRDI,Hyundai,Elite i20,2019,Hatchback,Diesel,Manual,454599,INR,89300,Cars24,21-09-2026,Noida
https://www.cars24.com/buy-used-hyundai-elite-i20-2019-cars-patna-33711196166/,2019 Hyundai Elite i20 ASTA 1.2 (O),Hyundai,Elite i20,2019,Hatchback,Petrol,Manual,527120,INR,48369,Cars24,21-09-2026,Patna
https://www.cars24.com/buy-used-hyundai-elite-i20-2019-cars-surat-13580972176/,2019 Hyundai Elite i20 ASTA 1.2 (O),Hyundai,Elite i20,2019,Hatchback,Petrol,Manual,612742,INR,48980,Cars24,21-09-2026,Surat
https://www.cars24.com/buy-used-hyundai-elite-i20-2020-cars-coimbatore-30998174118/,2020 Hyundai Elite i20 MAGNA PLUS 1.2,Hyundai,Elite i20,2020,Hatchback,Petrol,Manual,557000,INR,63869,Cars24,21-09-2026,Coimbatore
https://www.cars24.com/buy-used-hyundai-elite-i20-2020-cars-hyderabad-10425975135/,2020 Hyundai Elite i20 SPORTZ PLUS 1.2,Hyundai,Elite i20,2020,Hatchback,Petrol,Manual,549096,INR,33541,Cars24,21-09-2026,Hyderabad
https://www.cars24.com/buy-used-hyundai-elite-i20-2020-cars-lucknow-13247675180/,2020 Hyundai Elite i20 SPORTZ PLUS 1.2,Hyundai,Elite i20,2020,Hatchback,Petrol,Manual,423476,INR,112106,Cars24,21-09-2026,Lucknow
https://www.cars24.com/buy-used-hyundai-elite-i20-2020-cars-pune-12399376172/,2020 Hyundai Elite i20 SPORTZ PLUS 1.2,Hyundai,Elite i20,2020,Hatchback,Petrol,Manual,504736,INR,59631,Cars24,21-09-2026,Pune
https://www.cars24.com/buy-used-hyundai-elite-i20-2020-cars-rajkot-25709861797/,2020 Hyundai Elite i20 SPORTZ PLUS 1.2,Hyundai,Elite i20,2020,Hatchback,Petrol,Manual,509524,INR,75407,Cars24,21-09-2026,Rajkot
https://www.cars24.com/buy-used-hyundai-eon-2012-cars-bhopal-14636775138/,2012 Hyundai Eon ERA +,Hyundai,Eon,2012,Hatchback,Petrol,Manual,160000,INR,99002,Cars24,21-09-2026,Bhopal
https://www.cars24.com/buy-used-hyundai-eon-2013-cars-bhopal-14674876195/,2013 Hyundai Eon ERA +,Hyundai,Eon,2013,Hatchback,Petrol,Manual,110000,INR,63551,Cars24,21-09-2026,Bhopal
https://www.cars24.com/buy-used-hyundai-eon-2013-cars-kolkata-21129677111/,2013 Hyundai Eon MAGNA +,Hyundai,Eon,2013,Hatchback,Petrol,Manual,143614,INR,15610,Cars24,21-09-2026,Kolkata
https://www.cars24.com/buy-used-hyundai-eon-2013-cars-vadodara-13650694179/,2013 Hyundai Eon ERA +,Hyundai,Eon,2013,Hatchback,Petrol,Manual,134114,INR,81244,Cars24,21-09-2026,Vadodara
https://www.cars24.com/buy-used-hyundai-eon-2014-cars-ahmedabad-11448395130/,2014 Hyundai Eon ERA +,Hyundai,Eon,2014,Hatchback,Petrol,Manual,149114,INR,72782,Cars24,21-09-2026,Ahmedabad
https://www.cars24.com/buy-used-hyundai-eon-2014-cars-ahmedabad-20664673118/,2014 Hyundai Eon D-LITE+,Hyundai,Eon,2014,Hatchback,CNG,Manual,222640,INR,76913,Cars24,21-09-2026,Ahmedabad
https://www.cars24.com/buy-used-hyundai-eon-2014-cars-chandigarh-10933072150/,2014 Hyundai Eon ERA +,Hyundai,Eon,2014,Hatchback,Petrol,Manual,191122,INR,85846,Cars24,21-09-2026,Chandigarh
https://www.cars24.com/buy-used-hyundai-eon-2014-cars-indore-15744574114/,2014 Hyundai Eon ERA +,Hyundai,Eon,2014,Hatchback,Petrol,Manual,213140,INR,53535,Cars24,21-09-2026,Indore
https://www.cars24.com/buy-used-hyundai-eon-2014-cars-jaipur-10782499133/,2014 Hyundai Eon MAGNA +,Hyundai,Eon,2014,Hatchback,Petrol,Manual,163140,INR,93524,Cars24,21-09-2026,Jaipur
https://www.cars24.com/buy-used-hyundai-eon-2014-cars-kolkata-11974990164/,2014 Hyundai Eon D-LITE+,Hyundai,Eon,2014,Hatchback,Petrol,Manual,161614,INR,61445,Cars24,21-09-2026,Kolkata
https://www.cars24.com/buy-used-hyundai-eon-2015-cars-bhopal-14607575159/,2015 Hyundai Eon D-LITE+,Hyundai,Eon,2015,Hatchback,Petrol,Manual,210000,INR,46207,Cars24,21-09-2026,Bhopal
https://www.cars24.com/buy-used-hyundai-eon-2015-cars-chennai-11301799180/,2015 Hyundai Eon ERA +,Hyundai,Eon,2015,Hatchback,Petrol,Manual,237614,INR,51121,Cars24,21-09-2026,Chennai
https://www.cars24.com/buy-used-hyundai-eon-2015-cars-indore-12810073110/,2015 Hyundai Eon ERA +,Hyundai,Eon,2015,Hatchback,Petrol,Manual,204140,INR,64643,Cars24,21-09-2026,Indore
https://www.cars24.com/buy-used-hyundai-eon-2015-cars-indore-12875973193/,2015 Hyundai Eon D-LITE+,Hyundai,Eon,2015,Hatchback,Petrol,Manual,210140,INR,93636,Cars24,21-09-2026,Indore
https://www.cars24.com/buy-used-hyundai-eon-2015-cars-jaipur-10720979192/,2015 Hyundai Eon MAGNA +,Hyundai,Eon,2015,Hatchback,Petrol,Manual,187614,INR,48496,Cars24,21-09-2026,Jaipur
https://www.cars24.com/buy-used-hyundai-eon-2015-cars-jaipur-10782774182/,2015 Hyundai Eon ERA +,Hyundai,Eon,2015,Hatchback,Petrol,Manual,186140,INR,46664,Cars24,21-09-2026,Jaipur
https://www.cars24.com/buy-used-hyundai-eon-2015-cars-kolkata-11908873191/,2015 Hyundai Eon D-LITE+,Hyundai,Eon,2015,Hatchback,Petrol,Manual,164140,INR,35967,Cars24,21-09-2026,Kolkata
https://www.cars24.com/buy-used-hyundai-eon-2016-cars-ambala-19480670124/,2016 Hyundai Eon ERA +,Hyundai,Eon,2016,Hatchback,Petrol,Manual,195000,INR,78747,Cars24,21-09-2026,Ambala
https://www.cars24.com/buy-used-hyundai-eon-2016-cars-bhopal-14657979124/,2016 Hyundai Eon ERA +,Hyundai,Eon,2016,Hatchback,Petrol,Manual,170000,INR,59686,Cars24,21-09-2026,Bhopal
https://www.cars24.com/buy-used-hyundai-eon-2016-cars-chandigarh-23334796148/,2016 Hyundai Eon MAGNA +,Hyundai,Eon,2016,Hatchback,Petrol,Manual,217614,INR,53554,Cars24,21-09-2026,Chandigarh
https://www.cars24.com/buy-used-hyundai-eon-2016-cars-chennai-11374771181/,2016 Hyundai Eon SPORTZ,Hyundai,Eon,2016,Hatchback,Petrol,Manual,288140,INR,55220,Cars24,21-09-2026,Chennai
https://www.cars24.com/buy-used-hyundai-eon-2016-cars-indore-15317472170/,2016 Hyundai Eon ERA +,Hyundai,Eon,2016,Hatchback,Petrol,Manual,189140,INR,39477,Cars24,21-09-2026,Indore
https://www.cars24.com/buy-used-hyundai-eon-2016-cars-vadodara-13613900785/,2016 Hyundai Eon ERA +,Hyundai,Eon,2016,Hatchback,Petrol,Manual,194230,INR,26864,Cars24,21-09-2026,Vadodara
https://www.cars24.com/buy-used-hyundai-eon-2016-cars-vadodara-13617894128/,2016 Hyundai Eon ERA +,Hyundai,Eon,2016,Hatchback,Petrol,Manual,192114,INR,56389,Cars24,21-09-2026,Vadodara
https://www.cars24.com/buy-used-hyundai-eon-2017-cars-coimbatore-16230890107/,2017 Hyundai Eon ERA +,Hyundai,Eon,2017,Hatchback,Petrol,Manual,274140,INR,71500,Cars24,21-09-2026,Coimbatore
https://www.cars24.com/buy-used-hyundai-eon-2017-cars-vadodara-13665297104/,2017 Hyundai Eon ERA +,Hyundai,Eon,2017,Hatchback,Petrol,Manual,215640,INR,70872,Cars24,21-09-2026,Vadodara
https://www.cars24.com/buy-used-hyundai-eon-2017-cars-visakhapatnam-12211296102/,2017 Hyundai Eon ERA PLUS (O),Hyundai,Eon,2017,Hatchback,Petrol,Manual,221140,INR,51537,Cars24,21-09-2026,Visakhapatnam
https://www.cars24.com/buy-used-hyundai-exter-2024-cars-bhopal-14612270119/,2024 Hyundai EXTER SX 1.2 MT Hy-CNG Duo ,Hyundai,EXTER,2024,Hatchback,CNG,Manual,731840,INR,24039,Cars24,21-09-2026,Bhopal
https://www.cars24.com/buy-used-hyundai-grand-i10-2013-cars-vadodara-13629979174/,2013 Hyundai Grand i10 MAGNA 1.2 KAPPA VTVT,Hyundai,Grand i10,2013,Hatchback,Petrol,Manual,228436,INR,93400,Cars24,21-09-2026,Vadodara
https://www.cars24.com/buy-used-hyundai-grand-i10-2014-cars-bangalore-23676671117/,2014 Hyundai Grand i10 ASTA (O) 1.2 KAPPA VTVT,Hyundai,Grand i10,2014,Hatchback,Petrol,Manual,406296,INR,71270,Cars24,21-09-2026,Bangalore
https://www.cars24.com/buy-used-hyundai-grand-i10-2014-cars-bhopal-14692479129/,2014 Hyundai Grand i10 ASTA 1.1 CRDI (O),Hyundai,Grand i10,2014,Hatchback,Diesel,Manual,244500,INR,101317,Cars24,21-09-2026,Bhopal
https://www.cars24.com/buy-used-hyundai-grand-i10-2014-cars-jaipur-26241892159/,2014 Hyundai Grand i10 SPORTZ 1.2 KAPPA VTVT,Hyundai,Grand i10,2014,Hatchback,Petrol,Manual,275936,INR,85186,Cars24,21-09-2026,Jaipur
https://www.cars24.com/buy-used-hyundai-grand-i10-2014-cars-kochi-17834363748/,2014 Hyundai Grand i10 SPORTZ 1.2 KAPPA VTVT,Hyundai,Grand i10,2014,Hatchback,Petrol,Manual,335936,INR,89117,Cars24,21-09-2026,Kochi
https://www.cars24.com/buy-used-hyundai-grand-i10-2014-cars-kolkata-11926596168/,2014 Hyundai Grand i10 SPORTZ 1.2 KAPPA VTVT,Hyundai,Grand i10,2014,Hatchback,Petrol,Manual,246140,INR,49752,Cars24,21-09-2026,Kolkata
https://www.cars24.com/buy-used-hyundai-grand-i10-2014-cars-mumbai-10312295185/,2014 Hyundai Grand i10 SPORTZ 1.2 KAPPA VTVT,Hyundai,Grand i10,2014,Hatchback,Petrol,Manual,204140,INR,62833,Cars24,21-09-2026,Mumbai
https://www.cars24.com/buy-used-hyundai-grand-i10-2014-cars-mumbai-10355277187/,2014 Hyundai Grand i10 SPORTZ 1.2 KAPPA VTVT,Hyundai,Grand i10,2014,Hatchback,Petrol,Manual,221140,INR,34817,Cars24,21-09-2026,Mumbai
https://www.cars24.com/buy-used-hyundai-grand-i10-2014-cars-mumbai-10364473185/,2014 Hyundai Grand i10 ASTA 1.2 KAPPA VTVT,Hyundai,Grand i10,2014,Hatchback,Petrol,Manual,321140,INR,53568,Cars24,21-09-2026,Mumbai
https://www.cars24.com/buy-used-hyundai-grand-i10-2014-cars-vadodara-13682877194/,2014 Hyundai Grand i10 ASTA AT 1.2 KAPPA VTVT,Hyundai,Grand i10,2014,Hatchback,CNG,Automatic,263436,INR,101786,Cars24,21-09-2026,Vadodara
https://www.cars24.com/buy-used-hyundai-grand-i10-2015-cars-ahmedabad-11427470115/,2015 Hyundai Grand i10 SPORTZ 1.2 KAPPA VTVT,Hyundai,Grand i10,2015,Hatchback,Petrol,Manual,331296,INR,69750,Cars24,21-09-2026,Ahmedabad
https://www.cars24.com/buy-used-hyundai-grand-i10-2015-cars-mumbai-10316475134/,2015 Hyundai Grand i10 ASTA AT 1.2 KAPPA VTVT,Hyundai,Grand i10,2015,Hatchback,Petrol,Automatic,322976,INR,28156,Cars24,21-09-2026,Mumbai
https://www.cars24.com/buy-used-hyundai-grand-i10-2015-cars-mumbai-10344094152/,2015 Hyundai Grand i10 SPORTZ 1.2 KAPPA VTVT,Hyundai,Grand i10,2015,Hatchback,Petrol,Manual,211936,INR,72224,Cars24,21-09-2026,Mumbai
https://www.cars24.com/buy-used-hyundai-grand-i10-2015-cars-mumbai-10388170153/,2015 Hyundai Grand i10 SPORTZ 1.2 KAPPA VTVT,Hyundai,Grand i10,2015,Hatchback,Petrol,Manual,249936,INR,42442,Cars24,21-09-2026,Mumbai
https://www.cars24.com/buy-used-hyundai-grand-i10-2015-cars-pune-12917679175/,2015 Hyundai Grand i10 SPORTZ 1.2 KAPPA VTVT,Hyundai,Grand i10,2015,Hatchback,Petrol,Manual,334140,INR,70319,Cars24,21-09-2026,Pune
https://www.cars24.com/buy-used-hyundai-grand-i10-2015-cars-surat-13519770121/,2015 Hyundai Grand i10 SPORTZ 1.2 KAPPA VTVT,Hyundai,Grand i10,2015,Hatchback,Petrol,Manual,310640,INR,101520,Cars24,21-09-2026,Surat
https://www.cars24.com/buy-used-hyundai-grand-i10-2015-cars-vadodara-13588876188/,2015 Hyundai Grand i10 SPORTZ 1.2 KAPPA VTVT,Hyundai,Grand i10,2015,Hatchback,Petrol,Manual,300640,INR,99381,Cars24,21-09-2026,Vadodara
https://www.cars24.com/buy-used-hyundai-grand-i10-2015-cars-vadodara-13600198157/,2015 Hyundai Grand i10 SPORTZ 1.1 CRDI,Hyundai,Grand i10,2015,Hatchback,Diesel,Manual,317436,INR,97607,Cars24,21-09-2026,Vadodara
https://www.cars24.com/buy-used-hyundai-grand-i10-2015-cars-vadodara-13628574151/,2015 Hyundai Grand i10 SPORTZ 1.2 KAPPA VTVT,Hyundai,Grand i10,2015,Hatchback,Petrol,Manual,286903,INR,94228,Cars24,21-09-2026,Vadodara
https://www.cars24.com/buy-used-hyundai-grand-i10-2016-cars-ahmedabad-11486806768/,2016 Hyundai Grand i10 SPORTZ 1.2 KAPPA VTVT,Hyundai,Grand i10,2016,Hatchback,Petrol,Manual,371616,INR,74448,Cars24,21-09-2026,Ahmedabad
https://www.cars24.com/buy-used-hyundai-grand-i10-2016-cars-bangalore-10269673134/,2016 Hyundai Grand i10 ASTA (O) AT 1.2 KAPPA VTVT,Hyundai,Grand i10,2016,Hatchback,Petrol,Automatic,522566,INR,25610,Cars24,21-09-2026,Bangalore
https://www.cars24.com/buy-used-hyundai-grand-i10-2016-cars-bangalore-13193777158/,2016 Hyundai Grand i10 MAGNA AT 1.2 KAPPA VTVT,Hyundai,Grand i10,2016,Hatchback,Petrol,Automatic,390088,INR,50690,Cars24,21-09-2026,Bangalore
https://www.cars24.com/buy-used-hyundai-grand-i10-2016-cars-chandigarh-10055668714/,2016 Hyundai Grand i10 ASTA (O) 1.2 KAPPA VTVT,Hyundai,Grand i10,2016,Hatchback,Petrol,Manual,320936,INR,23427,Cars24,21-09-2026,Chandigarh
https://www.cars24.com/buy-used-hyundai-grand-i10-2016-cars-chandigarh-11637972183/,2016 Hyundai Grand i10 SPORTZ 1.2 KAPPA VTVT,Hyundai,Grand i10,2016,Hatchback,Petrol,Manual,290140,INR,79210,Cars24,21-09-2026,Chandigarh
https://www.cars24.com/buy-used-hyundai-grand-i10-2016-cars-chennai-11369773152/,2016 Hyundai Grand i10 SPORTZ 1.2 KAPPA VTVT,Hyundai,Grand i10,2016,Hatchback,Petrol,Manual,341140,INR,132524,Cars24,21-09-2026,Chennai
https://www.cars24.com/buy-used-hyundai-grand-i10-2016-cars-chennai-11391074139/,2016 Hyundai Grand i10 MAGNA 1.2 KAPPA VTVT,Hyundai,Grand i10,2016,Hatchback,Petrol,Manual,389500,INR,22587,Cars24,21-09-2026,Chennai
https://www.cars24.com/buy-used-hyundai-grand-i10-2016-cars-coimbatore-13763292118/,2016 Hyundai Grand i10 SPORTZ 1.2 KAPPA VTVT,Hyundai,Grand i10,2016,Hatchback,Petrol,Manual,379320,INR,69517,Cars24,21-09-2026,Coimbatore
https://www.cars24.com/buy-used-hyundai-grand-i10-2016-cars-jaipur-10771274189/,2016 Hyundai Grand i10 MAGNA 1.2 KAPPA VTVT,Hyundai,Grand i10,2016,Hatchback,CNG,Manual,355041,INR,122836,Cars24,21-09-2026,Jaipur
https://www.cars24.com/buy-used-hyundai-grand-i10-2016-cars-noida-10563276132/,2016 Hyundai Grand i10 MAGNA 1.2 KAPPA VTVT,Hyundai,Grand i10,2016,Hatchback,Petrol,Manual,238936,INR,112100,Cars24,21-09-2026,Noida
https://www.cars24.com/buy-used-hyundai-grand-i10-2016-cars-noida-11210397136/,2016 Hyundai Grand i10 MAGNA 1.2 KAPPA VTVT,Hyundai,Grand i10,2016,Hatchback,Petrol,Manual,249809,INR,68906,Cars24,21-09-2026,Noida
https://www.cars24.com/buy-used-hyundai-grand-i10-2016-cars-surat-13531278179/,2016 Hyundai Grand i10 SPORTZ 1.2 KAPPA VTVT,Hyundai,Grand i10,2016,Hatchback,CNG,Manual,378676,INR,82396,Cars24,21-09-2026,Surat
https://www.cars24.com/buy-used-hyundai-grand-i10-2016-cars-surat-13533674118/,2016 Hyundai Grand i10 SPORTZ 1.2 KAPPA VTVT,Hyundai,Grand i10,2016,Hatchback,Petrol,Manual,373820,INR,87927,Cars24,21-09-2026,Surat
https://www.cars24.com/buy-used-hyundai-grand-i10-2016-cars-surat-13537370130/,2016 Hyundai Grand i10 ASTA (O) AT 1.2 KAPPA VTVT,Hyundai,Grand i10,2016,Hatchback,Petrol,Automatic,414382,INR,52515,Cars24,21-09-2026,Surat
https://www.cars24.com/buy-used-hyundai-grand-i10-2016-cars-surat-13554574116/,2016 Hyundai Grand i10 MAGNA 1.2 KAPPA VTVT,Hyundai,Grand i10,2016,Hatchback,CNG,Manual,362496,INR,61270,Cars24,21-09-2026,Surat
https://www.cars24.com/buy-used-hyundai-grand-i10-2016-cars-surat-13580370150/,2016 Hyundai Grand i10 SPORTZ 1.2 KAPPA VTVT,Hyundai,Grand i10,2016,Hatchback,Petrol,Manual,360436,INR,28932,Cars24,21-09-2026,Surat
https://www.cars24.com/buy-used-hyundai-grand-i10-2016-cars-vadodara-13642170173/,2016 Hyundai Grand i10 ASTA AT 1.2 KAPPA VTVT,Hyundai,Grand i10,2016,Hatchback,CNG,Automatic,305640,INR,102658,Cars24,21-09-2026,Vadodara
https://www.cars24.com/buy-used-hyundai-grand-i10-2017-cars-ahmedabad-11406396108/,2017 Hyundai Grand i10 SPORTZ (O) 1.2 U2 CRDI,Hyundai,Grand i10,2017,Hatchback,Diesel,Manual,364436,INR,64980,Cars24,21-09-2026,Ahmedabad
https://www.cars24.com/buy-used-hyundai-grand-i10-2017-cars-ahmedabad-11411073137/,2017 Hyundai Grand i10 SPORTZ (O) 1.2 KAPPA VTVT,Hyundai,Grand i10,2017,Hatchback,Petrol,Manual,403796,INR,42910,Cars24,21-09-2026,Ahmedabad
https://www.cars24.com/buy-used-hyundai-grand-i10-2017-cars-ahmedabad-15042490191/,2017 Hyundai Grand i10 SPORTZ (O) 1.2 U2 CRDI,Hyundai,Grand i10,2017,Hatchback,Diesel,Manual,289436,INR,94190,Cars24,21-09-2026,Ahmedabad
https://www.cars24.com/buy-used-hyundai-grand-i10-2017-cars-ahmedabad-21352573199/,2017 Hyundai Grand i10 SPORTZ 1.2 KAPPA VTVT,Hyundai,Grand i10,2017,Hatchback,Petrol,Manual,371616,INR,40561,Cars24,21-09-2026,Ahmedabad
https://www.cars24.com/buy-used-hyundai-grand-i10-2017-cars-chennai-11369677133/,2017 Hyundai Grand i10 SPORTZ (O) 1.2 KAPPA VTVT,Hyundai,Grand i10,2017,Hatchback,Petrol,Manual,411097,INR,86181,Cars24,21-09-2026,Chennai
https://www.cars24.com/buy-used-hyundai-grand-i10-2017-cars-gurgaon-27249476174/,2017 Hyundai Grand i10 MAGNA 1.2 KAPPA VTVT,Hyundai,Grand i10,2017,Hatchback,Petrol,Manual,235140,INR,96071,Cars24,21-09-2026,Gurgaon
https://www.cars24.com/buy-used-hyundai-grand-i10-2017-cars-karnal-18534574173/,2017 Hyundai Grand i10 MAGNA 1.2 KAPPA VTVT,Hyundai,Grand i10,2017,Hatchback,Petrol,Manual,304856,INR,35336,Cars24,21-09-2026,Karnal
https://www.cars24.com/buy-used-hyundai-grand-i10-2017-cars-kochi-13039974185/,2017 Hyundai Grand i10 SPORTZ (O) 1.2 KAPPA VTVT,Hyundai,Grand i10,2017,Hatchback,Petrol,Manual,424680,INR,41988,Cars24,21-09-2026,Kochi
https://www.cars24.com/buy-used-hyundai-grand-i10-2017-cars-mohali-10980875124/,2017 Hyundai Grand i10 SPORTZ U2 1.2 CRDI,Hyundai,Grand i10,2017,Hatchback,Diesel,Manual,230000,INR,116217,Cars24,21-09-2026,Mohali
https://www.cars24.com/buy-used-hyundai-grand-i10-2017-cars-nagpur-12327578111/,2017 Hyundai Grand i10 MAGNA U2 1.2 CRDI,Hyundai,Grand i10,2017,Hatchback,Diesel,Manual,232000,INR,98574,Cars24,21-09-2026,Nagpur
https://www.cars24.com/buy-used-hyundai-grand-i10-2018-cars-bangalore-32039574113/,2018 Hyundai Grand i10 SPORTZ 1.2 KAPPA VTVT,Hyundai,Grand i10,2018,Hatchback,Petrol,Manual,450212,INR,25047,Cars24,21-09-2026,Bangalore
https://www.cars24.com/buy-used-hyundai-grand-i10-2018-cars-chandigarh-11024275157/,2018 Hyundai Grand i10 MAGNA 1.2 KAPPA VTVT,Hyundai,Grand i10,2018,Hatchback,Petrol,Manual,322981,INR,58002,Cars24,21-09-2026,Chandigarh
https://www.cars24.com/buy-used-hyundai-grand-i10-2018-cars-chandigarh-11609895141/,2018 Hyundai Grand i10 MAGNA 1.2 KAPPA VTVT,Hyundai,Grand i10,2018,Hatchback,Petrol,Manual,279140,INR,123155,Cars24,21-09-2026,Chandigarh
https://www.cars24.com/buy-used-hyundai-grand-i10-2018-cars-mumbai-10390976117/,2018 Hyundai Grand i10 MAGNA 1.2 KAPPA VTVT,Hyundai,Grand i10,2018,Hatchback,Petrol,Manual,318936,INR,91748,Cars24,21-09-2026,Mumbai
https://www.cars24.com/buy-used-hyundai-grand-i10-2018-cars-surat-13500872138/,2018 Hyundai Grand i10 MAGNA 1.2 KAPPA VTVT,Hyundai,Grand i10,2018,Hatchback,CNG,Manual,387776,INR,47927,Cars24,21-09-2026,Surat
https://www.cars24.com/buy-used-hyundai-grand-i10-2018-cars-surat-13502278117/,2018 Hyundai Grand i10 MAGNA 1.2 KAPPA VTVT,Hyundai,Grand i10,2018,Hatchback,Petrol,Manual,378820,INR,36935,Cars24,21-09-2026,Surat
https://www.cars24.com/buy-used-hyundai-grand-i10-2018-cars-surat-13502474117/,2018 Hyundai Grand i10 MAGNA 1.2 KAPPA VTVT,Hyundai,Grand i10,2018,Hatchback,Petrol,Manual,352890,INR,40007,Cars24,21-09-2026,Surat
https://www.cars24.com/buy-used-hyundai-grand-i10-2018-cars-surat-13515375115/,2018 Hyundai Grand i10 MAGNA 1.2 KAPPA VTVT,Hyundai,Grand i10,2018,Hatchback,Petrol,Manual,339436,INR,58572,Cars24,21-09-2026,Surat
https://www.cars24.com/buy-used-hyundai-grand-i10-2019-cars-ahmedabad-14286697128/,2019 Hyundai Grand i10 SPORTZ 1.2 KAPPA VTVT,Hyundai,Grand i10,2019,Hatchback,CNG,Manual,426265,INR,78097,Cars24,21-09-2026,Ahmedabad
https://www.cars24.com/buy-used-hyundai-grand-i10-2019-cars-bangalore-10205272170/,2019 Hyundai Grand i10 SPORTZ 1.2 KAPPA VTVT,Hyundai,Grand i10,2019,Hatchback,Petrol,Manual,462376,INR,30228,Cars24,21-09-2026,Bangalore
https://www.cars24.com/buy-used-hyundai-grand-i10-2019-cars-bangalore-10809074181/,2019 Hyundai Grand i10 MAGNA AT 1.2 KAPPA VTVT,Hyundai,Grand i10,2019,Hatchback,Petrol,Automatic,473760,INR,69311,Cars24,21-09-2026,Bangalore
https://www.cars24.com/buy-used-hyundai-grand-i10-2019-cars-bangalore-11129577152/,2019 Hyundai Grand i10 MAGNA 1.2 KAPPA VTVT,Hyundai,Grand i10,2019,Hatchback,Petrol,Manual,416296,INR,58721,Cars24,21-09-2026,Bangalore
https://www.cars24.com/buy-used-hyundai-grand-i10-2019-cars-chandigarh-11611099163/,2019 Hyundai Grand i10 SPORTZ 1.2 KAPPA VTVT,Hyundai,Grand i10,2019,Hatchback,Petrol,Manual,368320,INR,28229,Cars24,21-09-2026,Chandigarh
https://www.cars24.com/buy-used-hyundai-grand-i10-2019-cars-ghaziabad-10589470152/,2019 Hyundai Grand i10 SPORTZ 1.2 KAPPA VTVT,Hyundai,Grand i10,2019,Hatchback,Petrol,Manual,350672,INR,49478,Cars24,21-09-2026,Ghaziabad
https://www.cars24.com/buy-used-hyundai-grand-i10-2019-cars-kochi-13041577150/,2019 Hyundai Grand i10 MAGNA 1.2 KAPPA VTVT,Hyundai,Grand i10,2019,Hatchback,Petrol,Manual,410296,INR,49188,Cars24,21-09-2026,Kochi
https://www.cars24.com/buy-used-hyundai-grand-i10-2020-cars-hyderabad-10479774137/,2020 Hyundai Grand i10 SPORTZ 1.2 KAPPA VTVT,Hyundai,Grand i10,2020,Hatchback,Petrol,Manual,536300,INR,42552,Cars24,21-09-2026,Hyderabad
https://www.cars24.com/buy-used-hyundai-grand-i10-2020-cars-surat-10065396111/,2020 Hyundai Grand i10 SPORTZ 1.2 KAPPA VTVT,Hyundai,Grand i10,2020,Hatchback,CNG,Manual,411298,INR,49375,Cars24,21-09-2026,Surat
https://www.cars24.com/buy-used-hyundai-grand-i10-nios-2020-cars-pune-10614773180/,2020 Hyundai GRAND I10 NIOS SPORTZ AMT 1.2 KAPPA VTVT,Hyundai,GRAND I10 NIOS,2020,Hatchback,Petrol,Automatic,501736,INR,45230,Cars24,21-09-2026,Pune
https://www.cars24.com/buy-used-hyundai-grand-i10-nios-2021-cars-indore-15358478113/,2021 Hyundai GRAND I10 NIOS SPORTZ 1.2 KAPPA VTVT,Hyundai,GRAND I10 NIOS,2021,Hatchback,Petrol,Manual,465580,INR,52286,Cars24,21-09-2026,Indore
https://www.cars24.com/buy-used-hyundai-grand-i10-nios-2021-cars-noida-11272370171/,2021 Hyundai GRAND I10 NIOS SPORTZ U2 1.2 CRDI,Hyundai,GRAND I10 NIOS,2021,Hatchback,Diesel,Manual,430680,INR,119797,Cars24,21-09-2026,Noida
https://www.cars24.com/buy-used-hyundai-grand-i10-nios-2022-cars-chandigarh-10549975191/,2022 Hyundai GRAND I10 NIOS SPORTZ AMT 1.2 KAPPA VTVT,Hyundai,GRAND I10 NIOS,2022,Hatchback,Petrol,Automatic,547096,INR,15559,Cars24,21-09-2026,Chandigarh
https://www.cars24.com/buy-used-hyundai-grand-i10-nios-2022-cars-coimbatore-13769374137/,2022 Hyundai GRAND I10 NIOS SPORTZ AMT 1.2 KAPPA VTVT,Hyundai,GRAND I10 NIOS,2022,Hatchback,Petrol,Automatic,670796,INR,26766,Cars24,21-09-2026,Coimbatore
https://www.cars24.com/buy-used-hyundai-grand-i10-nios-2022-cars-indore-15758974136/,2022 Hyundai GRAND I10 NIOS SPORTZ AMT 1.2 KAPPA VTVT,Hyundai,GRAND I10 NIOS,2022,Hatchback,Petrol,Automatic,485112,INR,50604,Cars24,21-09-2026,Indore
https://www.cars24.com/buy-used-hyundai-grand-i10-nios-2022-cars-kochi-13011570134/,2022 Hyundai GRAND I10 NIOS ASTA 1.2 KAPPA VTVT,Hyundai,GRAND I10 NIOS,2022,Hatchback,Petrol,Manual,546941,INR,32056,Cars24,21-09-2026,Kochi
https://www.cars24.com/buy-used-hyundai-grand-i10-nios-2022-cars-lucknow-20002275170/,2022 Hyundai GRAND I10 NIOS ASTA AMT 1.2 KAPPA VTVT,Hyundai,GRAND I10 NIOS,2022,Hatchback,Petrol,Automatic,604636,INR,24473,Cars24,21-09-2026,Lucknow
https://www.cars24.com/buy-used-hyundai-grand-i10-nios-2022-cars-rajkot-15086171150/,2022 Hyundai GRAND I10 NIOS SPORTZ AMT 1.2 KAPPA VTVT,Hyundai,GRAND I10 NIOS,2022,Hatchback,Petrol,Automatic,565300,INR,50062,Cars24,21-09-2026,Rajkot
https://www.cars24.com/buy-used-hyundai-grand-i10-nios-2023-cars-gurgaon-16332294167/,2023 Hyundai GRAND I10 NIOS SPORTZ 1.2 KAPPA VTVT,Hyundai,GRAND I10 NIOS,2023,Hatchback,Petrol,Manual,464376,INR,80228,Cars24,21-09-2026,Gurgaon
https://www.cars24.com/buy-used-hyundai-grand-i10-nios-2023-cars-noida-10566378113/,2023 Hyundai GRAND I10 NIOS ASTA AMT 1.2 KAPPA VTVT,Hyundai,GRAND I10 NIOS,2023,Hatchback,Petrol,Automatic,562480,INR,60849,Cars24,21-09-2026,Noida
https://www.cars24.com/buy-used-hyundai-grand-i10-nios-2023-cars-patna-14415097139/,2023 Hyundai GRAND I10 NIOS ASTA 1.2 KAPPA VTVT,Hyundai,GRAND I10 NIOS,2023,Hatchback,Petrol,Manual,558276,INR,25365,Cars24,21-09-2026,Patna
https://www.cars24.com/buy-used-hyundai-grand-i10-nios-2024-cars-bhopal-14652772196/,2024 Hyundai GRAND I10 NIOS SPORTZ 1.2 KAPPA VTVT,Hyundai,GRAND I10 NIOS,2024,Hatchback,Petrol,Manual,582660,INR,12644,Cars24,21-09-2026,Bhopal
https://www.cars24.com/buy-used-hyundai-grand-i10-nios-2026-cars-coimbatore-30938873187/,2026 Hyundai GRAND I10 NIOS SPORTZ 1.2 KAPPA VTVT,Hyundai,GRAND I10 NIOS,2026,Hatchback,Petrol,Manual,745140,INR,3832,Cars24,21-09-2026,Coimbatore
https://www.cars24.com/buy-used-hyundai-i10-2011-cars-bhopal-14616070183/,2011 Hyundai i10 MAGNA 1.1,Hyundai,i10,2011,Hatchback,Petrol,Manual,160000,INR,64851,Cars24,21-09-2026,Bhopal
https://www.cars24.com/buy-used-hyundai-i10-2011-cars-bhopal-14683179155/,2011 Hyundai i10 ERA 1.1,Hyundai,i10,2011,Hatchback,Petrol,Manual,135000,INR,102096,Cars24,21-09-2026,Bhopal
https://www.cars24.com/buy-used-hyundai-i10-2012-cars-bhopal-14672070182/,2012 Hyundai i10 ERA 1.1 LPG,Hyundai,i10,2012,Hatchback,Petrol,Manual,148000,INR,46999,Cars24,21-09-2026,Bhopal
https://www.cars24.com/buy-used-hyundai-i10-2012-cars-patna-14402973121/,2012 Hyundai i10 MAGNA 1.2,Hyundai,i10,2012,Hatchback,Petrol,Manual,160000,INR,56052,Cars24,21-09-2026,Patna
https://www.cars24.com/buy-used-hyundai-i10-2013-cars-chandigarh-13390493118/,2013 Hyundai i10 ERA 1.1,Hyundai,i10,2013,Hatchback,Petrol,Manual,178936,INR,83752,Cars24,21-09-2026,Chandigarh
https://www.cars24.com/buy-used-hyundai-i10-2013-cars-indore-12813500779/,2013 Hyundai i10 ERA 1.1,Hyundai,i10,2013,Hatchback,Petrol,Manual,182936,INR,86605,Cars24,21-09-2026,Indore
https://www.cars24.com/buy-used-hyundai-i10-2013-cars-indore-14650792165/,2013 Hyundai i10 ERA 1.1,Hyundai,i10,2013,Hatchback,Petrol,Manual,200140,INR,103603,Cars24,21-09-2026,Indore
https://www.cars24.com/buy-used-hyundai-i10-2013-cars-indore-14654662750/,2013 Hyundai i10 ERA 1.1,Hyundai,i10,2013,Hatchback,Petrol,Manual,174936,INR,63826,Cars24,21-09-2026,Indore
https://www.cars24.com/buy-used-hyundai-i10-2013-cars-kochi-27187575174/,2013 Hyundai i10 MAGNA 1.2,Hyundai,i10,2013,Hatchback,Petrol,Manual,235140,INR,47338,Cars24,21-09-2026,Kochi
https://www.cars24.com/buy-used-hyundai-i10-2013-cars-vadodara-13677473173/,2013 Hyundai i10 MAGNA 1.1,Hyundai,i10,2013,Hatchback,Petrol,Manual,191236,INR,46755,Cars24,21-09-2026,Vadodara
https://www.cars24.com/buy-used-hyundai-i10-2014-cars-bhopal-14699576170/,2014 Hyundai i10 MAGNA 1.1,Hyundai,i10,2014,Hatchback,Petrol,Manual,185000,INR,85103,Cars24,21-09-2026,Bhopal
https://www.cars24.com/buy-used-hyundai-i10-2014-cars-coimbatore-11396792135/,2014 Hyundai i10 SPORTZ 1.1,Hyundai,i10,2014,Hatchback,Petrol,Manual,286936,INR,69256,Cars24,21-09-2026,Coimbatore
https://www.cars24.com/buy-used-hyundai-i10-2014-cars-indore-14695894189/,2014 Hyundai i10 MAGNA 1.1,Hyundai,i10,2014,Hatchback,Petrol,Manual,237936,INR,54866,Cars24,21-09-2026,Indore
https://www.cars24.com/buy-used-hyundai-i10-2014-cars-vadodara-13573969749/,2014 Hyundai i10 MAGNA 1.1,Hyundai,i10,2014,Hatchback,Petrol,Manual,162436,INR,95450,Cars24,21-09-2026,Vadodara
https://www.cars24.com/buy-used-hyundai-i10-2015-cars-kochi-13024972193/,2015 Hyundai i10 MAGNA 1.1,Hyundai,i10,2015,Hatchback,Petrol,Manual,273936,INR,77729,Cars24,21-09-2026,Kochi
https://www.cars24.com/buy-used-hyundai-i10-2015-cars-nagpur-12373476137/,2015 Hyundai i10 SPORTZ 1.1,Hyundai,i10,2015,Hatchback,Petrol,Manual,250000,INR,43362,Cars24,21-09-2026,Nagpur
https://www.cars24.com/buy-used-hyundai-i10-2016-cars-bhopal-14685872175/,2016 Hyundai i10 MAGNA 1.1,Hyundai,i10,2016,Hatchback,Petrol,Manual,223936,INR,122922,Cars24,21-09-2026,Bhopal
https://www.cars24.com/buy-used-hyundai-i10-2017-cars-indore-12842273156/,2017 Hyundai i10 MAGNA 1.2,Hyundai,i10,2017,Hatchback,Petrol,Manual,449580,INR,27131,Cars24,21-09-2026,Indore
https://www.cars24.com/buy-used-hyundai-i20-2010-cars-nagpur-12374675138/,2010 Hyundai i20 SPORTZ 1.2,Hyundai,i20,2010,Hatchback,Petrol,Manual,150000,INR,47796,Cars24,21-09-2026,Nagpur
https://www.cars24.com/buy-used-hyundai-i20-2011-cars-bhopal-14640274193/,2011 Hyundai i20 SPORTZ 1.2,Hyundai,i20,2011,Hatchback,Petrol,Manual,110000,INR,93400,Cars24,21-09-2026,Bhopal
https://www.cars24.com/buy-used-hyundai-i20-2012-cars-bhopal-14631670134/,2012 Hyundai i20 ASTA 1.4 CRDI,Hyundai,i20,2012,Hatchback,Diesel,Manual,170000,INR,71653,Cars24,21-09-2026,Bhopal
https://www.cars24.com/buy-used-hyundai-i20-2012-cars-bhopal-14698771110/,2012 Hyundai i20 ASTA 1.4 CRDI,Hyundai,i20,2012,Hatchback,Diesel,Manual,160000,INR,111085,Cars24,21-09-2026,Bhopal
https://www.cars24.com/buy-used-hyundai-i20-2012-cars-gurgaon-13962561728/,2012 Hyundai i20 MAGNA (O) 1.2,Hyundai,i20,2012,Hatchback,Petrol,Manual,167936,INR,99074,Cars24,21-09-2026,Gurgaon
https://www.cars24.com/buy-used-hyundai-i20-2012-cars-nagpur-12374970132/,2012 Hyundai i20 MAGNA (O) 1.2,Hyundai,i20,2012,Hatchback,Petrol,Manual,198000,INR,77096,Cars24,21-09-2026,Nagpur
https://www.cars24.com/buy-used-hyundai-i20-2013-cars-nagpur-12395376196/,2013 Hyundai i20 MAGNA 1.2,Hyundai,i20,2013,Hatchback,Petrol,Manual,230000,INR,70700,Cars24,21-09-2026,Nagpur
https://www.cars24.com/buy-used-hyundai-i20-2013-cars-patna-34831399173/,2013 Hyundai i20 SPORTZ 1.2,Hyundai,i20,2013,Hatchback,Petrol,Manual,223936,INR,24188,Cars24,21-09-2026,Patna
https://www.cars24.com/buy-used-hyundai-i20-2013-cars-vadodara-13680977190/,2013 Hyundai i20 MAGNA (O) 1.2,Hyundai,i20,2013,Hatchback,CNG,Manual,234496,INR,100510,Cars24,21-09-2026,Vadodara
https://www.cars24.com/buy-used-hyundai-i20-2014-cars-indore-31119075185/,2014 Hyundai i20 SPORTZ 1.2,Hyundai,i20,2014,Hatchback,Petrol,Manual,270140,INR,53467,Cars24,21-09-2026,Indore
https://www.cars24.com/buy-used-hyundai-i20-active-2016-cars-nagpur-12378670180/,2016 Hyundai i20 Active 1.4 SX,Hyundai,i20 Active,2016,Hatchback,Diesel,Manual,525000,INR,61210,Cars24,21-09-2026,Nagpur
https://www.cars24.com/buy-used-hyundai-i20-active-2016-cars-patna-14482498107/,2016 Hyundai i20 Active 1.4 SX,Hyundai,i20 Active,2016,Hatchback,Diesel,Manual,348140,INR,66099,Cars24,21-09-2026,Patna
https://www.cars24.com/buy-used-hyundai-i20-active-2017-cars-kolkata-16227474157/,2017 Hyundai i20 Active 1.2 SX DUAL TONE,Hyundai,i20 Active,2017,Hatchback,Petrol,Manual,451580,INR,85755,Cars24,21-09-2026,Kolkata
https://www.cars24.com/buy-used-hyundai-i20-active-2017-cars-patna-33790174172/,2017 Hyundai i20 Active 1.2 SX,Hyundai,i20 Active,2017,Hatchback,Petrol,Manual,420476,INR,44191,Cars24,21-09-2026,Patna
https://www.cars24.com/buy-used-hyundai-i20-active-2019-cars-patna-14460673184/,2019 Hyundai i20 Active 1.2 S,Hyundai,i20 Active,2019,Hatchback,Petrol,Manual,484556,INR,62549,Cars24,21-09-2026,Patna
https://www.cars24.com/buy-used-hyundai-new-elantra-2021-cars-patna-10122791156/,2021 Hyundai New Elantra 2.0 SX MT PETROL,Hyundai,New Elantra,2021,Sedan,Petrol,Manual,829117,INR,78625,Cars24,21-09-2026,Patna
https://www.cars24.com/buy-used-hyundai-new-i20-2020-cars-noida-13323173195/,2020 Hyundai NEW I20 ASTA 1.0 GDI TURBO DCT,Hyundai,NEW I20,2020,Hatchback,Petrol,Automatic,515594,INR,84778,Cars24,21-09-2026,Noida
https://www.cars24.com/buy-used-hyundai-new-i20-2020-cars-patna-14462677139/,2020 Hyundai NEW I20 MAGNA 1.2 MT,Hyundai,NEW I20,2020,Hatchback,Petrol,Manual,516916,INR,33822,Cars24,21-09-2026,Patna
https://www.cars24.com/buy-used-hyundai-new-i20-2021-cars-jaipur-10712176193/,2021 Hyundai NEW I20 SPORTZ 1.2 AT,Hyundai,NEW I20,2021,Hatchback,Petrol,Automatic,526916,INR,41775,Cars24,21-09-2026,Jaipur
https://www.cars24.com/buy-used-hyundai-new-i20-2021-cars-kochi-13070574111/,2021 Hyundai NEW I20 Asta 1.0 GDI Turbo IMT,Hyundai,NEW I20,2021,Hatchback,Petrol,Manual,602840,INR,54749,Cars24,21-09-2026,Kochi
https://www.cars24.com/buy-used-hyundai-new-i20-2021-cars-kolkata-11950874199/,2021 Hyundai NEW I20 Asta 1.0 GDI Turbo IMT,Hyundai,NEW I20,2021,Hatchback,Petrol,Manual,530639,INR,40054,Cars24,21-09-2026,Kolkata
https://www.cars24.com/buy-used-hyundai-new-i20-2021-cars-noida-10004896118/,2021 Hyundai NEW I20 SPORTZ 1.2 MT,Hyundai,NEW I20,2021,Hatchback,Petrol,Manual,452376,INR,86053,Cars24,21-09-2026,Noida
https://www.cars24.com/buy-used-hyundai-new-i20-2022-cars-bhopal-14695377130/,2022 Hyundai NEW I20 MAGNA 1.2 MT,Hyundai,NEW I20,2022,Hatchback,Petrol,Manual,550000,INR,8974,Cars24,21-09-2026,Bhopal
https://www.cars24.com/buy-used-hyundai-new-i20-2022-cars-chandigarh-11663777154/,2022 Hyundai NEW I20 ASTA 1.2 MT,Hyundai,NEW I20,2022,Hatchback,Petrol,Manual,574380,INR,60957,Cars24,21-09-2026,Chandigarh
https://www.cars24.com/buy-used-hyundai-new-i20-2022-cars-jaipur-10792876192/,2022 Hyundai NEW I20 Sportz 1.2 IVT,Hyundai,NEW I20,2022,Hatchback,Petrol,Automatic,553396,INR,50396,Cars24,21-09-2026,Jaipur
https://www.cars24.com/buy-used-hyundai-new-i20-2022-cars-patna-10290474197/,2022 Hyundai NEW I20 ASTA (O) 1.2 AT,Hyundai,NEW I20,2022,Hatchback,Petrol,Automatic,868716,INR,8598,Cars24,21-09-2026,Patna
https://www.cars24.com/buy-used-hyundai-new-i20-2022-cars-patna-14441277172/,2022 Hyundai NEW I20 Sportz 1.2 IVT,Hyundai,NEW I20,2022,Hatchback,Petrol,Automatic,658636,INR,20531,Cars24,21-09-2026,Patna
https://www.cars24.com/buy-used-hyundai-new-i20-2022-cars-patna-14477660744/,2022 Hyundai NEW I20 Sportz 1.2 IVT,Hyundai,NEW I20,2022,Hatchback,Petrol,Automatic,705636,INR,2609,Cars24,21-09-2026,Patna
https://www.cars24.com/buy-used-hyundai-new-i20-2022-cars-surat-13563976118/,2022 Hyundai NEW I20 ASTA (O) 1.2 MT,Hyundai,NEW I20,2022,Hatchback,Petrol,Manual,593956,INR,56632,Cars24,21-09-2026,Surat
https://www.cars24.com/buy-used-hyundai-new-i20-2024-cars-indore-15382297166/,2024 Hyundai NEW I20 ASTA (O) 1.2 MT,Hyundai,NEW I20,2024,Hatchback,Petrol,Manual,750840,INR,30484,Cars24,21-09-2026,Indore
https://www.cars24.com/buy-used-hyundai-new-i20-2025-cars-chandigarh-12980895189/,2025 Hyundai NEW I20 ASTA (O) 1.2 MT,Hyundai,NEW I20,2025,Hatchback,Petrol,Manual,731140,INR,10726,Cars24,21-09-2026,Chandigarh
https://www.cars24.com/buy-used-hyundai-new-i20-2025-cars-jaipur-10785079199/,2025 Hyundai NEW I20 SPORTZ 1.2 IVT,Hyundai,NEW I20,2025,Hatchback,Petrol,Automatic,730640,INR,10261,Cars24,21-09-2026,Jaipur
https://www.cars24.com/buy-used-hyundai-new-i20-2025-cars-kolkata-11948592190/,2025 Hyundai NEW I20 ASTA 1.2 MT,Hyundai,NEW I20,2025,Hatchback,Petrol,Manual,650140,INR,49110,Cars24,21-09-2026,Kolkata
https://www.cars24.com/buy-used-hyundai-new-i20-n-line-2021-cars-hyderabad-10461975135/,2021 Hyundai NEW I20 N LINE N8 1.0 TURBO GDI DCT DUAL TONE,Hyundai,NEW I20 N LINE,2021,Hatchback,Petrol,Automatic,832314,INR,45746,Cars24,21-09-2026,Hyderabad
https://www.cars24.com/buy-used-hyundai-new-santro-2019-cars-bhopal-12844494102/,2019 Hyundai NEW SANTRO ASTA MT,Hyundai,NEW SANTRO,2019,Hatchback,Petrol,Manual,381116,INR,11883,Cars24,21-09-2026,Bhopal
https://www.cars24.com/buy-used-hyundai-new-santro-2019-cars-jaipur-10705077193/,2019 Hyundai NEW SANTRO ERA EXECUTIVE,Hyundai,NEW SANTRO,2019,Hatchback,Petrol,Manual,260936,INR,106287,Cars24,21-09-2026,Jaipur
https://www.cars24.com/buy-used-hyundai-new-santro-2019-cars-kolkata-11913674187/,2019 Hyundai NEW SANTRO SPORTZ MT,Hyundai,NEW SANTRO,2019,Hatchback,Petrol,Manual,293936,INR,32329,Cars24,21-09-2026,Kolkata
https://www.cars24.com/buy-used-hyundai-new-santro-2020-cars-jaipur-10755474118/,2020 Hyundai NEW SANTRO SPORTZ MT,Hyundai,NEW SANTRO,2020,Hatchback,Petrol,Manual,356728,INR,95663,Cars24,21-09-2026,Jaipur
https://www.cars24.com/buy-used-hyundai-new-santro-2020-cars-kochi-13014375179/,2020 Hyundai NEW SANTRO MAGNA,Hyundai,NEW SANTRO,2020,Hatchback,Petrol,Manual,382116,INR,51631,Cars24,21-09-2026,Kochi
https://www.cars24.com/buy-used-hyundai-new-santro-2022-cars-new-delhi-32875179198/,2022 Hyundai NEW SANTRO ERA EXECUTIVE,Hyundai,NEW SANTRO,2022,Hatchback,Petrol,Manual,405690,INR,31722,Cars24,21-09-2026,New Delhi
https://www.cars24.com/buy-used-hyundai-santro-xing-2013-cars-chandigarh-12957473172/,2013 Hyundai Santro Xing GL PLUS,Hyundai,Santro Xing,2013,Hatchback,Petrol,Manual,186936,INR,53357,Cars24,21-09-2026,Chandigarh
https://www.cars24.com/buy-used-hyundai-tucson-2021-cars-lucknow-15578197100/,2021 Hyundai Tucson GLS 2WD AT DIESEL,Hyundai,Tucson,2021,SUV,Diesel,Automatic,1266377,INR,89717,Cars24,21-09-2026,Lucknow
https://www.cars24.com/buy-used-hyundai-venue-2019-cars-coimbatore-13731709782/,2019 Hyundai VENUE SX 1.4 CRDi DUAL TONE,Hyundai,VENUE,2019,SUV,Diesel,Manual,640840,INR,108240,Cars24,21-09-2026,Coimbatore
https://www.cars24.com/buy-used-hyundai-venue-2019-cars-lucknow-16076794131/,2019 Hyundai VENUE SX 1.0 (O) TURBO IMT,Hyundai,VENUE,2019,SUV,Petrol,Manual,629475,INR,16211,Cars24,21-09-2026,Lucknow
https://www.cars24.com/buy-used-hyundai-venue-2020-cars-chennai-11300193104/,2020 Hyundai VENUE SX 1.4 CRDI,Hyundai,VENUE,2020,SUV,Diesel,Manual,781840,INR,37288,Cars24,21-09-2026,Chennai
https://www.cars24.com/buy-used-hyundai-venue-2020-cars-coimbatore-11381871150/,2020 Hyundai VENUE SX 1.0 TURBO,Hyundai,VENUE,2020,SUV,Petrol,Manual,675840,INR,45066,Cars24,21-09-2026,Coimbatore
https://www.cars24.com/buy-used-hyundai-venue-2020-cars-jaipur-10011494163/,2020 Hyundai VENUE SX 1.0 TURBO,Hyundai,VENUE,2020,SUV,Petrol,Manual,593260,INR,76323,Cars24,21-09-2026,Jaipur
https://www.cars24.com/buy-used-hyundai-venue-2020-cars-patna-14499595169/,2020 Hyundai VENUE SX 1.5 CRDI,Hyundai,VENUE,2020,SUV,Diesel,Manual,592456,INR,126692,Cars24,21-09-2026,Patna
https://www.cars24.com/buy-used-hyundai-venue-2020-cars-vadodara-13580407771/,2020 Hyundai VENUE SX 1.5 CRDI,Hyundai,VENUE,2020,SUV,Diesel,Manual,623074,INR,103762,Cars24,21-09-2026,Vadodara
https://www.cars24.com/buy-used-hyundai-venue-2021-cars-bangalore-10808693130/,2021 Hyundai VENUE SX PLUS 1.0 TURBO DCT,Hyundai,VENUE,2021,SUV,Petrol,Automatic,773840,INR,55053,Cars24,21-09-2026,Bangalore
https://www.cars24.com/buy-used-hyundai-venue-2021-cars-chennai-11388675135/,2021 Hyundai VENUE SX PLUS 1.0 TURBO DCT,Hyundai,VENUE,2021,SUV,Petrol,Automatic,694840,INR,92737,Cars24,21-09-2026,Chennai
https://www.cars24.com/buy-used-hyundai-venue-2021-cars-coimbatore-11326891121/,2021 Hyundai VENUE S 1.0 TURBO IMT,Hyundai,VENUE,2021,SUV,Petrol,Manual,657840,INR,33659,Cars24,21-09-2026,Coimbatore
https://www.cars24.com/buy-used-hyundai-venue-2021-cars-coimbatore-13728976195/,2021 Hyundai VENUE SX (O) 1.5 CRDI,Hyundai,VENUE,2021,SUV,Diesel,Manual,777840,INR,61667,Cars24,21-09-2026,Coimbatore
https://www.cars24.com/buy-used-hyundai-venue-2021-cars-coimbatore-13740479139/,2021 Hyundai VENUE SX 1.0 (O) TURBO IMT,Hyundai,VENUE,2021,SUV,Petrol,Manual,705840,INR,51822,Cars24,21-09-2026,Coimbatore
https://www.cars24.com/buy-used-hyundai-venue-2021-cars-patna-14410796124/,2021 Hyundai VENUE S+ 1.2,Hyundai,VENUE,2021,SUV,Petrol,Manual,547096,INR,34021,Cars24,21-09-2026,Patna
https://www.cars24.com/buy-used-hyundai-venue-2021-cars-patna-14464192160/,2021 Hyundai VENUE SX 1.0 TURBO,Hyundai,VENUE,2021,SUV,Petrol,Manual,617314,INR,85266,Cars24,21-09-2026,Patna
https://www.cars24.com/buy-used-hyundai-venue-2021-cars-surat-13586670114/,2021 Hyundai VENUE SX 1.0 TURBO IMT,Hyundai,VENUE,2021,SUV,Petrol,Manual,675201,INR,53323,Cars24,21-09-2026,Surat
https://www.cars24.com/buy-used-hyundai-venue-2022-cars-bhopal-14632591160/,2022 Hyundai VENUE S 1.2,Hyundai,VENUE,2022,SUV,Petrol,Manual,671840,INR,31704,Cars24,21-09-2026,Bhopal
https://www.cars24.com/buy-used-hyundai-venue-2022-cars-bhopal-15735099108/,2022 Hyundai VENUE S 1.2,Hyundai,VENUE,2022,SUV,Petrol,Manual,681840,INR,20611,Cars24,21-09-2026,Bhopal
https://www.cars24.com/buy-used-hyundai-venue-2022-cars-chandigarh-11682192104/,2022 Hyundai VENUE S 1.2,Hyundai,VENUE,2022,SUV,Petrol,Manual,555480,INR,74132,Cars24,21-09-2026,Chandigarh
https://www.cars24.com/buy-used-hyundai-venue-2022-cars-coimbatore-11303775186/,2022 Hyundai VENUE SX (O) 1.5 CRDI,Hyundai,VENUE,2022,SUV,Diesel,Manual,890920,INR,88127,Cars24,21-09-2026,Coimbatore
https://www.cars24.com/buy-used-hyundai-venue-2022-cars-indore-15313078195/,2022 Hyundai VENUE SX 1.5 CRDI,Hyundai,VENUE,2022,SUV,Diesel,Manual,782840,INR,55380,Cars24,21-09-2026,Indore
https://www.cars24.com/buy-used-hyundai-venue-2022-cars-jaipur-10746878174/,2022 Hyundai VENUE SX 1.0 TURBO IMT,Hyundai,VENUE,2022,SUV,Petrol,Manual,683840,INR,57143,Cars24,21-09-2026,Jaipur
https://www.cars24.com/buy-used-hyundai-venue-2022-cars-kochi-13002390179/,2022 Hyundai VENUE SX 1.0 (O) TURBO IMT,Hyundai,VENUE,2022,SUV,Petrol,Manual,647840,INR,32806,Cars24,21-09-2026,Kochi
https://www.cars24.com/buy-used-hyundai-venue-2023-cars-chennai-11380477182/,2023 Hyundai VENUE SX (O) 1.0 TURBO DCT,Hyundai,VENUE,2023,SUV,Petrol,Automatic,1013920,INR,25087,Cars24,21-09-2026,Chennai
https://www.cars24.com/buy-used-hyundai-venue-2023-cars-indore-17284160723/,2023 Hyundai VENUE S 1.2,Hyundai,VENUE,2023,SUV,Petrol,Manual,711840,INR,42595,Cars24,21-09-2026,Indore
https://www.cars24.com/buy-used-hyundai-venue-2023-cars-surat-13536070116/,2023 Hyundai VENUE SX 1.2 KNIGHT EDITION,Hyundai,VENUE,2023,SUV,Petrol,Manual,798324,INR,47586,Cars24,21-09-2026,Surat
https://www.cars24.com/buy-used-hyundai-venue-2024-cars-bhopal-14632077154/,2024 Hyundai VENUE S (O) 1.0 Turbo Petrol DCT,Hyundai,VENUE,2024,SUV,Petrol,Automatic,1175100,INR,3657,Cars24,21-09-2026,Bhopal
https://www.cars24.com/buy-used-hyundai-venue-2024-cars-chennai-11373571188/,2024 Hyundai VENUE SX 1.2 KNIGHT EDITION,Hyundai,VENUE,2024,SUV,Petrol,Manual,904920,INR,53192,Cars24,21-09-2026,Chennai
https://www.cars24.com/buy-used-hyundai-venue-2024-cars-noida-13852890130/,2024 Hyundai VENUE S (O) 1.0 Turbo Petrol DCT,Hyundai,VENUE,2024,SUV,Petrol,Automatic,847840,INR,42902,Cars24,21-09-2026,Noida
https://www.cars24.com/buy-used-hyundai-venue-2025-cars-chandigarh-12980193148/,2025 Hyundai VENUE S 1.2,Hyundai,VENUE,2025,SUV,Petrol,Manual,816140,INR,5634,Cars24,21-09-2026,Chandigarh
https://www.cars24.com/buy-used-hyundai-venue-2025-cars-indore-15723976111/,2025 Hyundai VENUE S (O) 1.0 Turbo Petrol DCT,Hyundai,VENUE,2025,SUV,Petrol,Automatic,859320,INR,38176,Cars24,21-09-2026,Indore
https://www.cars24.com/buy-used-hyundai-venue-n-line-2022-cars-jaipur-10778498105/,2022 Hyundai VENUE N LINE N6 1.0 TURBO DCT,Hyundai,VENUE N LINE,2022,SUV,Petrol,Automatic,860740,INR,37171,Cars24,21-09-2026,Jaipur
https://www.cars24.com/buy-used-hyundai-venue-n-line-2022-cars-jaipur-11877377198/,2022 Hyundai VENUE N LINE N8 1.0 TURBO DCT DUAL TONE,Hyundai,VENUE N LINE,2022,SUV,Petrol,Automatic,849314,INR,64452,Cars24,21-09-2026,Jaipur
https://www.cars24.com/buy-used-hyundai-verna-2013-cars-mumbai-10358796107/,2013 Hyundai Verna FLUIDIC 1.6 VTVT SX AT,Hyundai,Verna,2013,Sedan,Petrol,Automatic,312417,INR,52214,Cars24,21-09-2026,Mumbai
https://www.cars24.com/buy-used-hyundai-verna-2013-cars-mumbai-10390394102/,2013 Hyundai Verna FLUIDIC 1.4 VTVT,Hyundai,Verna,2013,Sedan,Petrol,Manual,289936,INR,65653,Cars24,21-09-2026,Mumbai
https://www.cars24.com/buy-used-hyundai-verna-2013-cars-pune-10616566726/,2013 Hyundai Verna FLUIDIC 1.6 VTVT SX OPT AT,Hyundai,Verna,2013,Sedan,Petrol,Automatic,333417,INR,80267,Cars24,21-09-2026,Pune
https://www.cars24.com/buy-used-hyundai-verna-2013-cars-surat-13543777139/,2013 Hyundai Verna FLUIDIC 1.6 VTVT SX,Hyundai,Verna,2013,Sedan,Petrol,Manual,354570,INR,90220,Cars24,21-09-2026,Surat
https://www.cars24.com/buy-used-hyundai-verna-2014-cars-pune-10688893110/,2014 Hyundai Verna FLUIDIC 1.4 VTVT CX,Hyundai,Verna,2014,Sedan,Petrol,Manual,328936,INR,72374,Cars24,21-09-2026,Pune
https://www.cars24.com/buy-used-hyundai-verna-2015-cars-new-delhi-10040067760/,2015 Hyundai Verna FLUIDIC 4S 1.6 VTVT SX,Hyundai,Verna,2015,Sedan,Petrol,Manual,344897,INR,77678,Cars24,21-09-2026,New Delhi
https://www.cars24.com/buy-used-hyundai-verna-2015-cars-noida-19702192124/,2015 Hyundai Verna FLUIDIC 4S 1.6 VTVT S,Hyundai,Verna,2015,Sedan,Petrol,Manual,292417,INR,74570,Cars24,21-09-2026,Noida
https://www.cars24.com/buy-used-hyundai-verna-2015-cars-pune-10309092181/,2015 Hyundai Verna 1.6 VTVT S AT,Hyundai,Verna,2015,Sedan,Petrol,Automatic,395837,INR,65532,Cars24,21-09-2026,Pune
https://www.cars24.com/buy-used-hyundai-verna-2015-cars-pune-10694375134/,2015 Hyundai Verna FLUIDIC 4S1.6 VTVT S O AT,Hyundai,Verna,2015,Sedan,Petrol,Automatic,474816,INR,77585,Cars24,21-09-2026,Pune
https://www.cars24.com/buy-used-hyundai-verna-2015-cars-surat-13540898177/,2015 Hyundai Verna FLUIDIC 1.6 CRDI S(O) 4S,Hyundai,Verna,2015,Sedan,Diesel,Manual,435557,INR,92692,Cars24,21-09-2026,Surat
https://www.cars24.com/buy-used-hyundai-verna-2016-cars-noida-10102671199/,2016 Hyundai Verna FLUIDIC 4S 1.4 VTVT,Hyundai,Verna,2016,Sedan,Petrol,Manual,352540,INR,62339,Cars24,21-09-2026,Noida
https://www.cars24.com/buy-used-hyundai-verna-2016-cars-patna-14418595154/,2016 Hyundai Verna 1.6 VTVT SX,Hyundai,Verna,2016,Sedan,Petrol,Manual,484037,INR,54654,Cars24,21-09-2026,Patna
https://www.cars24.com/buy-used-hyundai-verna-2017-cars-ahmedabad-15065676192/,2017 Hyundai Verna 1.6 VTVT SX O,Hyundai,Verna,2017,Sedan,CNG,Manual,527903,INR,115613,Cars24,21-09-2026,Ahmedabad
https://www.cars24.com/buy-used-hyundai-verna-2017-cars-hyderabad-10479375116/,2017 Hyundai Verna 1.6 VTVT SX AT,Hyundai,Verna,2017,Sedan,Petrol,Automatic,514217,INR,91597,Cars24,21-09-2026,Hyderabad
https://www.cars24.com/buy-used-hyundai-verna-2017-cars-new-delhi-10364179175/,2017 Hyundai Verna 1.6 VTVT SX,Hyundai,Verna,2017,Sedan,Petrol,Manual,414822,INR,48737,Cars24,21-09-2026,New Delhi
https://www.cars24.com/buy-used-hyundai-verna-2018-cars-bhopal-14608572133/,2018 Hyundai Verna 1.6 SX (O) CRDI MT,Hyundai,Verna,2018,Sedan,Diesel,Manual,555000,INR,133549,Cars24,21-09-2026,Bhopal
https://www.cars24.com/buy-used-hyundai-verna-2018-cars-bhopal-14657072156/,2018 Hyundai Verna 1.6 VTVT SX O,Hyundai,Verna,2018,Sedan,Petrol,Manual,695000,INR,90406,Cars24,21-09-2026,Bhopal
https://www.cars24.com/buy-used-hyundai-verna-2018-cars-mohali-10931274113/,2018 Hyundai Verna 1.4 E PETROL,Hyundai,Verna,2018,Sedan,Petrol,Manual,430000,INR,78000,Cars24,21-09-2026,Mohali
https://www.cars24.com/buy-used-hyundai-verna-2018-cars-noida-10599077111/,2018 Hyundai Verna 1.6 VTVT SX,Hyundai,Verna,2018,Sedan,Petrol,Manual,553577,INR,52673,Cars24,21-09-2026,Noida
https://www.cars24.com/buy-used-hyundai-verna-2019-cars-hyderabad-10489571111/,2019 Hyundai Verna 1.6 VTVT SX,Hyundai,Verna,2019,Sedan,Petrol,Manual,646117,INR,70175,Cars24,21-09-2026,Hyderabad
https://www.cars24.com/buy-used-hyundai-verna-2020-cars-kochi-13005379191/,2020 Hyundai Verna SX (O)1.5 MPi,Hyundai,Verna,2020,Sedan,Petrol,Manual,758840,INR,99377,Cars24,21-09-2026,Kochi
https://www.cars24.com/buy-used-hyundai-verna-2021-cars-ghaziabad-15156597142/,2021 Hyundai Verna SX 1.5 VTVT,Hyundai,Verna,2021,Sedan,Petrol,Manual,740636,INR,56070,Cars24,21-09-2026,Ghaziabad
https://www.cars24.com/buy-used-hyundai-verna-2021-cars-jaipur-10596972194/,2021 Hyundai Verna SX 1.5 VTVT,Hyundai,Verna,2021,Sedan,Petrol,Manual,804150,INR,37769,Cars24,21-09-2026,Jaipur
https://www.cars24.com/buy-used-hyundai-verna-2021-cars-vadodara-13664373193/,2021 Hyundai Verna SX 1.5 VTVT,Hyundai,Verna,2021,Sedan,Petrol,Manual,798636,INR,99110,Cars24,21-09-2026,Vadodara
https://www.cars24.com/buy-used-hyundai-verna-2023-cars-ahmedabad-25475672159/,2023 Hyundai Verna SX (O)1.5 VTVT,Hyundai,Verna,2023,Sedan,Petrol,Manual,849273,INR,71617,Cars24,21-09-2026,Ahmedabad
https://www.cars24.com/buy-used-hyundai-verna-2023-cars-jaipur-10798979137/,2023 Hyundai Verna  SX 1.5 MPI IVT,Hyundai,Verna,2023,Sedan,Petrol,Automatic,1146896,INR,45014,Cars24,21-09-2026,Jaipur
https://www.cars24.com/buy-used-hyundai-verna-2023-cars-jaipur-10928675177/,2023 Hyundai Verna SX(O) 1.5 MPI IVT ,Hyundai,Verna,2023,Sedan,Petrol,Automatic,1213180,INR,78036,Cars24,21-09-2026,Jaipur
https://www.cars24.com/buy-used-hyundai-verna-2023-cars-pune-10622976159/,2023 Hyundai Verna SX 1.5 l MPI,Hyundai,Verna,2023,Sedan,CNG,Manual,923920,INR,100730,Cars24,21-09-2026,Pune
https://www.cars24.com/buy-used-hyundai-verna-2023-cars-vadodara-10042468703/,2023 Hyundai Verna SX 1.5 l MPI,Hyundai,Verna,2023,Sedan,CNG,Manual,862985,INR,110754,Cars24,21-09-2026,Vadodara
https://www.cars24.com/buy-used-hyundai-verna-2024-cars-chandigarh-10959771197/,2024 Hyundai Verna SX 1.5 l MPI,Hyundai,Verna,2024,Sedan,Petrol,Manual,884663,INR,50185,Cars24,21-09-2026,Chandigarh
https://www.cars24.com/buy-used-hyundai-verna-2024-cars-chandigarh-14808273119/,2024 Hyundai Verna SX (O) 1.5 TURBO PETROL DCT,Hyundai,Verna,2024,Sedan,Petrol,Automatic,1234974,INR,4239,Cars24,21-09-2026,Chandigarh
https://www.cars24.com/buy-used-hyundai-verna-2024-cars-gurgaon-29518479119/,2024 Hyundai Verna SX 1.5 l MPI,Hyundai,Verna,2024,Sedan,Petrol,Manual,931920,INR,60150,Cars24,21-09-2026,Gurgaon
https://www.cars24.com/buy-used-hyundai-verna-2025-cars-gurgaon-16331570132/,2025 Hyundai Verna SX 1.5 l MPI,Hyundai,Verna,2025,Sedan,Petrol,Manual,1092188,INR,20475,Cars24,21-09-2026,Gurgaon
https://www.cars24.com/buy-used-hyundai-xcent-2014-cars-surat-11498976185/,2014 Hyundai Xcent S 1.2,Hyundai,Xcent,2014,Sedan,CNG,Manual,280496,INR,95670,Cars24,21-09-2026,Surat
https://www.cars24.com/buy-used-hyundai-xcent-2015-cars-jaipur-10767299189/,2015 Hyundai Xcent S 1.2,Hyundai,Xcent,2015,Sedan,Petrol,Manual,241936,INR,145257,Cars24,21-09-2026,Jaipur
https://www.cars24.com/buy-used-hyundai-xcent-2018-cars-indore-12884790144/,2018 Hyundai Xcent E+,Hyundai,Xcent,2018,Sedan,Petrol,Manual,378116,INR,60248,Cars24,21-09-2026,Indore
https://www.cars24.com/buy-used-hyundai-xcent-prime-2018-cars-noida-14680070110/,2018 Hyundai XCENT PRIME T  VTVT PLUS  CNG,Hyundai,XCENT PRIME,2018,Sedan,CNG,Manual,293208,INR,123242,Cars24,21-09-2026,Noida
https://www.cars24.com/buy-used-jeep-compass-2017-cars-bangalore-10254477151/,2017 Jeep Compass LIMITED 1.4 PETROL AT,Jeep,Compass,2017,SUV,Petrol,Automatic,748636,INR,46752,Cars24,21-09-2026,Bangalore
https://www.cars24.com/buy-used-jeep-compass-2017-cars-bhopal-14609075145/,2017 Jeep Compass LONGITUDE 2.0 DIESEL,Jeep,Compass,2017,SUV,Diesel,Manual,810000,INR,144601,Cars24,21-09-2026,Bhopal
https://www.cars24.com/buy-used-jeep-compass-2017-cars-ghaziabad-13817192124/,2017 Jeep Compass LIMITED 2.0 DIESEL,Jeep,Compass,2017,SUV,Diesel,Manual,637840,INR,64695,Cars24,21-09-2026,Ghaziabad
https://www.cars24.com/buy-used-jeep-compass-2017-cars-hyderabad-10468977119/,2017 Jeep Compass LIMITED 1.4 PETROL AT,Jeep,Compass,2017,SUV,Petrol,Automatic,761681,INR,93486,Cars24,21-09-2026,Hyderabad
https://www.cars24.com/buy-used-jeep-compass-2017-cars-jaipur-15414597167/,2017 Jeep Compass LIMITED (O) 2.0 DIESEL,Jeep,Compass,2017,SUV,Diesel,Manual,670840,INR,136832,Cars24,21-09-2026,Jaipur
https://www.cars24.com/buy-used-jeep-compass-2017-cars-mumbai-10395399123/,2017 Jeep Compass LIMITED 1.4 PETROL AT,Jeep,Compass,2017,SUV,Petrol,Automatic,676968,INR,66520,Cars24,21-09-2026,Mumbai
https://www.cars24.com/buy-used-jeep-compass-2017-cars-patna-14489599128/,2017 Jeep Compass LIMITED (O) 2.0 DIESEL,Jeep,Compass,2017,SUV,Diesel,Manual,622840,INR,79176,Cars24,21-09-2026,Patna
https://www.cars24.com/buy-used-jeep-compass-2018-cars-ahmedabad-11445076174/,2018 Jeep Compass LIMITED 1.4 PETROL AT,Jeep,Compass,2018,SUV,Petrol,Automatic,727636,INR,67254,Cars24,21-09-2026,Ahmedabad
https://www.cars24.com/buy-used-jeep-compass-2018-cars-ahmedabad-11491591147/,2018 Jeep Compass LIMITED 1.4 PETROL AT,Jeep,Compass,2018,SUV,Petrol,Automatic,612536,INR,75835,Cars24,21-09-2026,Ahmedabad
https://www.cars24.com/buy-used-jeep-compass-2018-cars-bhopal-15753490140/,2018 Jeep Compass SPORT 2.0 DIESEL,Jeep,Compass,2018,SUV,Diesel,Manual,664840,INR,47466,Cars24,21-09-2026,Bhopal
https://www.cars24.com/buy-used-jeep-compass-2018-cars-chennai-11347876173/,2018 Jeep Compass LIMITED 1.4 PETROL AT,Jeep,Compass,2018,SUV,Petrol,Automatic,752840,INR,83131,Cars24,21-09-2026,Chennai
https://www.cars24.com/buy-used-jeep-compass-2018-cars-chennai-11392791142/,2018 Jeep Compass LIMITED 1.4 PETROL AT,Jeep,Compass,2018,SUV,Petrol,Automatic,775840,INR,72894,Cars24,21-09-2026,Chennai
https://www.cars24.com/buy-used-jeep-compass-2018-cars-gurgaon-10150675133/,2018 Jeep Compass LIMITED 1.4 PETROL AT,Jeep,Compass,2018,SUV,Petrol,Automatic,770796,INR,50888,Cars24,21-09-2026,Gurgaon
https://www.cars24.com/buy-used-jeep-compass-2018-cars-hyderabad-10460171154/,2018 Jeep Compass LIMITED (O) 1.4 PETROL AT,Jeep,Compass,2018,SUV,Petrol,Automatic,758636,INR,46292,Cars24,21-09-2026,Hyderabad
https://www.cars24.com/buy-used-jeep-compass-2018-cars-indore-12866278181/,2018 Jeep Compass SPORT 2.0 DIESEL,Jeep,Compass,2018,SUV,Diesel,Manual,613840,INR,82754,Cars24,21-09-2026,Indore
https://www.cars24.com/buy-used-jeep-compass-2018-cars-kochi-13061778177/,2018 Jeep Compass LIMITED 1.4 PETROL AT,Jeep,Compass,2018,SUV,Petrol,Automatic,901920,INR,87680,Cars24,21-09-2026,Kochi
https://www.cars24.com/buy-used-jeep-compass-2018-cars-kochi-13078090183/,2018 Jeep Compass LIMITED 1.4 PETROL AT,Jeep,Compass,2018,SUV,Petrol,Automatic,708840,INR,78861,Cars24,21-09-2026,Kochi
https://www.cars24.com/buy-used-jeep-compass-2018-cars-kochi-16780492103/,2018 Jeep Compass LIMITED (O) 2.0 DIESEL,Jeep,Compass,2018,SUV,Diesel,Manual,844840,INR,122526,Cars24,21-09-2026,Kochi
https://www.cars24.com/buy-used-jeep-compass-2018-cars-kochi-27127075178/,2018 Jeep Compass LONGITUDE (O) 2.0 DIESEL,Jeep,Compass,2018,SUV,Diesel,Manual,904920,INR,72512,Cars24,21-09-2026,Kochi
https://www.cars24.com/buy-used-jeep-compass-2018-cars-kolkata-17369506747/,2018 Jeep Compass LIMITED (O) 1.4 PETROL AT,Jeep,Compass,2018,SUV,Petrol,Automatic,621636,INR,67507,Cars24,21-09-2026,Kolkata
https://www.cars24.com/buy-used-jeep-compass-2018-cars-mumbai-10349796164/,2018 Jeep Compass SPORT 1.4 PETROL,Jeep,Compass,2018,SUV,Petrol,Manual,536096,INR,55958,Cars24,21-09-2026,Mumbai
https://www.cars24.com/buy-used-jeep-compass-2018-cars-noida-10008769701/,2018 Jeep Compass LIMITED 1.4 PETROL AT,Jeep,Compass,2018,SUV,Petrol,Automatic,636636,INR,49324,Cars24,21-09-2026,Noida
https://www.cars24.com/buy-used-jeep-compass-2018-cars-noida-10029978192/,2018 Jeep Compass LIMITED 1.4 PETROL AT,Jeep,Compass,2018,SUV,Petrol,Automatic,739516,INR,88180,Cars24,21-09-2026,Noida
https://www.cars24.com/buy-used-jeep-compass-2018-cars-surat-21263498182/,2018 Jeep Compass LIMITED 1.4 PETROL AT,Jeep,Compass,2018,SUV,Petrol,Automatic,560676,INR,87510,Cars24,21-09-2026,Surat
https://www.cars24.com/buy-used-jeep-compass-2019-cars-chennai-10000195151/,2019 Jeep Compass SPORT PLUS 1.4 PETROL,Jeep,Compass,2019,SUV,Petrol,Manual,779840,INR,38649,Cars24,21-09-2026,Chennai
https://www.cars24.com/buy-used-jeep-compass-2019-cars-chennai-10090992154/,2019 Jeep Compass SPORT PLUS 1.4 PETROL,Jeep,Compass,2019,SUV,Petrol,Manual,814840,INR,60352,Cars24,21-09-2026,Chennai
https://www.cars24.com/buy-used-jeep-compass-2019-cars-chennai-11349377131/,2019 Jeep Compass LIMITED PLUS PETROL AT,Jeep,Compass,2019,SUV,Petrol,Automatic,1126976,INR,35919,Cars24,21-09-2026,Chennai
https://www.cars24.com/buy-used-jeep-compass-2019-cars-coimbatore-10020495154/,2019 Jeep Compass SPORT PLUS 1.4 PETROL,Jeep,Compass,2019,SUV,Petrol,Manual,810940,INR,53919,Cars24,21-09-2026,Coimbatore
https://www.cars24.com/buy-used-jeep-compass-2019-cars-gurgaon-10188275114/,2019 Jeep Compass SPORT PLUS 1.4 PETROL,Jeep,Compass,2019,SUV,Petrol,Manual,705636,INR,45644,Cars24,21-09-2026,Gurgaon
https://www.cars24.com/buy-used-jeep-compass-2019-cars-jaipur-10093697190/,2019 Jeep Compass LIMITED PLUS PETROL AT,Jeep,Compass,2019,SUV,Petrol,Automatic,663836,INR,71875,Cars24,21-09-2026,Jaipur
https://www.cars24.com/buy-used-jeep-compass-2019-cars-kolkata-11953078185/,2019 Jeep Compass LIMITED PLUS PETROL AT,Jeep,Compass,2019,SUV,Petrol,Automatic,754636,INR,60615,Cars24,21-09-2026,Kolkata
https://www.cars24.com/buy-used-jeep-compass-2019-cars-mumbai-10311978131/,2019 Jeep Compass LIMITED PLUS PETROL AT,Jeep,Compass,2019,SUV,Petrol,Automatic,767840,INR,50721,Cars24,21-09-2026,Mumbai
https://www.cars24.com/buy-used-jeep-compass-2019-cars-nagpur-12358776124/,2019 Jeep Compass LIMITED PLUS DIESEL,Jeep,Compass,2019,SUV,Diesel,Manual,800000,INR,97365,Cars24,21-09-2026,Nagpur
https://www.cars24.com/buy-used-jeep-compass-2020-cars-lucknow-13245676198/,2020 Jeep Compass LONGITUDE PLUS 1.4 PETROL AT,Jeep,Compass,2020,SUV,Petrol,Automatic,787636,INR,76215,Cars24,21-09-2026,Lucknow
https://www.cars24.com/buy-used-jeep-compass-2021-cars-chennai-11308370155/,2021 Jeep Compass LIMITED (O) 1.4 PETROL AT,Jeep,Compass,2021,SUV,Petrol,Automatic,1277896,INR,61851,Cars24,21-09-2026,Chennai
https://www.cars24.com/buy-used-jeep-compass-2021-cars-hyderabad-10435570189/,2021 Jeep Compass MODEL S (O) 2.0 DIESEL,Jeep,Compass,2021,SUV,Diesel,Manual,1110100,INR,81529,Cars24,21-09-2026,Hyderabad
https://www.cars24.com/buy-used-jeep-compass-2021-cars-pune-10661393107/,2021 Jeep Compass MODEL S (O) DIESEL 4X4 AT,Jeep,Compass,2021,SUV,Diesel,Automatic,1419377,INR,66369,Cars24,21-09-2026,Pune
https://www.cars24.com/buy-used-jeep-compass-2021-cars-surat-13544767736/,2021 Jeep Compass SPORT 1.4 PETROL DCT,Jeep,Compass,2021,SUV,Petrol,Automatic,704091,INR,113112,Cars24,21-09-2026,Surat
https://www.cars24.com/buy-used-jeep-compass-2022-cars-kolkata-11934896149/,2022 Jeep Compass NIGHT EAGLE (O) 2.0 DIESEL,Jeep,Compass,2022,SUV,Diesel,Manual,1097100,INR,32482,Cars24,21-09-2026,Kolkata
https://www.cars24.com/buy-used-jeep-compass-2023-cars-jaipur-10725978110/,2023 Jeep Compass LIMITED (O) 2.0 DIESEL 4X4 AT,Jeep,Compass,2023,SUV,Diesel,Automatic,1757100,INR,57918,Cars24,21-09-2026,Jaipur
https://www.cars24.com/buy-used-jeep-meridian-2024-cars-pune-10606077138/,2024 Jeep MERIDIAN Overland 4x4 AT,Jeep,MERIDIAN,2024,SUV,Diesel,Automatic,2864100,INR,56000,Cars24,21-09-2026,Pune
https://www.cars24.com/buy-used-kia-carens-2022-cars-gurgaon-13356178185/,2022 KIA CARENS PRESTIGE PLUS 1.4 PETROL 7 STR,KIA,CARENS,2022,SUV,Petrol,Manual,783636,INR,46958,Cars24,21-09-2026,Gurgaon
https://www.cars24.com/buy-used-kia-carens-2022-cars-noida-10783971115/,2022 KIA CARENS LUXURY PLUS 1.5 DIESEL 7 STR,KIA,CARENS,2022,SUV,Diesel,Manual,1105000,INR,73449,Cars24,21-09-2026,Noida
https://www.cars24.com/buy-used-kia-carens-2022-cars-patna-14408090121/,2022 KIA CARENS LUXURY PLUS 1.5 DIESEL AT 6 STR,KIA,CARENS,2022,SUV,Diesel,Automatic,1038716,INR,118415,Cars24,21-09-2026,Patna
https://www.cars24.com/buy-used-kia-carens-2023-cars-gurgaon-13861674176/,2023 KIA CARENS PRESTIGE 1.5 DIESEL IMT 7 STR,KIA,CARENS,2023,SUV,Diesel,Manual,938920,INR,105054,Cars24,21-09-2026,Gurgaon
https://www.cars24.com/buy-used-kia-carens-2023-cars-gurgaon-44531292158/,2023 KIA CARENS PRESTIGE 1.5 DIESEL IMT 7 STR,KIA,CARENS,2023,SUV,Diesel,Manual,870920,INR,84462,Cars24,21-09-2026,Gurgaon
https://www.cars24.com/buy-used-kia-carens-clavis-2025-cars-surat-13557570170/,2025 KIA Carens Clavis HTK 1.5 Petrol MT,KIA,Carens Clavis,2025,SUV,Petrol,Manual,1307827,INR,2252,Cars24,21-09-2026,Surat
https://www.cars24.com/buy-used-kia-seltos-2019-cars-bangalore-11106190163/,2019 KIA SELTOS GTK 1.4 PETROL,KIA,SELTOS,2019,SUV,Petrol,Manual,868220,INR,49796,Cars24,21-09-2026,Bangalore
https://www.cars24.com/buy-used-kia-seltos-2019-cars-gurgaon-13359276120/,2019 KIA SELTOS HTK PLUS 1.5,KIA,SELTOS,2019,SUV,Petrol,Manual,696840,INR,55964,Cars24,21-09-2026,Gurgaon
https://www.cars24.com/buy-used-kia-seltos-2019-cars-gurgaon-29834393108/,2019 KIA SELTOS HTX PLUS 1.5 DIESEL,KIA,SELTOS,2019,SUV,Diesel,Manual,758840,INR,81472,Cars24,21-09-2026,Gurgaon
https://www.cars24.com/buy-used-kia-seltos-2019-cars-lucknow-15554799168/,2019 KIA SELTOS GTX PLUS DCT 1.4 PETROL,KIA,SELTOS,2019,SUV,Petrol,Automatic,773636,INR,55626,Cars24,21-09-2026,Lucknow
https://www.cars24.com/buy-used-kia-seltos-2019-cars-new-delhi-10476278118/,2019 KIA SELTOS GTX AT 1.4 PETROL,KIA,SELTOS,2019,SUV,Petrol,Automatic,729636,INR,61052,Cars24,21-09-2026,New Delhi
https://www.cars24.com/buy-used-kia-seltos-2019-cars-noida-10512277155/,2019 KIA SELTOS HTX IVT 1.5 PETROL,KIA,SELTOS,2019,SUV,Petrol,Automatic,737840,INR,71458,Cars24,21-09-2026,Noida
https://www.cars24.com/buy-used-kia-seltos-2020-cars-ahmedabad-20648672112/,2020 KIA SELTOS HTK PLUS 1.5,KIA,SELTOS,2020,SUV,Petrol,Manual,706768,INR,111337,Cars24,21-09-2026,Ahmedabad
https://www.cars24.com/buy-used-kia-seltos-2020-cars-chandigarh-11605077178/,2020 KIA SELTOS HTK PLUS 1.5,KIA,SELTOS,2020,SUV,Petrol,Manual,704840,INR,101898,Cars24,21-09-2026,Chandigarh
https://www.cars24.com/buy-used-kia-seltos-2020-cars-chandigarh-12721491147/,2020 KIA SELTOS GTX PLUS DCT 1.4 PETROL,KIA,SELTOS,2020,SUV,Petrol,Automatic,982716,INR,55803,Cars24,21-09-2026,Chandigarh
https://www.cars24.com/buy-used-kia-seltos-2020-cars-ghaziabad-10537598127/,2020 KIA SELTOS HTK 1.5 PETROL,KIA,SELTOS,2020,SUV,Petrol,Manual,643840,INR,56326,Cars24,21-09-2026,Ghaziabad
https://www.cars24.com/buy-used-kia-seltos-2020-cars-ghaziabad-13558195133/,2020 KIA SELTOS HTK PLUS 1.5,KIA,SELTOS,2020,SUV,Petrol,Manual,607840,INR,85834,Cars24,21-09-2026,Ghaziabad
https://www.cars24.com/buy-used-kia-seltos-2020-cars-ghaziabad-13860090148/,2020 KIA SELTOS HTK 1.5 PETROL,KIA,SELTOS,2020,SUV,Petrol,Manual,613636,INR,59029,Cars24,21-09-2026,Ghaziabad
https://www.cars24.com/buy-used-kia-seltos-2020-cars-gurgaon-16399494115/,2020 KIA SELTOS HTK PLUS 1.5,KIA,SELTOS,2020,SUV,Petrol,Manual,648840,INR,101439,Cars24,21-09-2026,Gurgaon
https://www.cars24.com/buy-used-kia-seltos-2020-cars-hyderabad-10452972110/,2020 KIA SELTOS GTX 1.4 PETROL,KIA,SELTOS,2020,SUV,Petrol,Manual,954761,INR,69241,Cars24,21-09-2026,Hyderabad
https://www.cars24.com/buy-used-kia-seltos-2020-cars-indore-12893494173/,2020 KIA SELTOS GTX PLUS 1.4 PETROL DCT DUAL TONE,KIA,SELTOS,2020,SUV,Petrol,Automatic,800840,INR,95296,Cars24,21-09-2026,Indore
https://www.cars24.com/buy-used-kia-seltos-2020-cars-kolkata-11989970176/,2020 KIA SELTOS GTX PLUS DCT 1.4 PETROL,KIA,SELTOS,2020,SUV,Petrol,Automatic,803636,INR,67151,Cars24,21-09-2026,Kolkata
https://www.cars24.com/buy-used-kia-seltos-2020-cars-kolkata-11991991170/,2020 KIA SELTOS HTX 1.5 PETROL,KIA,SELTOS,2020,SUV,Petrol,Manual,595456,INR,97696,Cars24,21-09-2026,Kolkata
https://www.cars24.com/buy-used-kia-seltos-2020-cars-patna-14465499111/,2020 KIA SELTOS GTX PLUS 1.4 PETROL,KIA,SELTOS,2020,SUV,Petrol,Manual,923716,INR,58999,Cars24,21-09-2026,Patna
https://www.cars24.com/buy-used-kia-seltos-2020-cars-surat-13534498145/,2020 KIA SELTOS HTX 1.5 DIESEL,KIA,SELTOS,2020,SUV,Diesel,Manual,893679,INR,81992,Cars24,21-09-2026,Surat
https://www.cars24.com/buy-used-kia-seltos-2020-cars-vadodara-13536044761/,2020 KIA SELTOS GTK 1.4 PETROL,KIA,SELTOS,2020,SUV,Petrol,Manual,748195,INR,69201,Cars24,21-09-2026,Vadodara
https://www.cars24.com/buy-used-kia-seltos-2020-cars-visakhapatnam-12167173116/,2020 KIA SELTOS HTK PLUS AT 1.5 DIESEL,KIA,SELTOS,2020,SUV,Diesel,Automatic,854636,INR,141430,Cars24,21-09-2026,Visakhapatnam
https://www.cars24.com/buy-used-kia-seltos-2021-cars-jaipur-10746373158/,2021 KIA SELTOS HTK 1.5 PETROL,KIA,SELTOS,2021,SUV,Petrol,Manual,760796,INR,69931,Cars24,21-09-2026,Jaipur
https://www.cars24.com/buy-used-kia-seltos-2021-cars-kochi-13036374117/,2021 KIA SELTOS HTK 1.5 PETROL,KIA,SELTOS,2021,SUV,Petrol,Manual,983920,INR,32166,Cars24,21-09-2026,Kochi
https://www.cars24.com/buy-used-kia-seltos-2021-cars-kolkata-11980693143/,2021 KIA SELTOS HTK PLUS 1.5,KIA,SELTOS,2021,SUV,Petrol,Manual,743636,INR,65164,Cars24,21-09-2026,Kolkata
https://www.cars24.com/buy-used-kia-seltos-2021-cars-pune-10608570130/,2021 KIA SELTOS HTK PLUS 1.5,KIA,SELTOS,2021,SUV,Petrol,Manual,839636,INR,51942,Cars24,21-09-2026,Pune
https://www.cars24.com/buy-used-kia-seltos-2021-cars-pune-10696197111/,2021 KIA SELTOS HTK 1.5 DIESEL,KIA,SELTOS,2021,SUV,Diesel,Manual,827840,INR,71683,Cars24,21-09-2026,Pune
https://www.cars24.com/buy-used-kia-seltos-2021-cars-vadodara-13625291132/,2021 KIA SELTOS GTX PLUS 1.4 PETROL DCT DUAL TONE,KIA,SELTOS,2021,SUV,Petrol,Automatic,1009614,INR,92203,Cars24,21-09-2026,Vadodara
https://www.cars24.com/buy-used-kia-seltos-2022-cars-bhopal-14672792179/,2022 KIA SELTOS HTK PLUS 1.5,KIA,SELTOS,2022,SUV,Petrol,Manual,757636,INR,84138,Cars24,21-09-2026,Bhopal
https://www.cars24.com/buy-used-kia-seltos-2022-cars-coimbatore-10046497169/,2022 KIA SELTOS HTX IVT 1.5 PETROL,KIA,SELTOS,2022,SUV,Petrol,Automatic,1091896,INR,66348,Cars24,21-09-2026,Coimbatore
https://www.cars24.com/buy-used-kia-seltos-2022-cars-coimbatore-13780373116/,2022 KIA SELTOS GTX PLUS 1.4 PETROL,KIA,SELTOS,2022,SUV,Petrol,Manual,1064100,INR,48330,Cars24,21-09-2026,Coimbatore
https://www.cars24.com/buy-used-kia-seltos-2022-cars-faridabad-10148671129/,2022 KIA SELTOS HTK PLUS 1.5 IMT,KIA,SELTOS,2022,SUV,Petrol,Manual,832000,INR,60891,Cars24,21-09-2026,Faridabad
https://www.cars24.com/buy-used-kia-seltos-2022-cars-gurgaon-10019876187/,2022 KIA SELTOS HTE 1.5 DIESEL,KIA,SELTOS,2022,SUV,Diesel,Manual,773761,INR,37573,Cars24,21-09-2026,Gurgaon
https://www.cars24.com/buy-used-kia-seltos-2022-cars-hyderabad-10488764741/,2022 KIA SELTOS HTE 1.5 DIESEL,KIA,SELTOS,2022,SUV,Diesel,Manual,799636,INR,142977,Cars24,21-09-2026,Hyderabad
https://www.cars24.com/buy-used-kia-seltos-2022-cars-jaipur-10760178187/,2022 KIA SELTOS HTK PLUS 1.5,KIA,SELTOS,2022,SUV,Petrol,Manual,806840,INR,34672,Cars24,21-09-2026,Jaipur
https://www.cars24.com/buy-used-kia-seltos-2022-cars-noida-10593375185/,2022 KIA SELTOS HTK PLUS AT 1.5 DIESEL,KIA,SELTOS,2022,SUV,Diesel,Automatic,838840,INR,67667,Cars24,21-09-2026,Noida
https://www.cars24.com/buy-used-kia-seltos-2022-cars-pune-10612771116/,2022 KIA SELTOS HTK PLUS 1.5 IMT,KIA,SELTOS,2022,SUV,Petrol,Manual,959716,INR,123005,Cars24,21-09-2026,Pune
https://www.cars24.com/buy-used-kia-seltos-2023-cars-ahmedabad-25423473119/,2023 KIA SELTOS  HTE 1.5 PETROL MT,KIA,SELTOS,2023,SUV,CNG,Manual,816475,INR,60232,Cars24,21-09-2026,Ahmedabad
https://www.cars24.com/buy-used-kia-seltos-2023-cars-ahmedabad-28375775110/,2023 KIA SELTOS HTX 1.5 DIESEL IMT,KIA,SELTOS,2023,SUV,Diesel,Manual,993464,INR,103477,Cars24,21-09-2026,Ahmedabad
https://www.cars24.com/buy-used-kia-seltos-2023-cars-coimbatore-18307875110/,2023 KIA SELTOS GTX PLUS DCT 1.4 PETROL,KIA,SELTOS,2023,SUV,Petrol,Automatic,1367000,INR,27267,Cars24,21-09-2026,Coimbatore
https://www.cars24.com/buy-used-kia-seltos-2023-cars-gurgaon-11598106715/,2023 KIA SELTOS HTK PLUS 1.5 DIESEL,KIA,SELTOS,2023,SUV,Diesel,Manual,885420,INR,44183,Cars24,21-09-2026,Gurgaon
https://www.cars24.com/buy-used-kia-seltos-2023-cars-gurgaon-16348292161/,2023 KIA SELTOS  HTK PLUS 1.5 DIESEL IMT,KIA,SELTOS,2023,SUV,Diesel,Manual,906920,INR,91605,Cars24,21-09-2026,Gurgaon
https://www.cars24.com/buy-used-kia-seltos-2023-cars-kolkata-11997892105/,2023 KIA SELTOS  HTK 1.5 PETROL MT,KIA,SELTOS,2023,SUV,Petrol,Manual,785636,INR,31073,Cars24,21-09-2026,Kolkata
https://www.cars24.com/buy-used-kia-seltos-2023-cars-patna-10085776154/,2023 KIA SELTOS  HTK PLUS 1.5 DIESEL IMT,KIA,SELTOS,2023,SUV,Diesel,Manual,997716,INR,97177,Cars24,21-09-2026,Patna
https://www.cars24.com/buy-used-kia-seltos-2024-cars-gurgaon-11584471139/,2024 KIA SELTOS HTE 1.5D IMT,KIA,SELTOS,2024,SUV,Diesel,Manual,1060600,INR,35631,Cars24,21-09-2026,Gurgaon
https://www.cars24.com/buy-used-kia-seltos-2024-cars-gurgaon-34934076183/,2024 KIA SELTOS  HTX PLUS 1.5 TURBO PETROL IMT,KIA,SELTOS,2024,SUV,Petrol,Manual,1315500,INR,34428,Cars24,21-09-2026,Gurgaon
https://www.cars24.com/buy-used-kia-seltos-2025-cars-chandigarh-12989072189/,2025 KIA SELTOS HTK (O),KIA,SELTOS,2025,SUV,Petrol,Manual,987320,INR,24766,Cars24,21-09-2026,Chandigarh
https://www.cars24.com/buy-used-kia-seltos-2025-cars-jaipur-10729271121/,2025 KIA SELTOS HTE (O)1.5 Petrol MT,KIA,SELTOS,2025,SUV,Petrol,Manual,1033320,INR,8253,Cars24,21-09-2026,Jaipur
https://www.cars24.com/buy-used-kia-seltos-2025-cars-noida-10057872136/,2025 KIA SELTOS HTE (O)1.5 Petrol MT,KIA,SELTOS,2025,SUV,Petrol,Manual,965116,INR,18466,Cars24,21-09-2026,Noida
https://www.cars24.com/buy-used-kia-sonet-2020-cars-ahmedabad-10308368713/,2020 KIA SONET HTK PLUS 1.2,KIA,SONET,2020,SUV,Petrol,Manual,552991,INR,61916,Cars24,21-09-2026,Ahmedabad
https://www.cars24.com/buy-used-kia-sonet-2020-cars-hyderabad-12217979194/,2020 KIA SONET GTX PLUS 1.0 DCT DUAL TONE,KIA,SONET,2020,SUV,Petrol,Automatic,787840,INR,65337,Cars24,21-09-2026,Hyderabad
https://www.cars24.com/buy-used-kia-sonet-2020-cars-lucknow-13228574199/,2020 KIA SONET HTK PLUS 1.0 IMT,KIA,SONET,2020,SUV,Petrol,Manual,500414,INR,125781,Cars24,21-09-2026,Lucknow
https://www.cars24.com/buy-used-kia-sonet-2020-cars-noida-15164379118/,2020 KIA SONET HTX 1.0 IMT,KIA,SONET,2020,SUV,Petrol,Manual,611359,INR,66569,Cars24,21-09-2026,Noida
https://www.cars24.com/buy-used-kia-sonet-2020-cars-visakhapatnam-12248574197/,2020 KIA SONET GTX PLUS 1.5,KIA,SONET,2020,SUV,Diesel,Manual,755636,INR,110909,Cars24,21-09-2026,Visakhapatnam
https://www.cars24.com/buy-used-kia-sonet-2021-cars-bangalore-10296170113/,2021 KIA SONET GTX PLUS 1.0 IMT,KIA,SONET,2021,SUV,Petrol,Manual,761840,INR,77696,Cars24,21-09-2026,Bangalore
https://www.cars24.com/buy-used-kia-sonet-2021-cars-chandigarh-10038560798/,2021 KIA SONET HTK PLUS 1.2,KIA,SONET,2021,SUV,Petrol,Manual,593456,INR,9580,Cars24,21-09-2026,Chandigarh
https://www.cars24.com/buy-used-kia-sonet-2021-cars-chennai-11342974130/,2021 KIA SONET HTX 1.5,KIA,SONET,2021,SUV,Diesel,Manual,841000,INR,44851,Cars24,21-09-2026,Chennai
https://www.cars24.com/buy-used-kia-sonet-2021-cars-chennai-11394972179/,2021 KIA SONET GTX PLUS 1.0 DCT,KIA,SONET,2021,SUV,Petrol,Automatic,716840,INR,107524,Cars24,21-09-2026,Chennai
https://www.cars24.com/buy-used-kia-sonet-2021-cars-gurgaon-16355175188/,2021 KIA SONET HTK PLUS 1.2,KIA,SONET,2021,SUV,Petrol,Manual,595996,INR,59247,Cars24,21-09-2026,Gurgaon
https://www.cars24.com/buy-used-kia-sonet-2021-cars-gurgaon-29661970135/,2021 KIA SONET HTX 1.0 IMT,KIA,SONET,2021,SUV,Petrol,Manual,658314,INR,44132,Cars24,21-09-2026,Gurgaon
https://www.cars24.com/buy-used-kia-sonet-2021-cars-gurgaon-29863796195/,2021 KIA SONET HTK PLUS 1.0 IMT,KIA,SONET,2021,SUV,Petrol,Manual,514120,INR,53637,Cars24,21-09-2026,Gurgaon
https://www.cars24.com/buy-used-kia-sonet-2021-cars-mumbai-10350075118/,2021 KIA SONET GTX PLUS 1.0 IMT,KIA,SONET,2021,SUV,Petrol,Manual,687314,INR,71073,Cars24,21-09-2026,Mumbai
https://www.cars24.com/buy-used-kia-sonet-2021-cars-noida-13863397148/,2021 KIA SONET HTE 1.5,KIA,SONET,2021,SUV,Diesel,Manual,516961,INR,77156,Cars24,21-09-2026,Noida
https://www.cars24.com/buy-used-kia-sonet-2021-cars-vadodara-13667194180/,2021 KIA SONET HTK PLUS 1.5 AT,KIA,SONET,2021,SUV,Diesel,Automatic,644912,INR,115286,Cars24,21-09-2026,Vadodara
https://www.cars24.com/buy-used-kia-sonet-2021-cars-visakhapatnam-12117178179/,2021 KIA SONET HTK PLUS 1.5 AT,KIA,SONET,2021,SUV,Diesel,Automatic,759840,INR,125220,Cars24,21-09-2026,Visakhapatnam
https://www.cars24.com/buy-used-kia-sonet-2022-cars-ahmedabad-11454476111/,2022 KIA SONET HTX ANNIVERSARY EDITION 1.0 DCT,KIA,SONET,2022,SUV,Petrol,Automatic,777540,INR,30055,Cars24,21-09-2026,Ahmedabad
https://www.cars24.com/buy-used-kia-sonet-2022-cars-bangalore-10200173177/,2022 KIA SONET HTK PLUS 1.0 IMT,KIA,SONET,2022,SUV,Petrol,Manual,728314,INR,45230,Cars24,21-09-2026,Bangalore
https://www.cars24.com/buy-used-kia-sonet-2022-cars-gurgaon-14673874116/,2022 KIA SONET HTX 1.0 IMT,KIA,SONET,2022,SUV,Petrol,Manual,742840,INR,34589,Cars24,21-09-2026,Gurgaon
https://www.cars24.com/buy-used-kia-sonet-2022-cars-hyderabad-10362879153/,2022 KIA SONET HTX 1.0 IMT,KIA,SONET,2022,SUV,Petrol,Manual,794900,INR,21411,Cars24,21-09-2026,Hyderabad
https://www.cars24.com/buy-used-kia-sonet-2023-cars-chandigarh-12972190106/,2023 KIA SONET HTX 1.0 TURBO PETROL IMT,KIA,SONET,2023,SUV,Petrol,Manual,744314,INR,48088,Cars24,21-09-2026,Chandigarh
https://www.cars24.com/buy-used-kia-sonet-2023-cars-chennai-11300274125/,2023 KIA SONET GTX PLUS 1.0 IMT,KIA,SONET,2023,SUV,Petrol,Manual,922000,INR,49671,Cars24,21-09-2026,Chennai
https://www.cars24.com/buy-used-kia-sonet-2023-cars-chennai-11366974110/,2023 KIA SONET HTK PLUS 1.2,KIA,SONET,2023,SUV,Petrol,Manual,681636,INR,73126,Cars24,21-09-2026,Chennai
https://www.cars24.com/buy-used-kia-sonet-2023-cars-indore-12801877114/,2023 KIA SONET HTX 1.0 DCT,KIA,SONET,2023,SUV,Petrol,Automatic,822840,INR,24999,Cars24,21-09-2026,Indore
https://www.cars24.com/buy-used-kia-sonet-2023-cars-jaipur-15225176118/,2023 KIA SONET HTX 1.0 IMT,KIA,SONET,2023,SUV,Petrol,Manual,731840,INR,60014,Cars24,21-09-2026,Jaipur
https://www.cars24.com/buy-used-kia-sonet-2023-cars-lucknow-13258599107/,2023 KIA SONET HTX 1.0 TURBO PETROL IMT,KIA,SONET,2023,SUV,Petrol,Manual,762840,INR,28334,Cars24,21-09-2026,Lucknow
https://www.cars24.com/buy-used-kia-sonet-2023-cars-lucknow-13267076111/,2023 KIA SONET GTX PLUS 1.0 IMT,KIA,SONET,2023,SUV,Petrol,Manual,1206574,INR,44097,Cars24,21-09-2026,Lucknow
https://www.cars24.com/buy-used-kia-sonet-2023-cars-mumbai-10335592184/,2023 KIA SONET HTX 1.0 IMT,KIA,SONET,2023,SUV,Petrol,Manual,716840,INR,57601,Cars24,21-09-2026,Mumbai
https://www.cars24.com/buy-used-kia-sonet-2023-cars-mumbai-10363790100/,2023 KIA SONET HTK PLUS 1.0 IMT,KIA,SONET,2023,SUV,Petrol,Manual,673314,INR,18142,Cars24,21-09-2026,Mumbai
https://www.cars24.com/buy-used-kia-sonet-2023-cars-patna-14477597197/,2023 KIA SONET HTX 1.5D IMT,KIA,SONET,2023,SUV,Diesel,Manual,826636,INR,64299,Cars24,21-09-2026,Patna
https://www.cars24.com/buy-used-kia-sonet-2024-cars-ahmedabad-11407775127/,2024 KIA SONET HTE 1.2,KIA,SONET,2024,SUV,Petrol,Manual,744136,INR,25520,Cars24,21-09-2026,Ahmedabad
https://www.cars24.com/buy-used-kia-sonet-2024-cars-chandigarh-12935091163/,"2024 KIA SONET 	 HTX 1.0 TURBO DCT",KIA,SONET,2024,SUV,Petrol,Automatic,939394,INR,16664,Cars24,21-09-2026,Chandigarh
https://www.cars24.com/buy-used-kia-sonet-2024-cars-chandigarh-19434693169/,2024 KIA SONET HTK PLUS 1.2 PETROL MT,KIA,SONET,2024,SUV,Petrol,Manual,690840,INR,33709,Cars24,21-09-2026,Chandigarh
https://www.cars24.com/buy-used-kia-sonet-2024-cars-indore-12830292134/,2024 KIA SONET HTK PLUS 1.2 PETROL MT,KIA,SONET,2024,SUV,Petrol,Manual,739636,INR,24928,Cars24,21-09-2026,Indore
https://www.cars24.com/buy-used-kia-syros-2025-cars-bangalore-11193279156/,2025 KIA SYROS  HTX 1.0 Turbo 6MT,KIA,SYROS,2025,SUV,Petrol,Manual,1060500,INR,11661,Cars24,21-09-2026,Bangalore
https://www.cars24.com/buy-used-landrover-range-rover-evoque-2021-cars-hyderabad-10420596165/,2021 Landrover Range Rover Evoque SE R-DYNAMIC 2.0 PETROL,Landrover,Range Rover Evoque,2021,SUV,Petrol,Automatic,3876340,INR,15313,Cars24,21-09-2026,Hyderabad
https://www.cars24.com/buy-used-mahindra-bolero-2021-cars-coimbatore-16445470173/,2021 Mahindra Bolero B6 (O),Mahindra,Bolero,2021,SUV,Diesel,Manual,780840,INR,136672,Cars24,21-09-2026,Coimbatore
https://www.cars24.com/buy-used-mahindra-bolero-2021-cars-indore-10063095102/,2021 Mahindra Bolero B4,Mahindra,Bolero,2021,SUV,Diesel,Manual,599840,INR,69497,Cars24,21-09-2026,Indore
https://www.cars24.com/buy-used-mahindra-bolero-2021-cars-pune-12537175111/,2021 Mahindra Bolero B4,Mahindra,Bolero,2021,SUV,Diesel,Manual,575455,INR,99914,Cars24,21-09-2026,Pune
https://www.cars24.com/buy-used-mahindra-bolero-2022-cars-chennai-10008975154/,2022 Mahindra Bolero B4,Mahindra,Bolero,2022,SUV,Diesel,Manual,783840,INR,69765,Cars24,21-09-2026,Chennai
https://www.cars24.com/buy-used-mahindra-bolero-neo-2021-cars-hyderabad-10029791155/,2021 Mahindra BOLERO NEO N 10,Mahindra,BOLERO NEO,2021,SUV,Diesel,Manual,724840,INR,134980,Cars24,21-09-2026,Hyderabad
https://www.cars24.com/buy-used-mahindra-bolero-neo-2022-cars-ahmedabad-15021592180/,2022 Mahindra BOLERO NEO N10 R,Mahindra,BOLERO NEO,2022,SUV,Diesel,Manual,685140,INR,97184,Cars24,21-09-2026,Ahmedabad
https://www.cars24.com/buy-used-mahindra-bolero-neo-2022-cars-gurgaon-10018978151/,2022 Mahindra BOLERO NEO N10 R,Mahindra,BOLERO NEO,2022,SUV,Diesel,Manual,671840,INR,101701,Cars24,21-09-2026,Gurgaon
https://www.cars24.com/buy-used-mahindra-kuv-100-nxt-2017-cars-bhopal-14659577136/,2017 Mahindra KUV 100 NXT K8 P 6 STR,Mahindra,KUV 100 NXT,2017,SUV,Petrol,Manual,268000,INR,83682,Cars24,21-09-2026,Bhopal
https://www.cars24.com/buy-used-mahindra-kuv-100-nxt-2017-cars-coimbatore-13708174183/,2017 Mahindra KUV 100 NXT K8 P 6 STR,Mahindra,KUV 100 NXT,2017,SUV,Petrol,Manual,315000,INR,70198,Cars24,21-09-2026,Coimbatore
https://www.cars24.com/buy-used-mahindra-kuv-100-nxt-2018-cars-patna-14478062719/,2018 Mahindra KUV 100 NXT K4+ D 6 STR,Mahindra,KUV 100 NXT,2018,SUV,Diesel,Manual,288936,INR,75042,Cars24,21-09-2026,Patna
https://www.cars24.com/buy-used-mahindra-kuv100-2016-cars-coimbatore-17140275180/,2016 Mahindra Kuv100 K8 6 STR,Mahindra,Kuv100,2016,SUV,Petrol,Manual,327000,INR,121344,Cars24,21-09-2026,Coimbatore
https://www.cars24.com/buy-used-mahindra-kuv100-2016-cars-gurgaon-13369297132/,2016 Mahindra Kuv100 K6 D 6 STR,Mahindra,Kuv100,2016,SUV,Diesel,Manual,179140,INR,68044,Cars24,21-09-2026,Gurgaon
https://www.cars24.com/buy-used-mahindra-kuv100-2016-cars-kochi-27105596134/,2016 Mahindra Kuv100 K4 5 STR,Mahindra,Kuv100,2016,SUV,Petrol,Manual,235140,INR,46728,Cars24,21-09-2026,Kochi
https://www.cars24.com/buy-used-mahindra-marazzo-2018-cars-chandigarh-27251996114/,2018 Mahindra MARAZZO M8 7 STR,Mahindra,MARAZZO,2018,SUV,Diesel,Manual,407500,INR,115412,Cars24,21-09-2026,Chandigarh
https://www.cars24.com/buy-used-mahindra-marazzo-2018-cars-nagpur-12353979122/,2018 Mahindra MARAZZO M8 7 STR,Mahindra,MARAZZO,2018,SUV,Diesel,Manual,750000,INR,274771,Cars24,21-09-2026,Nagpur
https://www.cars24.com/buy-used-mahindra-marazzo-2019-cars-chandigarh-16675870114/,2019 Mahindra MARAZZO M6 7 STR,Mahindra,MARAZZO,2019,SUV,Diesel,Manual,609840,INR,83266,Cars24,21-09-2026,Chandigarh
https://www.cars24.com/buy-used-mahindra-marazzo-2019-cars-surat-36443974171/,2019 Mahindra MARAZZO M2 7STR,Mahindra,MARAZZO,2019,SUV,Diesel,Manual,626843,INR,71759,Cars24,21-09-2026,Surat
https://www.cars24.com/buy-used-mahindra-scorpio-classic-2023-cars-karnal-44501867728/,2023 Mahindra SCORPIO CLASSIC S11 7STR,Mahindra,SCORPIO CLASSIC,2023,SUV,Diesel,Manual,1178660,INR,69176,Cars24,21-09-2026,Karnal
https://www.cars24.com/buy-used-mahindra-scorpio-classic-2024-cars-lucknow-13927377188/,2024 Mahindra SCORPIO CLASSIC S 7STR,Mahindra,SCORPIO CLASSIC,2024,SUV,Diesel,Manual,1256217,INR,49038,Cars24,21-09-2026,Lucknow
https://www.cars24.com/buy-used-mahindra-scorpio-n-2023-cars-gurgaon-13248396161/,2023 Mahindra SCORPIO-N Z8 L PETROL AT 7 STR,Mahindra,SCORPIO-N,2023,SUV,Petrol,Automatic,1539100,INR,45501,Cars24,21-09-2026,Gurgaon
https://www.cars24.com/buy-used-mahindra-scorpio-n-2023-cars-noida-10032676199/,2023 Mahindra SCORPIO-N Z8 L DIESEL AT 2WD 6 STR,Mahindra,SCORPIO-N,2023,SUV,Diesel,Automatic,1475201,INR,118690,Cars24,21-09-2026,Noida
https://www.cars24.com/buy-used-mahindra-supro-2022-cars-patna-14433471117/,2022 Mahindra SUPRO VX 10 STR,Mahindra,SUPRO,2022,SUV,Diesel,Manual,513120,INR,67624,Cars24,21-09-2026,Patna
https://www.cars24.com/buy-used-mahindra-thar-2020-cars-bangalore-10228790133/,2020 Mahindra Thar LX HARD TOP 4WD MT,Mahindra,Thar,2020,SUV,Diesel,Manual,1093100,INR,92952,Cars24,21-09-2026,Bangalore
https://www.cars24.com/buy-used-mahindra-thar-2021-cars-ahmedabad-15037579110/,2021 Mahindra Thar LX PETROL HT 4WD AT,Mahindra,Thar,2021,SUV,Petrol,Automatic,961413,INR,76134,Cars24,21-09-2026,Ahmedabad
https://www.cars24.com/buy-used-mahindra-thar-2021-cars-chandigarh-11672979152/,2021 Mahindra Thar AX (O) P 4WD MT CT,Mahindra,Thar,2021,SUV,Petrol,Manual,949920,INR,19528,Cars24,21-09-2026,Chandigarh
https://www.cars24.com/buy-used-mahindra-thar-2021-cars-patna-14484376155/,2021 Mahindra Thar LX PETROL HT 4WD AT,Mahindra,Thar,2021,SUV,Petrol,Automatic,899080,INR,62578,Cars24,21-09-2026,Patna
https://www.cars24.com/buy-used-mahindra-thar-2021-cars-rajkot-15065609766/,2021 Mahindra Thar LX PETROL HT 4WD AT,Mahindra,Thar,2021,SUV,Petrol,Automatic,918268,INR,42277,Cars24,21-09-2026,Rajkot
https://www.cars24.com/buy-used-mahindra-thar-2022-cars-gurgaon-10125178124/,2022 Mahindra Thar LX PETROL HT 4WD AT,Mahindra,Thar,2022,SUV,Petrol,Automatic,1066721,INR,74608,Cars24,21-09-2026,Gurgaon
https://www.cars24.com/buy-used-mahindra-thar-2022-cars-new-delhi-10011876120/,2022 Mahindra Thar LX HT PETROL 4WD MT,Mahindra,Thar,2022,SUV,Petrol,Manual,890622,INR,57544,Cars24,21-09-2026,New Delhi
https://www.cars24.com/buy-used-mahindra-thar-2022-cars-noida-10103398107/,2022 Mahindra Thar LX HT PETROL 4WD MT,Mahindra,Thar,2022,SUV,Petrol,Manual,865920,INR,98644,Cars24,21-09-2026,Noida
https://www.cars24.com/buy-used-mahindra-thar-2022-cars-noida-11236371131/,2022 Mahindra Thar LX HARD TOP 4WD MT,Mahindra,Thar,2022,SUV,Diesel,Manual,1033920,INR,54066,Cars24,21-09-2026,Noida
https://www.cars24.com/buy-used-mahindra-thar-2022-cars-surat-13573773124/,2022 Mahindra Thar LX PETROL HT 4WD AT,Mahindra,Thar,2022,SUV,Petrol,Automatic,1009642,INR,41686,Cars24,21-09-2026,Surat
https://www.cars24.com/buy-used-mahindra-thar-2023-cars-surat-13523279136/,2023 Mahindra Thar LX HT PETROL 4WD MT,Mahindra,Thar,2023,SUV,Petrol,Manual,1037654,INR,40548,Cars24,21-09-2026,Surat
https://www.cars24.com/buy-used-mahindra-thar-2024-cars-chandigarh-11630675154/,2024 Mahindra Thar LX D HT 2WD MT,Mahindra,Thar,2024,SUV,Diesel,Manual,1086500,INR,28230,Cars24,21-09-2026,Chandigarh
https://www.cars24.com/buy-used-mahindra-tuv300-2016-cars-vadodara-36435470119/,2016 Mahindra TUV300 T8,Mahindra,TUV300,2016,SUV,Diesel,Manual,510576,INR,55482,Cars24,21-09-2026,Vadodara
https://www.cars24.com/buy-used-mahindra-tuv300-2017-cars-jaipur-10752495108/,2017 Mahindra TUV300 T8,Mahindra,TUV300,2017,SUV,Diesel,Manual,489940,INR,99370,Cars24,21-09-2026,Jaipur
https://www.cars24.com/buy-used-mahindra-tuv300-2018-cars-bangalore-30920498121/,2018 Mahindra TUV300 T8,Mahindra,TUV300,2018,SUV,Diesel,Manual,489940,INR,107672,Cars24,21-09-2026,Bangalore
https://www.cars24.com/buy-used-mahindra-tuv300-2018-cars-coimbatore-11396471187/,2018 Mahindra TUV300 T6 PLUS,Mahindra,TUV300,2018,SUV,Diesel,Manual,607840,INR,106686,Cars24,21-09-2026,Coimbatore
https://www.cars24.com/buy-used-mahindra-xuv-3xo-2024-cars-coimbatore-10294794101/,2024 Mahindra XUV 3XO AX5 1.2 L TCMPFI AT,Mahindra,XUV 3XO,2024,SUV,Petrol,Automatic,1022920,INR,25503,Cars24,21-09-2026,Coimbatore
https://www.cars24.com/buy-used-mahindra-xuv-3xo-2024-cars-kolkata-11949090156/,2024 Mahindra XUV 3XO AX5 1.2 L TCMPFI AT,Mahindra,XUV 3XO,2024,SUV,Petrol,Automatic,817840,INR,31685,Cars24,21-09-2026,Kolkata
https://www.cars24.com/buy-used-mahindra-xuv-3xo-2024-cars-kolkata-21145577116/,2024 Mahindra XUV 3XO AX5L 1.2 TGDi,Mahindra,XUV 3XO,2024,SUV,Petrol,Manual,932920,INR,7264,Cars24,21-09-2026,Kolkata
https://www.cars24.com/buy-used-mahindra-xuv-3xo-2025-cars-jaipur-10702574126/,2025 Mahindra XUV 3XO AX5 1.2 L TCMPFi,Mahindra,XUV 3XO,2025,SUV,Petrol,Manual,958320,INR,16974,Cars24,21-09-2026,Jaipur
https://www.cars24.com/buy-used-mahindra-xuv300-2019-cars-chennai-11306995181/,2019 Mahindra XUV300 W8 1.2 PETROL,Mahindra,XUV300,2019,SUV,Petrol,Manual,707940,INR,59569,Cars24,21-09-2026,Chennai
https://www.cars24.com/buy-used-mahindra-xuv300-2019-cars-mohali-10929571147/,2019 Mahindra XUV300 W6 1.2 PETROL,Mahindra,XUV300,2019,SUV,Petrol,Manual,528000,INR,64659,Cars24,21-09-2026,Mohali
https://www.cars24.com/buy-used-mahindra-xuv300-2019-cars-patna-14477194123/,2019 Mahindra XUV300 W8 (O) 1.2 PETROL,Mahindra,XUV300,2019,SUV,Petrol,Manual,592456,INR,100061,Cars24,21-09-2026,Patna
https://www.cars24.com/buy-used-mahindra-xuv300-2019-cars-patna-17657397168/,2019 Mahindra XUV300 W8 (O) 1.2 PETROL,Mahindra,XUV300,2019,SUV,Petrol,Manual,638636,INR,64284,Cars24,21-09-2026,Patna
https://www.cars24.com/buy-used-mahindra-xuv300-2020-cars-ahmedabad-11448173152/,2020 Mahindra XUV300 W8 1.2 PETROL,Mahindra,XUV300,2020,SUV,Petrol,Manual,605696,INR,40868,Cars24,21-09-2026,Ahmedabad
https://www.cars24.com/buy-used-mahindra-xuv300-2020-cars-kochi-17859671198/,2020 Mahindra XUV300 W8 (O) 1.2 PETROL,Mahindra,XUV300,2020,SUV,Petrol,Manual,687840,INR,91363,Cars24,21-09-2026,Kochi
https://www.cars24.com/buy-used-mahindra-xuv300-2020-cars-kochi-17878092112/,2020 Mahindra XUV300 W8 1.5 DIESEL,Mahindra,XUV300,2020,SUV,Diesel,Manual,570480,INR,118911,Cars24,21-09-2026,Kochi
https://www.cars24.com/buy-used-mahindra-xuv300-2021-cars-kochi-39040976135/,2021 Mahindra XUV300 W6 1.2 PETROL,Mahindra,XUV300,2021,SUV,Petrol,Manual,599596,INR,109034,Cars24,21-09-2026,Kochi
https://www.cars24.com/buy-used-mahindra-xuv300-2021-cars-patna-14409071116/,2021 Mahindra XUV300 W8 (O) 1.2 PETROL,Mahindra,XUV300,2021,SUV,Petrol,Manual,660636,INR,47115,Cars24,21-09-2026,Patna
https://www.cars24.com/buy-used-mahindra-xuv300-2022-cars-bangalore-11142670195/,2022 Mahindra XUV300 W8 (O) 1.2 PETROL AMT,Mahindra,XUV300,2022,SUV,Petrol,Automatic,890716,INR,53632,Cars24,21-09-2026,Bangalore
https://www.cars24.com/buy-used-mahindra-xuv300-2022-cars-chandigarh-12984972154/,2022 Mahindra XUV300 W8 (O) 1.2 PETROL,Mahindra,XUV300,2022,SUV,Petrol,Manual,683796,INR,33989,Cars24,21-09-2026,Chandigarh
https://www.cars24.com/buy-used-mahindra-xuv300-2022-cars-chandigarh-23324990127/,2022 Mahindra XUV300 W6 1.2 PETROL,Mahindra,XUV300,2022,SUV,Petrol,Manual,650636,INR,71065,Cars24,21-09-2026,Chandigarh
https://www.cars24.com/buy-used-mahindra-xuv300-2022-cars-gurgaon-20008672195/,2022 Mahindra XUV300 W8 1.2 PETROL,Mahindra,XUV300,2022,SUV,Petrol,Manual,695840,INR,26788,Cars24,21-09-2026,Gurgaon
https://www.cars24.com/buy-used-mahindra-xuv300-2022-cars-jaipur-10771673171/,2022 Mahindra XUV300 W8(O) 1.2 PETROL DUAL TONE,Mahindra,XUV300,2022,SUV,Petrol,Manual,680636,INR,66105,Cars24,21-09-2026,Jaipur
https://www.cars24.com/buy-used-mahindra-xuv300-2022-cars-vadodara-11400394104/,2022 Mahindra XUV300 W8 1.2 PETROL,Mahindra,XUV300,2022,SUV,Petrol,Manual,645426,INR,62411,Cars24,21-09-2026,Vadodara
https://www.cars24.com/buy-used-mahindra-xuv300-2023-cars-ahmedabad-11426979159/,2023 Mahindra XUV300 W6 1.2 PETROL,Mahindra,XUV300,2023,SUV,Petrol,Manual,673156,INR,62552,Cars24,21-09-2026,Ahmedabad
https://www.cars24.com/buy-used-mahindra-xuv300-2023-cars-bhopal-14615798161/,2023 Mahindra XUV300 W6 1.2 PETROL,Mahindra,XUV300,2023,SUV,Petrol,Manual,741636,INR,47021,Cars24,21-09-2026,Bhopal
https://www.cars24.com/buy-used-mahindra-xuv300-2023-cars-chandigarh-10921497139/,2023 Mahindra XUV300 W6 1.2 PETROL,Mahindra,XUV300,2023,SUV,Petrol,Manual,689636,INR,41020,Cars24,21-09-2026,Chandigarh
https://www.cars24.com/buy-used-mahindra-xuv300-2023-cars-chennai-11342771117/,2023 Mahindra XUV300 W8 (O) 1.5 DIESEL AMT,Mahindra,XUV300,2023,SUV,Diesel,Automatic,975920,INR,27532,Cars24,21-09-2026,Chennai
https://www.cars24.com/buy-used-mahindra-xuv300-2023-cars-lucknow-13223775181/,2023 Mahindra XUV300 W6 1.2 PETROL,Mahindra,XUV300,2023,SUV,Petrol,Manual,663840,INR,22656,Cars24,21-09-2026,Lucknow
https://www.cars24.com/buy-used-mahindra-xuv300-2023-cars-lucknow-13936875182/,2023 Mahindra XUV300 W6 1.2 PETROL,Mahindra,XUV300,2023,SUV,Petrol,Manual,668840,INR,50136,Cars24,21-09-2026,Lucknow
https://www.cars24.com/buy-used-mahindra-xuv300-2023-cars-lucknow-18108390168/,2023 Mahindra XUV300 W6 1.2 PETROL,Mahindra,XUV300,2023,SUV,Petrol,Manual,660796,INR,31316,Cars24,21-09-2026,Lucknow
https://www.cars24.com/buy-used-mahindra-xuv300-2023-cars-visakhapatnam-12167573156/,2023 Mahindra XUV300 W4 1.2 PETROL,Mahindra,XUV300,2023,SUV,Petrol,Manual,625636,INR,94118,Cars24,21-09-2026,Visakhapatnam
https://www.cars24.com/buy-used-mahindra-xuv300-2024-cars-coimbatore-11339594102/,2024 Mahindra XUV300 W8 (O) 1.2 PETROL AMT,Mahindra,XUV300,2024,SUV,Petrol,Automatic,985716,INR,45360,Cars24,21-09-2026,Coimbatore
https://www.cars24.com/buy-used-mahindra-xuv300-2024-cars-pune-10766594137/,2024 Mahindra XUV300 W8 1.2 (O) TGDI DUAL TONE,Mahindra,XUV300,2024,SUV,Petrol,Manual,754840,INR,43230,Cars24,21-09-2026,Pune
https://www.cars24.com/buy-used-mahindra-xuv500-2012-cars-bhopal-14647772197/,2012 Mahindra XUV500 W8,Mahindra,XUV500,2012,SUV,Diesel,Manual,255000,INR,91837,Cars24,21-09-2026,Bhopal
https://www.cars24.com/buy-used-mahindra-xuv500-2012-cars-bhopal-14661677157/,2012 Mahindra XUV500 W8,Mahindra,XUV500,2012,SUV,Diesel,Manual,225000,INR,269174,Cars24,21-09-2026,Bhopal
https://www.cars24.com/buy-used-mahindra-xuv500-2013-cars-indore-12839771158/,2013 Mahindra XUV500 W8,Mahindra,XUV500,2013,SUV,Diesel,Manual,546300,INR,77045,Cars24,21-09-2026,Indore
https://www.cars24.com/buy-used-mahindra-xuv500-2013-cars-mumbai-10372297194/,2013 Mahindra XUV500 W8,Mahindra,XUV500,2013,SUV,Diesel,Manual,430957,INR,37098,Cars24,21-09-2026,Mumbai
https://www.cars24.com/buy-used-mahindra-xuv500-2014-cars-bangalore-10254891164/,2014 Mahindra XUV500 W8 AWD,Mahindra,XUV500,2014,SUV,Diesel,Manual,628117,INR,79865,Cars24,21-09-2026,Bangalore
https://www.cars24.com/buy-used-mahindra-xuv500-2015-cars-bangalore-10233079118/,2015 Mahindra XUV500 W10,Mahindra,XUV500,2015,SUV,Diesel,Manual,750117,INR,50914,Cars24,21-09-2026,Bangalore
https://www.cars24.com/buy-used-mahindra-xuv500-2015-cars-mumbai-10302592128/,2015 Mahindra XUV500 W8,Mahindra,XUV500,2015,SUV,Diesel,Manual,612840,INR,66417,Cars24,21-09-2026,Mumbai
https://www.cars24.com/buy-used-mahindra-xuv500-2015-cars-nagpur-12396770182/,2015 Mahindra XUV500 W6,Mahindra,XUV500,2015,SUV,Diesel,Manual,380000,INR,109971,Cars24,21-09-2026,Nagpur
https://www.cars24.com/buy-used-mahindra-xuv500-2015-cars-pune-10654779127/,2015 Mahindra XUV500 W6,Mahindra,XUV500,2015,SUV,Diesel,Manual,569550,INR,53299,Cars24,21-09-2026,Pune
https://www.cars24.com/buy-used-mahindra-xuv500-2016-cars-jaipur-10712392108/,2016 Mahindra XUV500 W6,Mahindra,XUV500,2016,SUV,Diesel,Manual,542300,INR,69007,Cars24,21-09-2026,Jaipur
https://www.cars24.com/buy-used-mahindra-xuv500-2016-cars-nagpur-12339474122/,2016 Mahindra XUV500 W10,Mahindra,XUV500,2016,SUV,Diesel,Manual,515409,INR,142200,Cars24,21-09-2026,Nagpur
https://www.cars24.com/buy-used-mahindra-xuv500-2016-cars-pune-10398194167/,2016 Mahindra XUV500 W8 AT,Mahindra,XUV500,2016,SUV,Diesel,Automatic,615117,INR,119135,Cars24,21-09-2026,Pune
https://www.cars24.com/buy-used-mahindra-xuv500-2017-cars-indore-12874271118/,2017 Mahindra XUV500 W10,Mahindra,XUV500,2017,SUV,Diesel,Manual,726840,INR,84904,Cars24,21-09-2026,Indore
https://www.cars24.com/buy-used-mahindra-xuv500-2017-cars-kolkata-11926898117/,2017 Mahindra XUV500 G AT,Mahindra,XUV500,2017,SUV,Petrol,Automatic,651840,INR,33128,Cars24,21-09-2026,Kolkata
https://www.cars24.com/buy-used-mahindra-xuv500-2017-cars-mumbai-10344970115/,2017 Mahindra XUV500 W10 AT,Mahindra,XUV500,2017,SUV,Diesel,Automatic,703117,INR,97664,Cars24,21-09-2026,Mumbai
https://www.cars24.com/buy-used-mahindra-xuv500-2017-cars-surat-13543596120/,2017 Mahindra XUV500 W10,Mahindra,XUV500,2017,SUV,Diesel,Manual,755117,INR,47589,Cars24,21-09-2026,Surat
https://www.cars24.com/buy-used-mahindra-xuv500-2017-cars-visakhapatnam-12116870177/,2017 Mahindra XUV500 W6,Mahindra,XUV500,2017,SUV,Diesel,Manual,773277,INR,138572,Cars24,21-09-2026,Visakhapatnam
https://www.cars24.com/buy-used-mahindra-xuv500-2018-cars-indore-12888470119/,2018 Mahindra XUV500 W9,Mahindra,XUV500,2018,SUV,Diesel,Manual,742840,INR,80443,Cars24,21-09-2026,Indore
https://www.cars24.com/buy-used-mahindra-xuv700-2021-cars-chennai-43968372152/,2021 Mahindra XUV700 AX 7 LUXURY P AT 7 STR,Mahindra,XUV700,2021,SUV,Petrol,Automatic,1489100,INR,141844,Cars24,21-09-2026,Chennai
https://www.cars24.com/buy-used-mahindra-xuv700-2021-cars-hyderabad-10410393164/,2021 Mahindra XUV700 AX 7 LUXURY P AT 7 STR,Mahindra,XUV700,2021,SUV,Petrol,Automatic,1289377,INR,133099,Cars24,21-09-2026,Hyderabad
https://www.cars24.com/buy-used-mahindra-xuv700-2021-cars-hyderabad-10429496181/,2021 Mahindra XUV700 AX 7 LUXURY P AT 7 STR,Mahindra,XUV700,2021,SUV,Petrol,Automatic,1198100,INR,101903,Cars24,21-09-2026,Hyderabad
https://www.cars24.com/buy-used-mahindra-xuv700-2021-cars-noida-15119567765/,2021 Mahindra XUV700 AX 7 P MT 7 STR,Mahindra,XUV700,2021,SUV,Petrol,Manual,1144377,INR,73146,Cars24,21-09-2026,Noida
https://www.cars24.com/buy-used-mahindra-xuv700-2021-cars-pune-10678996118/,2021 Mahindra XUV700 AX 7 LUXURY D MT 7 STR,Mahindra,XUV700,2021,SUV,Diesel,Manual,1421377,INR,136685,Cars24,21-09-2026,Pune
https://www.cars24.com/buy-used-mahindra-xuv700-2022-cars-hyderabad-10420674187/,2022 Mahindra XUV700 AX 7 D MT 7 STR,Mahindra,XUV700,2022,SUV,Diesel,Manual,1615377,INR,45185,Cars24,21-09-2026,Hyderabad
https://www.cars24.com/buy-used-mahindra-xuv700-2022-cars-hyderabad-10430072195/,2022 Mahindra XUV700 AX 3 P MT 5 STR,Mahindra,XUV700,2022,SUV,Petrol,Manual,1019197,INR,82103,Cars24,21-09-2026,Hyderabad
https://www.cars24.com/buy-used-mahindra-xuv700-2022-cars-hyderabad-10439773197/,2022 Mahindra XUV700 AX 7 LUXURY D AT 7 STR,Mahindra,XUV700,2022,SUV,Diesel,Automatic,1684377,INR,67358,Cars24,21-09-2026,Hyderabad
https://www.cars24.com/buy-used-mahindra-xuv700-2022-cars-hyderabad-10486470157/,2022 Mahindra XUV700 AX 5 P MT 5 STR,Mahindra,XUV700,2022,SUV,Petrol,Manual,1108100,INR,45924,Cars24,21-09-2026,Hyderabad
https://www.cars24.com/buy-used-mahindra-xuv700-2022-cars-jaipur-10765673131/,2022 Mahindra XUV700 AX 7 LUXURY D AT 7 STR,Mahindra,XUV700,2022,SUV,Diesel,Automatic,1627000,INR,82986,Cars24,21-09-2026,Jaipur
https://www.cars24.com/buy-used-mahindra-xuv700-2022-cars-noida-10059578153/,2022 Mahindra XUV700 AX 7 P AT 7 STR,Mahindra,XUV700,2022,SUV,Petrol,Automatic,1401377,INR,38399,Cars24,21-09-2026,Noida
https://www.cars24.com/buy-used-mahindra-xuv700-2023-cars-bangalore-10859077186/,2023 Mahindra XUV700 AX 7 LUXURY D MT 7 STR,Mahindra,XUV700,2023,SUV,Diesel,Manual,1969100,INR,40191,Cars24,21-09-2026,Bangalore
https://www.cars24.com/buy-used-mahindra-xuv700-2023-cars-gurgaon-12025074131/,2023 Mahindra XUV700 MX P MT 5 STR,Mahindra,XUV700,2023,SUV,Petrol,Manual,1080377,INR,23159,Cars24,21-09-2026,Gurgaon
https://www.cars24.com/buy-used-mahindra-xuv700-2023-cars-gurgaon-13848778115/,2023 Mahindra XUV700 AX 5 P MT 7 STR,Mahindra,XUV700,2023,SUV,Petrol,Manual,1170100,INR,33098,Cars24,21-09-2026,Gurgaon
https://www.cars24.com/buy-used-mahindra-xuv700-2023-cars-hyderabad-10463378187/,2023 Mahindra XUV700 AX 7 LUXURY P AT 7 STR,Mahindra,XUV700,2023,SUV,Petrol,Automatic,1757377,INR,48450,Cars24,21-09-2026,Hyderabad
https://www.cars24.com/buy-used-mahindra-xuv700-2023-cars-jaipur-10792470154/,2023 Mahindra XUV700 AX 5 P MT 7 STR,Mahindra,XUV700,2023,SUV,Petrol,Manual,1342100,INR,29991,Cars24,21-09-2026,Jaipur
https://www.cars24.com/buy-used-mahindra-xuv700-2023-cars-patna-14423577124/,2023 Mahindra XUV700 AX 7 D MT 7 STR,Mahindra,XUV700,2023,SUV,Diesel,Manual,1775273,INR,54398,Cars24,21-09-2026,Patna
https://www.cars24.com/buy-used-mahindra-xuv700-2024-cars-noida-11232076137/,2024 Mahindra XUV700 AX 5 P MT 7 STR,Mahindra,XUV700,2024,SUV,Petrol,Manual,1280100,INR,61557,Cars24,21-09-2026,Noida
https://www.cars24.com/buy-used-mahindra-xuv700-2024-cars-pune-10606873131/,2024 Mahindra XUV700 AX 7 LUXURY D AT 7 STR,Mahindra,XUV700,2024,SUV,Diesel,Automatic,2147911,INR,56041,Cars24,21-09-2026,Pune
https://www.cars24.com/buy-used-mahindra-xuv700-2025-cars-chandigarh-10985072137/,2025 Mahindra XUV700 AX 7 P AT 7 STR,Mahindra,XUV700,2025,SUV,Petrol,Automatic,1941500,INR,20896,Cars24,21-09-2026,Chandigarh
https://www.cars24.com/buy-used-maruti-alto-2019-cars-ahmedabad-25450675196/,2019 Maruti Alto VXI,Maruti,Alto,2019,Hatchback,Petrol,Manual,229277,INR,147926,Cars24,21-09-2026,Ahmedabad
https://www.cars24.com/buy-used-maruti-alto-2019-cars-patna-14436475174/,2019 Maruti Alto VXI,Maruti,Alto,2019,Hatchback,Petrol,Manual,260614,INR,60526,Cars24,21-09-2026,Patna
https://www.cars24.com/buy-used-maruti-alto-2020-cars-noida-13811290178/,2020 Maruti Alto LXI,Maruti,Alto,2020,Hatchback,Petrol,Manual,283140,INR,48543,Cars24,21-09-2026,Noida
https://www.cars24.com/buy-used-maruti-alto-2022-cars-ahmedabad-21367375188/,2022 Maruti Alto LXI OPT CNG,Maruti,Alto,2022,Hatchback,CNG,Manual,359301,INR,64183,Cars24,21-09-2026,Ahmedabad
https://www.cars24.com/buy-used-maruti-alto-2022-cars-gurgaon-13380376119/,2022 Maruti Alto LXI O,Maruti,Alto,2022,Hatchback,Petrol,Manual,287140,INR,88133,Cars24,21-09-2026,Gurgaon
https://www.cars24.com/buy-used-maruti-alto-2022-cars-kochi-27185467727/,2022 Maruti Alto VXI,Maruti,Alto,2022,Hatchback,Petrol,Manual,351140,INR,36017,Cars24,21-09-2026,Kochi
https://www.cars24.com/buy-used-maruti-alto-2023-cars-bhopal-14659571118/,2023 Maruti Alto LXI O,Maruti,Alto,2023,Hatchback,Petrol,Manual,344140,INR,38411,Cars24,21-09-2026,Bhopal
https://www.cars24.com/buy-used-maruti-alto-2023-cars-faridabad-13494978199/,2023 Maruti Alto VXI,Maruti,Alto,2023,Hatchback,Petrol,Manual,350184,INR,23077,Cars24,21-09-2026,Faridabad
https://www.cars24.com/buy-used-maruti-alto-2023-cars-indore-15325579170/,2023 Maruti Alto LXI O,Maruti,Alto,2023,Hatchback,Petrol,Manual,360140,INR,39150,Cars24,21-09-2026,Indore
https://www.cars24.com/buy-used-maruti-alto-800-2013-cars-jaipur-10787298102/,2013 Maruti Alto 800 LXI,Maruti,Alto 800,2013,Hatchback,Petrol,Manual,165614,INR,96920,Cars24,21-09-2026,Jaipur
https://www.cars24.com/buy-used-maruti-alto-800-2013-cars-kolkata-11904975177/,2013 Maruti Alto 800 LXI,Maruti,Alto 800,2013,Hatchback,Petrol,Manual,168140,INR,45730,Cars24,21-09-2026,Kolkata
https://www.cars24.com/buy-used-maruti-alto-800-2013-cars-kolkata-11940199139/,2013 Maruti Alto 800 LXI,Maruti,Alto 800,2013,Hatchback,Petrol,Manual,169614,INR,30993,Cars24,21-09-2026,Kolkata
https://www.cars24.com/buy-used-maruti-alto-800-2013-cars-kolkata-11977578113/,2013 Maruti Alto 800 LXI,Maruti,Alto 800,2013,Hatchback,Petrol,Manual,164140,INR,38943,Cars24,21-09-2026,Kolkata
https://www.cars24.com/buy-used-maruti-alto-800-2013-cars-nagpur-12331296141/,2013 Maruti Alto 800 LXI,Maruti,Alto 800,2013,Hatchback,Petrol,Manual,184000,INR,24595,Cars24,21-09-2026,Nagpur
https://www.cars24.com/buy-used-maruti-alto-800-2013-cars-nagpur-12393270117/,2013 Maruti Alto 800 LXI,Maruti,Alto 800,2013,Hatchback,Petrol,Manual,160000,INR,112938,Cars24,21-09-2026,Nagpur
https://www.cars24.com/buy-used-maruti-alto-800-2013-cars-zirakpur-14872773151/,2013 Maruti Alto 800 LXI,Maruti,Alto 800,2013,Hatchback,Petrol,Manual,165000,INR,125657,Cars24,21-09-2026,Zirakpur
https://www.cars24.com/buy-used-maruti-alto-800-2014-cars-chandigarh-11685173186/,2014 Maruti Alto 800 LXI,Maruti,Alto 800,2014,Hatchback,Petrol,Manual,208614,INR,51536,Cars24,21-09-2026,Chandigarh
https://www.cars24.com/buy-used-maruti-alto-800-2014-cars-coimbatore-16984192142/,2014 Maruti Alto 800 LXI,Maruti,Alto 800,2014,Hatchback,Petrol,Manual,226140,INR,58347,Cars24,21-09-2026,Coimbatore
https://www.cars24.com/buy-used-maruti-alto-800-2014-cars-jaipur-10726875110/,2014 Maruti Alto 800 VXI,Maruti,Alto 800,2014,Hatchback,Petrol,Manual,206140,INR,35217,Cars24,21-09-2026,Jaipur
https://www.cars24.com/buy-used-maruti-alto-800-2014-cars-kolkata-11982372114/,2014 Maruti Alto 800 LX,Maruti,Alto 800,2014,Hatchback,Petrol,Manual,161614,INR,65824,Cars24,21-09-2026,Kolkata
https://www.cars24.com/buy-used-maruti-alto-800-2014-cars-kolkata-11986878179/,2014 Maruti Alto 800 LXI,Maruti,Alto 800,2014,Hatchback,Petrol,Manual,147140,INR,21206,Cars24,21-09-2026,Kolkata
https://www.cars24.com/buy-used-maruti-alto-800-2014-cars-nagpur-12309190164/,2014 Maruti Alto 800 VXI,Maruti,Alto 800,2014,Hatchback,Petrol,Manual,190000,INR,50020,Cars24,21-09-2026,Nagpur
https://www.cars24.com/buy-used-maruti-alto-800-2014-cars-patna-14488272120/,2014 Maruti Alto 800 LXI,Maruti,Alto 800,2014,Hatchback,Petrol,Manual,189000,INR,26229,Cars24,21-09-2026,Patna
https://www.cars24.com/buy-used-maruti-alto-800-2015-cars-ahmedabad-15056769728/,2015 Maruti Alto 800 LXI,Maruti,Alto 800,2015,Hatchback,CNG,Manual,160174,INR,120047,Cars24,21-09-2026,Ahmedabad
https://www.cars24.com/buy-used-maruti-alto-800-2015-cars-indore-12807674184/,2015 Maruti Alto 800 VXI,Maruti,Alto 800,2015,Hatchback,CNG,Manual,245140,INR,93893,Cars24,21-09-2026,Indore
https://www.cars24.com/buy-used-maruti-alto-800-2015-cars-lucknow-13228091124/,2015 Maruti Alto 800 LXI,Maruti,Alto 800,2015,Hatchback,Petrol,Manual,158140,INR,100989,Cars24,21-09-2026,Lucknow
https://www.cars24.com/buy-used-maruti-alto-800-2015-cars-surat-13531975117/,2015 Maruti Alto 800 LXI,Maruti,Alto 800,2015,Hatchback,Petrol,Manual,208114,INR,40142,Cars24,21-09-2026,Surat
https://www.cars24.com/buy-used-maruti-alto-800-2015-cars-surat-13562495171/,2015 Maruti Alto 800 VXI,Maruti,Alto 800,2015,Hatchback,Petrol,Manual,205114,INR,48195,Cars24,21-09-2026,Surat
https://www.cars24.com/buy-used-maruti-alto-800-2016-cars-jaipur-10735070174/,2016 Maruti Alto 800 LXI,Maruti,Alto 800,2016,Hatchback,Petrol,Manual,208659,INR,56708,Cars24,21-09-2026,Jaipur
https://www.cars24.com/buy-used-maruti-alto-800-2016-cars-jaipur-10785499135/,2016 Maruti Alto 800 VXI,Maruti,Alto 800,2016,Hatchback,Petrol,Manual,201140,INR,42971,Cars24,21-09-2026,Jaipur
https://www.cars24.com/buy-used-maruti-alto-800-2016-cars-kolkata-11982676186/,2016 Maruti Alto 800 LXI,Maruti,Alto 800,2016,Hatchback,Petrol,Manual,188140,INR,21901,Cars24,21-09-2026,Kolkata
https://www.cars24.com/buy-used-maruti-alto-800-2016-cars-lucknow-13233298126/,2016 Maruti Alto 800 LXI,Maruti,Alto 800,2016,Hatchback,Petrol,Manual,169614,INR,125766,Cars24,21-09-2026,Lucknow
https://www.cars24.com/buy-used-maruti-alto-800-2016-cars-mumbai-43101297130/,2016 Maruti Alto 800 VXI,Maruti,Alto 800,2016,Hatchback,Petrol,Manual,196614,INR,65036,Cars24,21-09-2026,Mumbai
https://www.cars24.com/buy-used-maruti-alto-800-2016-cars-surat-13510576174/,2016 Maruti Alto 800 LXI,Maruti,Alto 800,2016,Hatchback,Petrol,Manual,219640,INR,31385,Cars24,21-09-2026,Surat
https://www.cars24.com/buy-used-maruti-alto-800-2016-cars-vadodara-13666071114/,2016 Maruti Alto 800 LXI,Maruti,Alto 800,2016,Hatchback,Petrol,Manual,224114,INR,62833,Cars24,21-09-2026,Vadodara
https://www.cars24.com/buy-used-maruti-alto-800-2017-cars-indore-15316194188/,2017 Maruti Alto 800 VXI,Maruti,Alto 800,2017,Hatchback,Petrol,Manual,264140,INR,61848,Cars24,21-09-2026,Indore
https://www.cars24.com/buy-used-maruti-alto-800-2017-cars-surat-13546495126/,2017 Maruti Alto 800 LXI,Maruti,Alto 800,2017,Hatchback,Petrol,Manual,174114,INR,85335,Cars24,21-09-2026,Surat
https://www.cars24.com/buy-used-maruti-alto-800-2017-cars-surat-13553599158/,2017 Maruti Alto 800 VXI,Maruti,Alto 800,2017,Hatchback,Petrol,Manual,202114,INR,28856,Cars24,21-09-2026,Surat
https://www.cars24.com/buy-used-maruti-alto-800-2018-cars-bhopal-14658677180/,2018 Maruti Alto 800 LXI,Maruti,Alto 800,2018,Hatchback,Petrol,Manual,200000,INR,80953,Cars24,21-09-2026,Bhopal
https://www.cars24.com/buy-used-maruti-alto-800-2018-cars-jaipur-15274503707/,2018 Maruti Alto 800 LXI,Maruti,Alto 800,2018,Hatchback,Petrol,Manual,223614,INR,95248,Cars24,21-09-2026,Jaipur
https://www.cars24.com/buy-used-maruti-alto-800-2018-cars-kolkata-11933174195/,2018 Maruti Alto 800 LXI,Maruti,Alto 800,2018,Hatchback,Petrol,Manual,182614,INR,33613,Cars24,21-09-2026,Kolkata
https://www.cars24.com/buy-used-maruti-alto-800-2018-cars-surat-13594898126/,2018 Maruti Alto 800 VXI,Maruti,Alto 800,2018,Hatchback,Petrol,Manual,227208,INR,43808,Cars24,21-09-2026,Surat
https://www.cars24.com/buy-used-maruti-alto-800-2018-cars-vadodara-13655670116/,2018 Maruti Alto 800 LXI,Maruti,Alto 800,2018,Hatchback,Petrol,Manual,223114,INR,56519,Cars24,21-09-2026,Vadodara
https://www.cars24.com/buy-used-maruti-alto-800-2019-cars-bhopal-15726871113/,2019 Maruti Alto 800 LXI,Maruti,Alto 800,2019,Hatchback,Petrol,Manual,275140,INR,15639,Cars24,21-09-2026,Bhopal
https://www.cars24.com/buy-used-maruti-alto-800-2019-cars-surat-10051294131/,2019 Maruti Alto 800 LXI,Maruti,Alto 800,2019,Hatchback,Petrol,Manual,214708,INR,83606,Cars24,21-09-2026,Surat
https://www.cars24.com/buy-used-maruti-alto-k10-2013-cars-chennai-11396490105/,2013 Maruti Alto K10 LXI,Maruti,Alto K10,2013,Hatchback,Petrol,Manual,220014,INR,67728,Cars24,21-09-2026,Chennai
https://www.cars24.com/buy-used-maruti-alto-k10-2014-cars-bangalore-16596994193/,2014 Maruti Alto K10 VXI,Maruti,Alto K10,2014,Hatchback,Petrol,Manual,191140,INR,76242,Cars24,21-09-2026,Bangalore
https://www.cars24.com/buy-used-maruti-alto-k10-2014-cars-chandigarh-23663392123/,2014 Maruti Alto K10 VXI,Maruti,Alto K10,2014,Hatchback,Petrol,Manual,240614,INR,37312,Cars24,21-09-2026,Chandigarh
https://www.cars24.com/buy-used-maruti-alto-k10-2015-cars-jaipur-10730971185/,2015 Maruti Alto K10 VXI,Maruti,Alto K10,2015,Hatchback,Petrol,Manual,304659,INR,52215,Cars24,21-09-2026,Jaipur
https://www.cars24.com/buy-used-maruti-alto-k10-2015-cars-new-delhi-41358278186/,2015 Maruti Alto K10 LXI,Maruti,Alto K10,2015,Hatchback,Petrol,Manual,165140,INR,57558,Cars24,21-09-2026,New Delhi
https://www.cars24.com/buy-used-maruti-alto-k10-2016-cars-hyderabad-10474270152/,2016 Maruti Alto K10 VXI,Maruti,Alto K10,2016,Hatchback,Petrol,Manual,230659,INR,83889,Cars24,21-09-2026,Hyderabad
https://www.cars24.com/buy-used-maruti-alto-k10-2016-cars-lucknow-13268470135/,2016 Maruti Alto K10 VXI,Maruti,Alto K10,2016,Hatchback,Petrol,Manual,241614,INR,50428,Cars24,21-09-2026,Lucknow
https://www.cars24.com/buy-used-maruti-alto-k10-2017-cars-gurgaon-13310872185/,2017 Maruti Alto K10 VXI (O),Maruti,Alto K10,2017,Hatchback,Petrol,Manual,250140,INR,34735,Cars24,21-09-2026,Gurgaon
https://www.cars24.com/buy-used-maruti-alto-k10-2017-cars-surat-13526990164/,2017 Maruti Alto K10 VXI (O) AMT,Maruti,Alto K10,2017,Hatchback,Petrol,Automatic,285540,INR,73927,Cars24,21-09-2026,Surat
https://www.cars24.com/buy-used-maruti-alto-k10-2018-cars-chandigarh-12745777116/,2018 Maruti Alto K10 VXI (O) AMT,Maruti,Alto K10,2018,Hatchback,Petrol,Automatic,308140,INR,46705,Cars24,21-09-2026,Chandigarh
https://www.cars24.com/buy-used-maruti-alto-k10-2018-cars-hyderabad-10407074136/,2018 Maruti Alto K10 VXI (O) AMT,Maruti,Alto K10,2018,Hatchback,Petrol,Automatic,317140,INR,44102,Cars24,21-09-2026,Hyderabad
https://www.cars24.com/buy-used-maruti-alto-k10-2018-cars-jaipur-10767771186/,2018 Maruti Alto K10 VXI,Maruti,Alto K10,2018,Hatchback,Petrol,Manual,274140,INR,50428,Cars24,21-09-2026,Jaipur
https://www.cars24.com/buy-used-maruti-alto-k10-2022-cars-chennai-11341173128/,2022 Maruti Alto K10 VXI,Maruti,Alto K10,2022,Hatchback,Petrol,Manual,377094,INR,22303,Cars24,21-09-2026,Chennai
https://www.cars24.com/buy-used-maruti-alto-k10-2024-cars-ahmedabad-11464777133/,2024 Maruti Alto K10 VXI,Maruti,Alto K10,2024,Hatchback,Petrol,Manual,402855,INR,9860,Cars24,21-09-2026,Ahmedabad
https://www.cars24.com/buy-used-maruti-alto-k10-2024-cars-bhopal-14684691150/,2024 Maruti Alto K10 VXI PLUS,Maruti,Alto K10,2024,Hatchback,Petrol,Manual,457580,INR,7381,Cars24,21-09-2026,Bhopal
https://www.cars24.com/buy-used-maruti-alto-k10-2024-cars-chandigarh-11623979176/,2024 Maruti Alto K10 VXI,Maruti,Alto K10,2024,Hatchback,Petrol,Manual,380320,INR,15204,Cars24,21-09-2026,Chandigarh
https://www.cars24.com/buy-used-maruti-alto-k10-2024-cars-indore-12830369762/,2024 Maruti Alto K10 LXI,Maruti,Alto K10,2024,Hatchback,Petrol,Manual,319140,INR,47110,Cars24,21-09-2026,Indore
https://www.cars24.com/buy-used-maruti-alto-k10-2024-cars-jaipur-10030577171/,2024 Maruti Alto K10 VXI PLUS AMT,Maruti,Alto K10,2024,Hatchback,Petrol,Automatic,462054,INR,17539,Cars24,21-09-2026,Jaipur
https://www.cars24.com/buy-used-maruti-alto-k10-2024-cars-jaipur-10766579115/,2024 Maruti Alto K10 VXI PLUS AMT,Maruti,Alto K10,2024,Hatchback,Petrol,Automatic,455580,INR,19029,Cars24,21-09-2026,Jaipur
https://www.cars24.com/buy-used-maruti-alto-k10-2025-cars-indore-14676070171/,2025 Maruti Alto K10 VXI PLUS AMT,Maruti,Alto K10,2025,Hatchback,Petrol,Automatic,468420,INR,7257,Cars24,21-09-2026,Indore
https://www.cars24.com/buy-used-maruti-alto-k10-2025-cars-kolkata-28614571156/,2025 Maruti Alto K10 VXi Plus (O),Maruti,Alto K10,2025,Hatchback,Petrol,Manual,436420,INR,1790,Cars24,21-09-2026,Kolkata
https://www.cars24.com/buy-used-maruti-baleno-2015-cars-nagpur-12332471133/,2015 Maruti Baleno ALPHA PETROL 1.2,Maruti,Baleno,2015,Hatchback,Petrol,Manual,330000,INR,98864,Cars24,21-09-2026,Nagpur
https://www.cars24.com/buy-used-maruti-baleno-2016-cars-chandigarh-12901672156/,2016 Maruti Baleno DELTA CVT PETROL 1.2,Maruti,Baleno,2016,Hatchback,Petrol,Automatic,406296,INR,62579,Cars24,21-09-2026,Chandigarh
https://www.cars24.com/buy-used-maruti-baleno-2016-cars-surat-13543290179/,2016 Maruti Baleno ZETA DIESEL 1.3,Maruti,Baleno,2016,Hatchback,Diesel,Manual,442676,INR,68780,Cars24,21-09-2026,Surat
https://www.cars24.com/buy-used-maruti-baleno-2017-cars-hyderabad-10477890148/,2017 Maruti Baleno ZETA CVT PETROL 1.2,Maruti,Baleno,2017,Hatchback,Petrol,Automatic,553480,INR,59460,Cars24,21-09-2026,Hyderabad
https://www.cars24.com/buy-used-maruti-baleno-2017-cars-hyderabad-12195478152/,2017 Maruti Baleno ALPHA PETROL 1.2,Maruti,Baleno,2017,Hatchback,Petrol,Manual,510120,INR,48349,Cars24,21-09-2026,Hyderabad
https://www.cars24.com/buy-used-maruti-baleno-2017-cars-kolkata-11931993103/,2017 Maruti Baleno ZETA PETROL 1.2,Maruti,Baleno,2017,Hatchback,Petrol,Manual,303936,INR,74404,Cars24,21-09-2026,Kolkata
https://www.cars24.com/buy-used-maruti-baleno-2017-cars-kolkata-28651490189/,2017 Maruti Baleno DELTA PETROL 1.2,Maruti,Baleno,2017,Hatchback,Petrol,Manual,312936,INR,66012,Cars24,21-09-2026,Kolkata
https://www.cars24.com/buy-used-maruti-baleno-2017-cars-lucknow-15965377173/,2017 Maruti Baleno DELTA PETROL 1.2,Maruti,Baleno,2017,Hatchback,Petrol,Manual,370320,INR,66979,Cars24,21-09-2026,Lucknow
https://www.cars24.com/buy-used-maruti-baleno-2017-cars-nagpur-12393075136/,2017 Maruti Baleno SIGMA PETROL 1.2,Maruti,Baleno,2017,Hatchback,Petrol,Manual,399000,INR,61345,Cars24,21-09-2026,Nagpur
https://www.cars24.com/buy-used-maruti-baleno-2017-cars-new-delhi-12227270150/,2017 Maruti Baleno DELTA PETROL 1.2,Maruti,Baleno,2017,Hatchback,Petrol,Manual,399500,INR,19522,Cars24,21-09-2026,New Delhi
https://www.cars24.com/buy-used-maruti-baleno-2017-cars-patna-14457092134/,2017 Maruti Baleno ZETA PETROL 1.2,Maruti,Baleno,2017,Hatchback,Petrol,Manual,391116,INR,81284,Cars24,21-09-2026,Patna
https://www.cars24.com/buy-used-maruti-baleno-2017-cars-visakhapatnam-12189972152/,2017 Maruti Baleno ZETA CVT PETROL 1.2,Maruti,Baleno,2017,Hatchback,Petrol,Automatic,506023,INR,51532,Cars24,21-09-2026,Visakhapatnam
https://www.cars24.com/buy-used-maruti-baleno-2018-cars-bangalore-10275573134/,2018 Maruti Baleno DELTA PETROL 1.2,Maruti,Baleno,2018,Hatchback,Petrol,Manual,547590,INR,61172,Cars24,21-09-2026,Bangalore
https://www.cars24.com/buy-used-maruti-baleno-2018-cars-chandigarh-11621473150/,2018 Maruti Baleno DELTA PETROL 1.2,Maruti,Baleno,2018,Hatchback,Petrol,Manual,341720,INR,117077,Cars24,21-09-2026,Chandigarh
https://www.cars24.com/buy-used-maruti-baleno-2018-cars-gurgaon-10103396138/,2018 Maruti Baleno DELTA PETROL 1.2,Maruti,Baleno,2018,Hatchback,CNG,Manual,417456,INR,71578,Cars24,21-09-2026,Gurgaon
https://www.cars24.com/buy-used-maruti-baleno-2018-cars-hyderabad-10453071185/,2018 Maruti Baleno ALPHA PETROL 1.2,Maruti,Baleno,2018,Hatchback,Petrol,Manual,563276,INR,44011,Cars24,21-09-2026,Hyderabad
https://www.cars24.com/buy-used-maruti-baleno-2018-cars-lucknow-18134079153/,2018 Maruti Baleno DELTA PETROL 1.2,Maruti,Baleno,2018,Hatchback,Petrol,Manual,437680,INR,50940,Cars24,21-09-2026,Lucknow
https://www.cars24.com/buy-used-maruti-baleno-2018-cars-noida-11239776137/,2018 Maruti Baleno ZETA CVT PETROL 1.2,Maruti,Baleno,2018,Hatchback,Petrol,Automatic,375560,INR,92249,Cars24,21-09-2026,Noida
https://www.cars24.com/buy-used-maruti-baleno-2018-cars-patna-10032764704/,2018 Maruti Baleno ALPHA PETROL 1.2,Maruti,Baleno,2018,Hatchback,Petrol,Manual,370116,INR,90547,Cars24,21-09-2026,Patna
https://www.cars24.com/buy-used-maruti-baleno-2018-cars-pune-10643178187/,2018 Maruti Baleno DELTA PETROL 1.2,Maruti,Baleno,2018,Hatchback,Petrol,Manual,436680,INR,28667,Cars24,21-09-2026,Pune
https://www.cars24.com/buy-used-maruti-baleno-2018-cars-vadodara-13598460792/,2018 Maruti Baleno DELTA PETROL 1.2,Maruti,Baleno,2018,Hatchback,Petrol,Manual,372323,INR,90395,Cars24,21-09-2026,Vadodara
https://www.cars24.com/buy-used-maruti-baleno-2019-cars-indore-15786374174/,2019 Maruti Baleno DELTA PETROL 1.2,Maruti,Baleno,2019,Hatchback,Petrol,Manual,473760,INR,63078,Cars24,21-09-2026,Indore
https://www.cars24.com/buy-used-maruti-baleno-2019-cars-karnal-11648194133/,2019 Maruti Baleno DELTA PETROL 1.2,Maruti,Baleno,2019,Hatchback,Petrol,Manual,372240,INR,65777,Cars24,21-09-2026,Karnal
https://www.cars24.com/buy-used-maruti-baleno-2020-cars-hyderabad-10449179152/,2020 Maruti Baleno ALPHA CVT PETROL 1.2,Maruti,Baleno,2020,Hatchback,Petrol,Automatic,607840,INR,72096,Cars24,21-09-2026,Hyderabad
https://www.cars24.com/buy-used-maruti-baleno-2020-cars-patna-13251573114/,2020 Maruti Baleno ZETA PETROL 1.2,Maruti,Baleno,2020,Hatchback,Petrol,Manual,516916,INR,34642,Cars24,21-09-2026,Patna
https://www.cars24.com/buy-used-maruti-baleno-2020-cars-patna-14493976176/,2020 Maruti Baleno SIGMA PETROL 1.2,Maruti,Baleno,2020,Hatchback,Petrol,Manual,417296,INR,80695,Cars24,21-09-2026,Patna
https://www.cars24.com/buy-used-maruti-baleno-2021-cars-coimbatore-13725890192/,2021 Maruti Baleno DELTA PETROL 1.2,Maruti,Baleno,2021,Hatchback,Petrol,Manual,560276,INR,60466,Cars24,21-09-2026,Coimbatore
https://www.cars24.com/buy-used-maruti-baleno-2021-cars-gurgaon-13383377150/,2021 Maruti Baleno ZETA PETROL 1.2,Maruti,Baleno,2021,Hatchback,Petrol,Manual,511736,INR,64506,Cars24,21-09-2026,Gurgaon
https://www.cars24.com/buy-used-maruti-baleno-2021-cars-hyderabad-10428372134/,2021 Maruti Baleno ZETA PETROL 1.2,Maruti,Baleno,2021,Hatchback,Petrol,Manual,638076,INR,45454,Cars24,21-09-2026,Hyderabad
https://www.cars24.com/buy-used-maruti-baleno-2021-cars-indore-14610470116/,2021 Maruti Baleno SIGMA PETROL 1.2,Maruti,Baleno,2021,Hatchback,Petrol,Manual,449580,INR,70728,Cars24,21-09-2026,Indore
https://www.cars24.com/buy-used-maruti-baleno-2021-cars-noida-10054990129/,2021 Maruti Baleno ZETA PETROL 1.2,Maruti,Baleno,2021,Hatchback,Petrol,Manual,499736,INR,48125,Cars24,21-09-2026,Noida
https://www.cars24.com/buy-used-maruti-baleno-2021-cars-patna-14416971156/,2021 Maruti Baleno DELTA PETROL 1.2,Maruti,Baleno,2021,Hatchback,Petrol,Manual,495940,INR,39436,Cars24,21-09-2026,Patna
https://www.cars24.com/buy-used-maruti-baleno-2021-cars-pune-10609277136/,2021 Maruti Baleno ZETA PETROL 1.2,Maruti,Baleno,2021,Hatchback,Petrol,Manual,566596,INR,54680,Cars24,21-09-2026,Pune
https://www.cars24.com/buy-used-maruti-baleno-2022-cars-hyderabad-10446671152/,2022 Maruti Baleno DELTA PETROL 1.2,Maruti,Baleno,2022,Hatchback,Petrol,Manual,545096,INR,120446,Cars24,21-09-2026,Hyderabad
https://www.cars24.com/buy-used-maruti-baleno-2023-cars-ahmedabad-11429977137/,2023 Maruti Baleno ALPHA 1.2 AGS,Maruti,Baleno,2023,Hatchback,Petrol,Automatic,648105,INR,48780,Cars24,21-09-2026,Ahmedabad
https://www.cars24.com/buy-used-maruti-baleno-2023-cars-chandigarh-19133370177/,2023 Maruti Baleno ALPHA PETROL 1.2,Maruti,Baleno,2023,Hatchback,Petrol,Manual,637636,INR,45075,Cars24,21-09-2026,Chandigarh
https://www.cars24.com/buy-used-maruti-baleno-2023-cars-nagpur-12369477146/,2023 Maruti Baleno SIGMA PETROL 1.2,Maruti,Baleno,2023,Hatchback,Petrol,Manual,565000,INR,111500,Cars24,21-09-2026,Nagpur
https://www.cars24.com/buy-used-maruti-baleno-2024-cars-vadodara-13634671131/,2024 Maruti Baleno SIGMA PETROL 1.2,Maruti,Baleno,2024,Hatchback,Petrol,Manual,526894,INR,11594,Cars24,21-09-2026,Vadodara
https://www.cars24.com/buy-used-maruti-baleno-2025-cars-bangalore-10251571126/,2025 Maruti Baleno SIGMA PETROL 1.2,Maruti,Baleno,2025,Hatchback,Petrol,Manual,611459,INR,18427,Cars24,21-09-2026,Bangalore
https://www.cars24.com/buy-used-maruti-brezza-2022-cars-chennai-11334775137/,2022 Maruti BREZZA VXI SMART HYBRID,Maruti,BREZZA,2022,SUV,Petrol,Manual,771636,INR,28086,Cars24,21-09-2026,Chennai
https://www.cars24.com/buy-used-maruti-brezza-2022-cars-jaipur-10717892131/,2022 Maruti BREZZA ZXI,Maruti,BREZZA,2022,SUV,Petrol,Manual,681840,INR,65788,Cars24,21-09-2026,Jaipur
https://www.cars24.com/buy-used-maruti-brezza-2023-cars-bhopal-14623474114/,2023 Maruti BREZZA ZXI + AT SMART HYBRID,Maruti,BREZZA,2023,SUV,Petrol,Automatic,1080100,INR,20225,Cars24,21-09-2026,Bhopal
https://www.cars24.com/buy-used-maruti-brezza-2024-cars-chandigarh-11654299136/,2024 Maruti BREZZA ZXI AT SMART HYBRID,Maruti,BREZZA,2024,SUV,Petrol,Automatic,1019920,INR,53554,Cars24,21-09-2026,Chandigarh
https://www.cars24.com/buy-used-maruti-celerio-2014-cars-chennai-11379576180/,2014 Maruti Celerio VXI AMT,Maruti,Celerio,2014,Hatchback,Petrol,Automatic,276140,INR,112028,Cars24,21-09-2026,Chennai
https://www.cars24.com/buy-used-maruti-celerio-2014-cars-coimbatore-11316230766/,2014 Maruti Celerio VXI AMT,Maruti,Celerio,2014,Hatchback,Petrol,Automatic,279385,INR,67554,Cars24,21-09-2026,Coimbatore
https://www.cars24.com/buy-used-maruti-celerio-2014-cars-pune-10664092188/,2014 Maruti Celerio VXI AMT,Maruti,Celerio,2014,Hatchback,Petrol,Automatic,312614,INR,56739,Cars24,21-09-2026,Pune
https://www.cars24.com/buy-used-maruti-celerio-2015-cars-kochi-13089191114/,2015 Maruti Celerio VXI,Maruti,Celerio,2015,Hatchback,Petrol,Manual,276140,INR,76041,Cars24,21-09-2026,Kochi
https://www.cars24.com/buy-used-maruti-celerio-2015-cars-kochi-18017890147/,2015 Maruti Celerio ZXI,Maruti,Celerio,2015,Hatchback,CNG,Manual,344140,INR,43476,Cars24,21-09-2026,Kochi
https://www.cars24.com/buy-used-maruti-celerio-2015-cars-noida-10540471189/,2015 Maruti Celerio ZXI AMT,Maruti,Celerio,2015,Hatchback,Petrol,Automatic,235140,INR,67148,Cars24,21-09-2026,Noida
https://www.cars24.com/buy-used-maruti-celerio-2016-cars-ahmedabad-11431494107/,2016 Maruti Celerio VXI,Maruti,Celerio,2016,Hatchback,Petrol,Manual,273114,INR,62613,Cars24,21-09-2026,Ahmedabad
https://www.cars24.com/buy-used-maruti-celerio-2016-cars-ahmedabad-11431878135/,2016 Maruti Celerio VXI,Maruti,Celerio,2016,Hatchback,Petrol,Manual,242114,INR,72459,Cars24,21-09-2026,Ahmedabad
https://www.cars24.com/buy-used-maruti-celerio-2016-cars-chandigarh-10766998172/,2016 Maruti Celerio VXI CNG,Maruti,Celerio,2016,Hatchback,CNG,Manual,250140,INR,110008,Cars24,21-09-2026,Chandigarh
https://www.cars24.com/buy-used-maruti-celerio-2016-cars-indore-20333798167/,2016 Maruti Celerio VXI,Maruti,Celerio,2016,Hatchback,Petrol,Manual,270140,INR,30079,Cars24,21-09-2026,Indore
https://www.cars24.com/buy-used-maruti-celerio-2016-cars-mumbai-10352492197/,2016 Maruti Celerio ZXI,Maruti,Celerio,2016,Hatchback,CNG,Manual,311714,INR,57018,Cars24,21-09-2026,Mumbai
https://www.cars24.com/buy-used-maruti-celerio-2016-cars-mumbai-10357173180/,2016 Maruti Celerio ZXI AMT,Maruti,Celerio,2016,Hatchback,Petrol,Automatic,324140,INR,34993,Cars24,21-09-2026,Mumbai
https://www.cars24.com/buy-used-maruti-celerio-2016-cars-mumbai-10375677127/,2016 Maruti Celerio VXI,Maruti,Celerio,2016,Hatchback,Petrol,Manual,309689,INR,14265,Cars24,21-09-2026,Mumbai
https://www.cars24.com/buy-used-maruti-celerio-2016-cars-pune-10652391140/,2016 Maruti Celerio ZXI,Maruti,Celerio,2016,Hatchback,Petrol,Manual,269140,INR,40281,Cars24,21-09-2026,Pune
https://www.cars24.com/buy-used-maruti-celerio-2016-cars-surat-13507794162/,2016 Maruti Celerio VXI AMT,Maruti,Celerio,2016,Hatchback,Petrol,Automatic,275588,INR,109297,Cars24,21-09-2026,Surat
https://www.cars24.com/buy-used-maruti-celerio-2017-cars-chennai-11328076133/,2017 Maruti Celerio VXI AMT,Maruti,Celerio,2017,Hatchback,Petrol,Automatic,327000,INR,70426,Cars24,21-09-2026,Chennai
https://www.cars24.com/buy-used-maruti-celerio-2017-cars-chennai-11330476132/,2017 Maruti Celerio ZXI AMT,Maruti,Celerio,2017,Hatchback,Petrol,Automatic,363320,INR,67623,Cars24,21-09-2026,Chennai
https://www.cars24.com/buy-used-maruti-celerio-2017-cars-surat-13530991191/,2017 Maruti Celerio VXI AMT,Maruti,Celerio,2017,Hatchback,Petrol,Automatic,322114,INR,30061,Cars24,21-09-2026,Surat
https://www.cars24.com/buy-used-maruti-celerio-2018-cars-indore-12816694163/,2018 Maruti Celerio VXI AMT,Maruti,Celerio,2018,Hatchback,Petrol,Automatic,300140,INR,83126,Cars24,21-09-2026,Indore
https://www.cars24.com/buy-used-maruti-celerio-2018-cars-pune-10652777154/,2018 Maruti Celerio VXI (O) CNG,Maruti,Celerio,2018,Hatchback,CNG,Manual,353140,INR,109070,Cars24,21-09-2026,Pune
https://www.cars24.com/buy-used-maruti-celerio-2018-cars-pune-10660477137/,2018 Maruti Celerio VXI,Maruti,Celerio,2018,Hatchback,Petrol,Manual,372122,INR,62236,Cars24,21-09-2026,Pune
https://www.cars24.com/buy-used-maruti-celerio-2019-cars-kochi-13058476157/,2019 Maruti Celerio VXI,Maruti,Celerio,2019,Hatchback,Petrol,Manual,431680,INR,25844,Cars24,21-09-2026,Kochi
https://www.cars24.com/buy-used-maruti-celerio-2019-cars-surat-13541165766/,2019 Maruti Celerio VXI CNG,Maruti,Celerio,2019,Hatchback,CNG,Manual,278057,INR,112458,Cars24,21-09-2026,Surat
https://www.cars24.com/buy-used-maruti-celerio-2020-cars-pune-10624071131/,2020 Maruti Celerio VXI (O),Maruti,Celerio,2020,Hatchback,Petrol,Manual,396974,INR,30868,Cars24,21-09-2026,Pune
https://www.cars24.com/buy-used-maruti-celerio-2022-cars-coimbatore-16969677159/,2022 Maruti Celerio ZXI PLUS,Maruti,Celerio,2022,Hatchback,Petrol,Manual,507940,INR,26757,Cars24,21-09-2026,Coimbatore
https://www.cars24.com/buy-used-maruti-celerio-2022-cars-gurgaon-13487165768/,2022 Maruti Celerio VXI,Maruti,Celerio,2022,Hatchback,Petrol,Manual,391460,INR,34195,Cars24,21-09-2026,Gurgaon
https://www.cars24.com/buy-used-maruti-celerio-2022-cars-jaipur-11869772117/,2022 Maruti Celerio ZXI,Maruti,Celerio,2022,Hatchback,Petrol,Manual,460054,INR,61723,Cars24,21-09-2026,Jaipur
https://www.cars24.com/buy-used-maruti-celerio-2022-cars-kochi-13040071119/,2022 Maruti Celerio ZXI PLUS AGS,Maruti,Celerio,2022,Hatchback,Petrol,Automatic,569480,INR,35230,Cars24,21-09-2026,Kochi
https://www.cars24.com/buy-used-maruti-celerio-2022-cars-noida-10005579150/,2022 Maruti Celerio VXI CNG,Maruti,Celerio,2022,Hatchback,CNG,Manual,422728,INR,53909,Cars24,21-09-2026,Noida
https://www.cars24.com/buy-used-maruti-celerio-2022-cars-surat-13539576137/,2022 Maruti Celerio ZXI PLUS,Maruti,Celerio,2022,Hatchback,CNG,Manual,490060,INR,66506,Cars24,21-09-2026,Surat
https://www.cars24.com/buy-used-maruti-celerio-2022-cars-vadodara-13624375150/,2022 Maruti Celerio VXI,Maruti,Celerio,2022,Hatchback,Petrol,Manual,366000,INR,74706,Cars24,21-09-2026,Vadodara
https://www.cars24.com/buy-used-maruti-celerio-2024-cars-bangalore-10210470151/,2024 Maruti Celerio ZXI PLUS AGS,Maruti,Celerio,2024,Hatchback,Petrol,Automatic,600135,INR,24383,Cars24,21-09-2026,Bangalore
https://www.cars24.com/buy-used-maruti-celerio-2024-cars-chandigarh-11632979176/,2024 Maruti Celerio VXI AMT,Maruti,Celerio,2024,Hatchback,Petrol,Automatic,486600,INR,23850,Cars24,21-09-2026,Chandigarh
https://www.cars24.com/buy-used-maruti-celerio-2024-cars-jaipur-11828679110/,2024 Maruti Celerio ZXI PLUS AGS,Maruti,Celerio,2024,Hatchback,Petrol,Automatic,553780,INR,9112,Cars24,21-09-2026,Jaipur
https://www.cars24.com/buy-used-maruti-celerio-x-2017-cars-indore-12823073170/,2017 Maruti Celerio X VXI AMT,Maruti,Celerio X,2017,Hatchback,CNG,Automatic,347140,INR,65762,Cars24,21-09-2026,Indore
https://www.cars24.com/buy-used-maruti-celerio-x-2018-cars-bhopal-14682272132/,2018 Maruti Celerio X ZXI (O) AMT,Maruti,Celerio X,2018,Hatchback,Petrol,Automatic,325000,INR,44458,Cars24,21-09-2026,Bhopal
https://www.cars24.com/buy-used-maruti-celerio-x-2020-cars-bangalore-11111575189/,2020 Maruti Celerio X ZXI,Maruti,Celerio X,2020,Hatchback,Petrol,Manual,494940,INR,26933,Cars24,21-09-2026,Bangalore
https://www.cars24.com/buy-used-maruti-ciaz-2015-cars-bangalore-14001876113/,2015 Maruti Ciaz ZXI+,Maruti,Ciaz,2015,Sedan,Petrol,Manual,428476,INR,93480,Cars24,21-09-2026,Bangalore
https://www.cars24.com/buy-used-maruti-ciaz-2015-cars-mumbai-10336699166/,2015 Maruti Ciaz ZXI AT,Maruti,Ciaz,2015,Sedan,Petrol,Automatic,339140,INR,53458,Cars24,21-09-2026,Mumbai
https://www.cars24.com/buy-used-maruti-ciaz-2016-cars-chandigarh-12916878192/,2016 Maruti Ciaz ZXI+,Maruti,Ciaz,2016,Sedan,Petrol,Manual,440476,INR,59824,Cars24,21-09-2026,Chandigarh
https://www.cars24.com/buy-used-maruti-ciaz-2016-cars-indore-15336593108/,2016 Maruti Ciaz VDI+ SHVS,Maruti,Ciaz,2016,Sedan,Diesel,Manual,382320,INR,102141,Cars24,21-09-2026,Indore
https://www.cars24.com/buy-used-maruti-ciaz-2016-cars-jaipur-10791890107/,2016 Maruti Ciaz VDI+ SHVS,Maruti,Ciaz,2016,Sedan,Diesel,Manual,412068,INR,98571,Cars24,21-09-2026,Jaipur
https://www.cars24.com/buy-used-maruti-ciaz-2016-cars-kolkata-11908090100/,2016 Maruti Ciaz ZXI,Maruti,Ciaz,2016,Sedan,Petrol,Manual,369989,INR,33966,Cars24,21-09-2026,Kolkata
https://www.cars24.com/buy-used-maruti-ciaz-2017-cars-kochi-13015795182/,2017 Maruti Ciaz ALPHA  AT 1.4  PETROL,Maruti,Ciaz,2017,Sedan,Petrol,Automatic,480060,INR,123222,Cars24,21-09-2026,Kochi
https://www.cars24.com/buy-used-maruti-ciaz-2017-cars-kolkata-11930791132/,2017 Maruti Ciaz DELTA 1.4 MT PETROL,Maruti,Ciaz,2017,Sedan,Petrol,Manual,319936,INR,39962,Cars24,21-09-2026,Kolkata
https://www.cars24.com/buy-used-maruti-ciaz-2017-cars-mumbai-10327170136/,2017 Maruti Ciaz DELTA 1.4 AT PETROL,Maruti,Ciaz,2017,Sedan,Petrol,Automatic,395296,INR,47885,Cars24,21-09-2026,Mumbai
https://www.cars24.com/buy-used-maruti-ciaz-2018-cars-mumbai-10370874186/,2018 Maruti Ciaz ALPHA 1.5 SHVS PETROL,Maruti,Ciaz,2018,Sedan,Petrol,Manual,546526,INR,63378,Cars24,21-09-2026,Mumbai
https://www.cars24.com/buy-used-maruti-ciaz-2018-cars-patna-14425070116/,2018 Maruti Ciaz DELTA 1.4 MT PETROL,Maruti,Ciaz,2018,Sedan,Petrol,Manual,474760,INR,62393,Cars24,21-09-2026,Patna
https://www.cars24.com/buy-used-maruti-ciaz-2018-cars-vadodara-13622968703/,2018 Maruti Ciaz ALPHA 1.5 SHVS PETROL,Maruti,Ciaz,2018,Sedan,Petrol,Manual,655964,INR,46451,Cars24,21-09-2026,Vadodara
https://www.cars24.com/buy-used-maruti-ciaz-2019-cars-lucknow-13984595187/,2019 Maruti Ciaz SIGMA 1.5 SHVS MT  PETROL,Maruti,Ciaz,2019,Sedan,Petrol,Manual,439476,INR,63663,Cars24,21-09-2026,Lucknow
https://www.cars24.com/buy-used-maruti-ciaz-2020-cars-pune-12899277139/,2020 Maruti Ciaz ALPHA 1.5 SHVS PETROL,Maruti,Ciaz,2020,Sedan,Petrol,Manual,632636,INR,36488,Cars24,21-09-2026,Pune
https://www.cars24.com/buy-used-maruti-ciaz-2022-cars-bhopal-12875571173/,2022 Maruti Ciaz ZETA 1.5 SHVS MT PETROL,Maruti,Ciaz,2022,Sedan,Petrol,Manual,677636,INR,38878,Cars24,21-09-2026,Bhopal
https://www.cars24.com/buy-used-maruti-ciaz-2022-cars-bhopal-14636277174/,2022 Maruti Ciaz SIGMA 1.5 SHVS MT  PETROL,Maruti,Ciaz,2022,Sedan,Petrol,Manual,553436,INR,92013,Cars24,21-09-2026,Bhopal
https://www.cars24.com/buy-used-maruti-ciaz-2022-cars-jaipur-10778772135/,2022 Maruti Ciaz ALPHA 1.5 SHVS PETROL,Maruti,Ciaz,2022,Sedan,Petrol,Manual,700796,INR,24757,Cars24,21-09-2026,Jaipur
https://www.cars24.com/buy-used-maruti-ciaz-2022-cars-vadodara-13683171118/,2022 Maruti Ciaz ALPHA  AT 1.5 SHVS PETROL,Maruti,Ciaz,2022,Sedan,Petrol,Automatic,681645,INR,66818,Cars24,21-09-2026,Vadodara
https://www.cars24.com/buy-used-maruti-ciaz-2024-cars-jaipur-10766692167/,2024 Maruti Ciaz ALPHA 1.5 SHVS DUAL TONE  PETROL,Maruti,Ciaz,2024,Sedan,CNG,Manual,731840,INR,47102,Cars24,21-09-2026,Jaipur
https://www.cars24.com/buy-used-maruti-dzire-2017-cars-kochi-13084693171/,2017 Maruti Dzire ZXI,Maruti,Dzire,2017,Sedan,Petrol,Manual,477760,INR,120884,Cars24,21-09-2026,Kochi
https://www.cars24.com/buy-used-maruti-dzire-2017-cars-kolkata-11991996197/,2017 Maruti Dzire ZXI,Maruti,Dzire,2017,Sedan,Petrol,Manual,308936,INR,107601,Cars24,21-09-2026,Kolkata
https://www.cars24.com/buy-used-maruti-dzire-2017-cars-patna-14413477126/,2017 Maruti Dzire LDI,Maruti,Dzire,2017,Sedan,Diesel,Manual,348500,INR,164111,Cars24,21-09-2026,Patna
https://www.cars24.com/buy-used-maruti-dzire-2018-cars-kolkata-11912772193/,2018 Maruti Dzire VXI,Maruti,Dzire,2018,Sedan,Petrol,Manual,356936,INR,94507,Cars24,21-09-2026,Kolkata
https://www.cars24.com/buy-used-maruti-dzire-2018-cars-mohali-23314178158/,2018 Maruti Dzire VDI,Maruti,Dzire,2018,Sedan,Diesel,Manual,440000,INR,79869,Cars24,21-09-2026,Mohali
https://www.cars24.com/buy-used-maruti-dzire-2018-cars-patna-41752192106/,2018 Maruti Dzire ZXI PLUS,Maruti,Dzire,2018,Sedan,Petrol,Manual,476556,INR,93761,Cars24,21-09-2026,Patna
https://www.cars24.com/buy-used-maruti-dzire-2019-cars-coimbatore-13780490182/,2019 Maruti Dzire VDI,Maruti,Dzire,2019,Sedan,Diesel,Manual,611840,INR,115270,Cars24,21-09-2026,Coimbatore
https://www.cars24.com/buy-used-maruti-dzire-2019-cars-indore-15738975111/,2019 Maruti Dzire VXI,Maruti,Dzire,2019,Sedan,Petrol,Manual,528120,INR,19349,Cars24,21-09-2026,Indore
https://www.cars24.com/buy-used-maruti-dzire-2020-cars-kolkata-11982272150/,2020 Maruti Dzire ZXI Plus,Maruti,Dzire,2020,Sedan,Petrol,Manual,515916,INR,32151,Cars24,21-09-2026,Kolkata
https://www.cars24.com/buy-used-maruti-dzire-2020-cars-patna-14446270110/,2020 Maruti Dzire VXI,Maruti,Dzire,2020,Sedan,Petrol,Manual,506736,INR,79834,Cars24,21-09-2026,Patna
https://www.cars24.com/buy-used-maruti-dzire-2020-cars-surat-13551192138/,2020 Maruti Dzire VXI AMT,Maruti,Dzire,2020,Sedan,Petrol,Automatic,491581,INR,31072,Cars24,21-09-2026,Surat
https://www.cars24.com/buy-used-maruti-dzire-2021-cars-lucknow-15953491174/,2021 Maruti Dzire VXI,Maruti,Dzire,2021,Sedan,Petrol,Manual,454376,INR,97611,Cars24,21-09-2026,Lucknow
https://www.cars24.com/buy-used-maruti-dzire-2021-cars-nagpur-12321477116/,2021 Maruti Dzire VXI AMT,Maruti,Dzire,2021,Sedan,Petrol,Automatic,622206,INR,88731,Cars24,21-09-2026,Nagpur
https://www.cars24.com/buy-used-maruti-dzire-2022-cars-hyderabad-10401995192/,2022 Maruti Dzire ZXI Plus AMT,Maruti,Dzire,2022,Sedan,Petrol,Automatic,639636,INR,60061,Cars24,21-09-2026,Hyderabad
https://www.cars24.com/buy-used-maruti-dzire-2022-cars-hyderabad-10416190167/,2022 Maruti Dzire ZXI AMT,Maruti,Dzire,2022,Sedan,Petrol,Automatic,601636,INR,61280,Cars24,21-09-2026,Hyderabad
https://www.cars24.com/buy-used-maruti-dzire-2022-cars-indore-12887770135/,2022 Maruti Dzire VXI AMT,Maruti,Dzire,2022,Sedan,Petrol,Automatic,647840,INR,37645,Cars24,21-09-2026,Indore
https://www.cars24.com/buy-used-maruti-dzire-2022-cars-indore-15763796194/,2022 Maruti Dzire LXI,Maruti,Dzire,2022,Sedan,CNG,Manual,540300,INR,32324,Cars24,21-09-2026,Indore
https://www.cars24.com/buy-used-maruti-dzire-2022-cars-jaipur-10039172159/,2022 Maruti Dzire LXI,Maruti,Dzire,2022,Sedan,Petrol,Manual,599636,INR,135667,Cars24,21-09-2026,Jaipur
https://www.cars24.com/buy-used-maruti-dzire-2024-cars-mumbai-10085474187/,2024 Maruti Dzire LXi,Maruti,Dzire,2024,Sedan,Petrol,Manual,659840,INR,21256,Cars24,21-09-2026,Mumbai
https://www.cars24.com/buy-used-maruti-dzire-2024-cars-noida-10091796119/,2024 Maruti Dzire ZXI CNG,Maruti,Dzire,2024,Sedan,CNG,Manual,670884,INR,87077,Cars24,21-09-2026,Noida
https://www.cars24.com/buy-used-maruti-dzire-2025-cars-chandigarh-12987894147/,2025 Maruti Dzire ZXi Plus,Maruti,Dzire,2025,Sedan,Petrol,Manual,867320,INR,13843,Cars24,21-09-2026,Chandigarh
https://www.cars24.com/buy-used-maruti-eeco-2014-cars-kolkata-11956993164/,2014 Maruti Eeco 5 STR WITH A/C+HTR,Maruti,Eeco,2014,SUV,Petrol,Manual,188936,INR,22466,Cars24,21-09-2026,Kolkata
https://www.cars24.com/buy-used-maruti-eeco-2016-cars-ahmedabad-11420871151/,2016 Maruti Eeco 7 STR,Maruti,Eeco,2016,SUV,Petrol,Manual,313640,INR,24413,Cars24,21-09-2026,Ahmedabad
https://www.cars24.com/buy-used-maruti-eeco-2016-cars-ahmedabad-11479898109/,2016 Maruti Eeco 5 STR WITH A/C+HTR,Maruti,Eeco,2016,SUV,CNG,Manual,308640,INR,56388,Cars24,21-09-2026,Ahmedabad
https://www.cars24.com/buy-used-maruti-eeco-2020-cars-gurgaon-10051395100/,2020 Maruti Eeco 5 STR WITH A/C+HTR CNG,Maruti,Eeco,2020,SUV,CNG,Manual,343140,INR,123137,Cars24,21-09-2026,Gurgaon
https://www.cars24.com/buy-used-maruti-eeco-2020-cars-gurgaon-13316873182/,2020 Maruti Eeco 7 STR,Maruti,Eeco,2020,SUV,Petrol,Manual,391715,INR,54604,Cars24,21-09-2026,Gurgaon
https://www.cars24.com/buy-used-maruti-eeco-2021-cars-vadodara-11431775155/,2021 Maruti Eeco 5 STR WITH A/C+HTR,Maruti,Eeco,2021,SUV,Petrol,Manual,420551,INR,25126,Cars24,21-09-2026,Vadodara
https://www.cars24.com/buy-used-maruti-eeco-2022-cars-surat-13536792139/,2022 Maruti Eeco 7 STR STD(O),Maruti,Eeco,2022,SUV,Petrol,Manual,414636,INR,47917,Cars24,21-09-2026,Surat
https://www.cars24.com/buy-used-maruti-eeco-2023-cars-bangalore-10083867767/,2023 Maruti Eeco 5 STR AC,Maruti,Eeco,2023,SUV,Petrol,Manual,489940,INR,29921,Cars24,21-09-2026,Bangalore
https://www.cars24.com/buy-used-maruti-eeco-2023-cars-jaipur-10729574144/,2023 Maruti Eeco 5 STR AC,Maruti,Eeco,2023,SUV,Petrol,Manual,515120,INR,23916,Cars24,21-09-2026,Jaipur
https://www.cars24.com/buy-used-maruti-eeco-2023-cars-kolkata-11948076110/,2023 Maruti Eeco 5 STR AC,Maruti,Eeco,2023,SUV,Petrol,Manual,426780,INR,8257,Cars24,21-09-2026,Kolkata
https://www.cars24.com/buy-used-maruti-eeco-2023-cars-lucknow-10053960727/,2023 Maruti Eeco 7 STR STD 1.2,Maruti,Eeco,2023,SUV,Petrol,Manual,411500,INR,57182,Cars24,21-09-2026,Lucknow
https://www.cars24.com/buy-used-maruti-eeco-2024-cars-chandigarh-12973072112/,2024 Maruti Eeco 5 STR AC,Maruti,Eeco,2024,SUV,Petrol,Manual,405500,INR,35744,Cars24,21-09-2026,Chandigarh
https://www.cars24.com/buy-used-maruti-ertiga-2013-cars-kolkata-11918977189/,2013 Maruti Ertiga VDI,Maruti,Ertiga,2013,SUV,Diesel,Manual,394500,INR,52283,Cars24,21-09-2026,Kolkata
https://www.cars24.com/buy-used-maruti-ertiga-2013-cars-lucknow-15912793122/,2013 Maruti Ertiga VXI,Maruti,Ertiga,2013,SUV,Petrol,Manual,360936,INR,42781,Cars24,21-09-2026,Lucknow
https://www.cars24.com/buy-used-maruti-ertiga-2013-cars-mumbai-10349897193/,2013 Maruti Ertiga VXI CNG,Maruti,Ertiga,2013,SUV,CNG,Manual,355796,INR,102644,Cars24,21-09-2026,Mumbai
https://www.cars24.com/buy-used-maruti-ertiga-2013-cars-pune-10639297146/,2013 Maruti Ertiga VXI,Maruti,Ertiga,2013,SUV,Petrol,Manual,382320,INR,49556,Cars24,21-09-2026,Pune
https://www.cars24.com/buy-used-maruti-ertiga-2013-cars-pune-10677563764/,2013 Maruti Ertiga VXI CNG,Maruti,Ertiga,2013,SUV,CNG,Manual,335996,INR,119717,Cars24,21-09-2026,Pune
https://www.cars24.com/buy-used-maruti-ertiga-2014-cars-bangalore-10201979150/,2014 Maruti Ertiga VXI ABS,Maruti,Ertiga,2014,SUV,Petrol,Manual,560796,INR,52667,Cars24,21-09-2026,Bangalore
https://www.cars24.com/buy-used-maruti-ertiga-2014-cars-bangalore-10236272185/,2014 Maruti Ertiga VXI,Maruti,Ertiga,2014,SUV,Petrol,Manual,526386,INR,58809,Cars24,21-09-2026,Bangalore
https://www.cars24.com/buy-used-maruti-ertiga-2014-cars-mumbai-10353294169/,2014 Maruti Ertiga ZDI,Maruti,Ertiga,2014,SUV,Diesel,Manual,476760,INR,66201,Cars24,21-09-2026,Mumbai
https://www.cars24.com/buy-used-maruti-ertiga-2014-cars-pune-10373391109/,2014 Maruti Ertiga VXI CNG,Maruti,Ertiga,2014,SUV,CNG,Manual,482760,INR,149489,Cars24,21-09-2026,Pune
https://www.cars24.com/buy-used-maruti-ertiga-2015-cars-bangalore-10214795100/,2015 Maruti Ertiga VXI,Maruti,Ertiga,2015,SUV,Petrol,Manual,450468,INR,79810,Cars24,21-09-2026,Bangalore
https://www.cars24.com/buy-used-maruti-ertiga-2015-cars-ghaziabad-10510672199/,2015 Maruti Ertiga VXI,Maruti,Ertiga,2015,SUV,Petrol,Manual,377161,INR,56951,Cars24,21-09-2026,Ghaziabad
https://www.cars24.com/buy-used-maruti-ertiga-2015-cars-new-delhi-10031195133/,2015 Maruti Ertiga VXI,Maruti,Ertiga,2015,SUV,Petrol,Manual,387320,INR,70432,Cars24,21-09-2026,New Delhi
https://www.cars24.com/buy-used-maruti-ertiga-2016-cars-lucknow-13269664747/,2016 Maruti Ertiga VDI SHVS,Maruti,Ertiga,2016,SUV,Diesel,Manual,601636,INR,62105,Cars24,21-09-2026,Lucknow
https://www.cars24.com/buy-used-maruti-ertiga-2017-cars-ahmedabad-11433369730/,2017 Maruti Ertiga VDI SHVS,Maruti,Ertiga,2017,SUV,Diesel,Manual,540596,INR,73864,Cars24,21-09-2026,Ahmedabad
https://www.cars24.com/buy-used-maruti-ertiga-2018-cars-pune-10655599172/,2018 Maruti Ertiga VXI AT,Maruti,Ertiga,2018,SUV,Petrol,Automatic,650962,INR,49462,Cars24,21-09-2026,Pune
https://www.cars24.com/buy-used-maruti-ertiga-2019-cars-ahmedabad-15026809763/,2019 Maruti Ertiga ZDI+ 1.5,Maruti,Ertiga,2019,SUV,Diesel,Manual,798747,INR,128857,Cars24,21-09-2026,Ahmedabad
https://www.cars24.com/buy-used-maruti-ertiga-2019-cars-bangalore-14048699118/,2019 Maruti Ertiga VDI 1.5,Maruti,Ertiga,2019,SUV,Diesel,Manual,794636,INR,124999,Cars24,21-09-2026,Bangalore
https://www.cars24.com/buy-used-maruti-ertiga-2019-cars-patna-14459899138/,2019 Maruti Ertiga VDI 1.5,Maruti,Ertiga,2019,SUV,Diesel,Manual,734840,INR,49411,Cars24,21-09-2026,Patna
https://www.cars24.com/buy-used-maruti-ertiga-2020-cars-nagpur-12364477137/,2020 Maruti Ertiga VXI CNG,Maruti,Ertiga,2020,SUV,CNG,Manual,910000,INR,121784,Cars24,21-09-2026,Nagpur
https://www.cars24.com/buy-used-maruti-ertiga-2020-cars-noida-10152574188/,2020 Maruti Ertiga ZXI+ SHVS,Maruti,Ertiga,2020,SUV,Petrol,Manual,691840,INR,72291,Cars24,21-09-2026,Noida
https://www.cars24.com/buy-used-maruti-ertiga-2020-cars-vadodara-13604577120/,2020 Maruti Ertiga VXI AT SHVS,Maruti,Ertiga,2020,SUV,Petrol,Automatic,772900,INR,46597,Cars24,21-09-2026,Vadodara
https://www.cars24.com/buy-used-maruti-ertiga-2021-cars-chandigarh-11663475176/,2021 Maruti Ertiga VXI CNG,Maruti,Ertiga,2021,SUV,CNG,Manual,871920,INR,90544,Cars24,21-09-2026,Chandigarh
https://www.cars24.com/buy-used-maruti-ertiga-2021-cars-pune-10620672138/,2021 Maruti Ertiga VXI CNG,Maruti,Ertiga,2021,SUV,CNG,Manual,825682,INR,98452,Cars24,21-09-2026,Pune
https://www.cars24.com/buy-used-maruti-ertiga-2021-cars-surat-13511373174/,2021 Maruti Ertiga ZXI+ SHVS,Maruti,Ertiga,2021,SUV,Petrol,Manual,777991,INR,63824,Cars24,21-09-2026,Surat
https://www.cars24.com/buy-used-maruti-ertiga-2022-cars-ahmedabad-11427099126/,2022 Maruti Ertiga VXI SHVS,Maruti,Ertiga,2022,SUV,Petrol,Manual,784730,INR,91938,Cars24,21-09-2026,Ahmedabad
https://www.cars24.com/buy-used-maruti-ertiga-2022-cars-ahmedabad-11451372180/,2022 Maruti Ertiga VXI SHVS,Maruti,Ertiga,2022,SUV,Petrol,Manual,877181,INR,39921,Cars24,21-09-2026,Ahmedabad
https://www.cars24.com/buy-used-maruti-ertiga-2022-cars-ahmedabad-11498277136/,2022 Maruti Ertiga VXI SHVS,Maruti,Ertiga,2022,SUV,Petrol,Manual,844730,INR,38245,Cars24,21-09-2026,Ahmedabad
https://www.cars24.com/buy-used-maruti-ertiga-2022-cars-ghaziabad-13882590123/,2022 Maruti Ertiga ZXI+ SHVS,Maruti,Ertiga,2022,SUV,Petrol,Manual,877000,INR,55720,Cars24,21-09-2026,Ghaziabad
https://www.cars24.com/buy-used-maruti-ertiga-2022-cars-gurgaon-10025172189/,2022 Maruti Ertiga VXI SHVS,Maruti,Ertiga,2022,SUV,Petrol,Manual,726636,INR,65787,Cars24,21-09-2026,Gurgaon
https://www.cars24.com/buy-used-maruti-ertiga-2022-cars-pune-10629874120/,2022 Maruti Ertiga ZXI (O) CNG,Maruti,Ertiga,2022,SUV,CNG,Manual,870293,INR,24202,Cars24,21-09-2026,Pune
https://www.cars24.com/buy-used-maruti-ertiga-2022-cars-pune-10676274185/,2022 Maruti Ertiga VXI CNG,Maruti,Ertiga,2022,SUV,CNG,Manual,944920,INR,86013,Cars24,21-09-2026,Pune
https://www.cars24.com/buy-used-maruti-ertiga-2023-cars-mumbai-10319878152/,2023 Maruti Ertiga VXI AT SHVS,Maruti,Ertiga,2023,SUV,Petrol,Automatic,968716,INR,19728,Cars24,21-09-2026,Mumbai
https://www.cars24.com/buy-used-maruti-ertiga-2023-cars-mumbai-10324971128/,2023 Maruti Ertiga VXi (O),Maruti,Ertiga,2023,SUV,Petrol,Manual,873127,INR,23093,Cars24,21-09-2026,Mumbai
https://www.cars24.com/buy-used-maruti-ertiga-2023-cars-pune-10637898100/,2023 Maruti Ertiga   VXI (O) CNG,Maruti,Ertiga,2023,SUV,CNG,Manual,955776,INR,71512,Cars24,21-09-2026,Pune
https://www.cars24.com/buy-used-maruti-ertiga-2023-cars-surat-10077571170/,2023 Maruti Ertiga   VXI (O) CNG,Maruti,Ertiga,2023,SUV,CNG,Manual,987506,INR,56896,Cars24,21-09-2026,Surat
https://www.cars24.com/buy-used-maruti-ertiga-2024-cars-surat-10054092115/,2024 Maruti Ertiga   VXI (O) CNG,Maruti,Ertiga,2024,SUV,CNG,Manual,1024467,INR,54545,Cars24,21-09-2026,Surat
https://www.cars24.com/buy-used-maruti-fronx-2024-cars-bhopal-14649875146/,2024 Maruti FRONX SIGMA 1.2 MT,Maruti,FRONX,2024,Hatchback,CNG,Manual,618000,INR,51007,Cars24,21-09-2026,Bhopal
https://www.cars24.com/buy-used-maruti-fronx-2024-cars-coimbatore-11305177181/,2024 Maruti FRONX DELTA PLUS 1.2MT,Maruti,FRONX,2024,Hatchback,Petrol,Manual,800636,INR,46054,Cars24,21-09-2026,Coimbatore
https://www.cars24.com/buy-used-maruti-fronx-2025-cars-coimbatore-11368875174/,2025 Maruti FRONX ZETA 1.0 TURBO MT,Maruti,FRONX,2025,Hatchback,Petrol,Manual,961320,INR,14472,Cars24,21-09-2026,Coimbatore
https://www.cars24.com/buy-used-maruti-fronx-2026-cars-ahmedabad-11404877127/,2026 Maruti FRONX DELTA 1.2 AGS,Maruti,FRONX,2026,Hatchback,Petrol,Automatic,723300,INR,3267,Cars24,21-09-2026,Ahmedabad
https://www.cars24.com/buy-used-maruti-fronx-2026-cars-chandigarh-11672075150/,2026 Maruti FRONX DELTA PLUS 1.2MT,Maruti,FRONX,2026,Hatchback,Petrol,Manual,745140,INR,32229,Cars24,21-09-2026,Chandigarh
https://www.cars24.com/buy-used-maruti-grand-vitara-2022-cars-chennai-43942975150/,2022 Maruti Grand Vitara ALPHA SMART HYBRID,Maruti,Grand Vitara,2022,SUV,Petrol,Manual,1126100,INR,92773,Cars24,21-09-2026,Chennai
https://www.cars24.com/buy-used-maruti-grand-vitara-2023-cars-bangalore-14011873117/,2023 Maruti Grand Vitara ZETA SMART HYBRID,Maruti,Grand Vitara,2023,SUV,Petrol,Manual,1044920,INR,79858,Cars24,21-09-2026,Bangalore
https://www.cars24.com/buy-used-maruti-grand-vitara-2023-cars-chandigarh-12730874156/,2023 Maruti Grand Vitara SIGMA SMART HYBRID,Maruti,Grand Vitara,2023,SUV,Petrol,Manual,853796,INR,78198,Cars24,21-09-2026,Chandigarh
https://www.cars24.com/buy-used-maruti-grand-vitara-2023-cars-chennai-16974460785/,2023 Maruti Grand Vitara ZETA SMART HYBRID AT,Maruti,Grand Vitara,2023,SUV,Petrol,Automatic,1070100,INR,33996,Cars24,21-09-2026,Chennai
https://www.cars24.com/buy-used-maruti-grand-vitara-2023-cars-coimbatore-11378072171/,2023 Maruti Grand Vitara ALPHA PLUS HYBRID ECVT,Maruti,Grand Vitara,2023,SUV,Hybrid,Automatic,1270100,INR,115201,Cars24,21-09-2026,Coimbatore
https://www.cars24.com/buy-used-maruti-grand-vitara-2023-cars-coimbatore-18360777112/,2023 Maruti Grand Vitara DELTA SMART HYBRID,Maruti,Grand Vitara,2023,SUV,Petrol,Manual,1014920,INR,49722,Cars24,21-09-2026,Coimbatore
https://www.cars24.com/buy-used-maruti-grand-vitara-2023-cars-coimbatore-31225396182/,2023 Maruti Grand Vitara ALPHA PLUS HYBRID ECVT,Maruti,Grand Vitara,2023,SUV,Hybrid,Automatic,1263100,INR,108734,Cars24,21-09-2026,Coimbatore
https://www.cars24.com/buy-used-maruti-grand-vitara-2023-cars-lucknow-15560575188/,2023 Maruti Grand Vitara ZETA SMART HYBRID AT,Maruti,Grand Vitara,2023,SUV,Petrol,Automatic,1083100,INR,60413,Cars24,21-09-2026,Lucknow
https://www.cars24.com/buy-used-maruti-grand-vitara-2023-cars-patna-10020792142/,2023 Maruti Grand Vitara SIGMA SMART HYBRID,Maruti,Grand Vitara,2023,SUV,Petrol,Manual,846636,INR,41180,Cars24,21-09-2026,Patna
https://www.cars24.com/buy-used-maruti-grand-vitara-2024-cars-patna-10086690144/,2024 Maruti Grand Vitara DELTA CNG,Maruti,Grand Vitara,2024,SUV,CNG,Manual,1008920,INR,68490,Cars24,21-09-2026,Patna
https://www.cars24.com/buy-used-maruti-grand-vitara-2025-cars-chandigarh-11608398163/,2025 Maruti Grand Vitara Delta Plus Hybrid eCVT,Maruti,Grand Vitara,2025,SUV,Hybrid,Automatic,1325500,INR,14253,Cars24,21-09-2026,Chandigarh
https://www.cars24.com/buy-used-maruti-ignis-2017-cars-nagpur-12323371113/,2017 Maruti IGNIS DELTA 1.2,Maruti,IGNIS,2017,Hatchback,Petrol,Manual,351000,INR,54674,Cars24,21-09-2026,Nagpur
https://www.cars24.com/buy-used-maruti-ignis-2017-cars-surat-13528576189/,2017 Maruti IGNIS ZETA 1.2 AMT,Maruti,IGNIS,2017,Hatchback,Petrol,Automatic,342500,INR,78308,Cars24,21-09-2026,Surat
https://www.cars24.com/buy-used-maruti-ignis-2020-cars-chennai-11306373195/,2020 Maruti IGNIS ALPHA 1.2 AMT,Maruti,IGNIS,2020,Hatchback,Petrol,Automatic,431476,INR,78938,Cars24,21-09-2026,Chennai
https://www.cars24.com/buy-used-maruti-ignis-2021-cars-bangalore-11128274157/,2021 Maruti IGNIS ZETA 1.2,Maruti,IGNIS,2021,Hatchback,Petrol,Manual,501115,INR,66919,Cars24,21-09-2026,Bangalore
https://www.cars24.com/buy-used-maruti-ignis-2022-cars-surat-13503976183/,2022 Maruti IGNIS SIGMA 1.2,Maruti,IGNIS,2022,Hatchback,Petrol,Manual,401219,INR,29271,Cars24,21-09-2026,Surat
https://www.cars24.com/buy-used-maruti-ignis-2023-cars-chandigarh-23330570174/,2023 Maruti IGNIS SIGMA 1.2,Maruti,IGNIS,2023,Hatchback,Petrol,Manual,453376,INR,22265,Cars24,21-09-2026,Chandigarh
https://www.cars24.com/buy-used-maruti-ignis-2023-cars-chennai-11371277124/,2023 Maruti IGNIS ZETA 1.2 AMT,Maruti,IGNIS,2023,Hatchback,Petrol,Automatic,602590,INR,40165,Cars24,21-09-2026,Chennai
https://www.cars24.com/buy-used-maruti-ignis-2024-cars-bhopal-14626377173/,2024 Maruti IGNIS ALPHA 1.2 AMT,Maruti,IGNIS,2024,Hatchback,Petrol,Automatic,711840,INR,10130,Cars24,21-09-2026,Bhopal
https://www.cars24.com/buy-used-maruti-new-wagon-r-2019-cars-patna-10014396120/,2019 Maruti New Wagon-R VXI 1.2,Maruti,New Wagon-R,2019,Hatchback,Petrol,Manual,354936,INR,82191,Cars24,21-09-2026,Patna
https://www.cars24.com/buy-used-maruti-new-wagon-r-2019-cars-surat-13568064784/,2019 Maruti New Wagon-R VXI 1.2,Maruti,New Wagon-R,2019,Hatchback,CNG,Manual,338609,INR,124039,Cars24,21-09-2026,Surat
https://www.cars24.com/buy-used-maruti-new-wagon-r-2020-cars-chandigarh-10908573152/,2020 Maruti New Wagon-R LXI CNG 1.0,Maruti,New Wagon-R,2020,Hatchback,CNG,Manual,374320,INR,98793,Cars24,21-09-2026,Chandigarh
https://www.cars24.com/buy-used-maruti-new-wagon-r-2021-cars-chandigarh-11673291107/,2021 Maruti New Wagon-R LXI CNG (O) 1.0,Maruti,New Wagon-R,2021,Hatchback,CNG,Manual,378854,INR,51205,Cars24,21-09-2026,Chandigarh
https://www.cars24.com/buy-used-maruti-new-wagon-r-2021-cars-gurgaon-10120671178/,2021 Maruti New Wagon-R LXI CNG 1.0,Maruti,New Wagon-R,2021,Hatchback,CNG,Manual,356340,INR,69449,Cars24,21-09-2026,Gurgaon
https://www.cars24.com/buy-used-maruti-new-wagon-r-2021-cars-lucknow-13252473138/,2021 Maruti New Wagon-R ZXI 1.2,Maruti,New Wagon-R,2021,Hatchback,Petrol,Manual,426676,INR,46312,Cars24,21-09-2026,Lucknow
https://www.cars24.com/buy-used-maruti-new-wagon-r-2021-cars-patna-14447779177/,2021 Maruti New Wagon-R VXI 1.2,Maruti,New Wagon-R,2021,Hatchback,Petrol,Manual,439476,INR,51429,Cars24,21-09-2026,Patna
https://www.cars24.com/buy-used-maruti-new-wagon-r-2021-cars-patna-14459879188/,2021 Maruti New Wagon-R LXI CNG (O) 1.0,Maruti,New Wagon-R,2021,Hatchback,CNG,Manual,452114,INR,137233,Cars24,21-09-2026,Patna
https://www.cars24.com/buy-used-maruti-new-wagon-r-2021-cars-pune-12808474177/,2021 Maruti New Wagon-R LXI CNG 1.0,Maruti,New Wagon-R,2021,Hatchback,CNG,Manual,458114,INR,41805,Cars24,21-09-2026,Pune
https://www.cars24.com/buy-used-maruti-new-wagon-r-2021-cars-surat-13510873195/,2021 Maruti New Wagon-R VXI 1.2,Maruti,New Wagon-R,2021,Hatchback,Petrol,Manual,408140,INR,67364,Cars24,21-09-2026,Surat
https://www.cars24.com/buy-used-maruti-new-wagon-r-2021-cars-surat-13519576110/,2021 Maruti New Wagon-R LXI 1.0,Maruti,New Wagon-R,2021,Hatchback,Petrol,Manual,344216,INR,45395,Cars24,21-09-2026,Surat
https://www.cars24.com/buy-used-maruti-new-wagon-r-2021-cars-surat-13599773193/,2021 Maruti New Wagon-R VXI 1.2,Maruti,New Wagon-R,2021,Hatchback,Petrol,Manual,370629,INR,80191,Cars24,21-09-2026,Surat
https://www.cars24.com/buy-used-maruti-new-wagon-r-2022-cars-chandigarh-11626879195/,2022 Maruti New Wagon-R LXI CNG (O) 1.0,Maruti,New Wagon-R,2022,Hatchback,CNG,Manual,452114,INR,40656,Cars24,21-09-2026,Chandigarh
https://www.cars24.com/buy-used-maruti-new-wagon-r-2022-cars-chandigarh-12960378110/,2022 Maruti New Wagon-R ZXI 1.2,Maruti,New Wagon-R,2022,Hatchback,Petrol,Manual,444476,INR,69693,Cars24,21-09-2026,Chandigarh
https://www.cars24.com/buy-used-maruti-new-wagon-r-2022-cars-hyderabad-10473277151/,2022 Maruti New Wagon-R ZXI 1.2,Maruti,New Wagon-R,2022,Hatchback,Petrol,Manual,497781,INR,65273,Cars24,21-09-2026,Hyderabad
https://www.cars24.com/buy-used-maruti-new-wagon-r-2022-cars-indore-12816299159/,2022 Maruti New Wagon-R LXI 1.0,Maruti,New Wagon-R,2022,Hatchback,Petrol,Manual,407500,INR,34710,Cars24,21-09-2026,Indore
https://www.cars24.com/buy-used-maruti-new-wagon-r-2022-cars-indore-15383590180/,2022 Maruti New Wagon-R ZXI PLUS 1.2,Maruti,New Wagon-R,2022,Hatchback,Petrol,Manual,524120,INR,5656,Cars24,21-09-2026,Indore
https://www.cars24.com/buy-used-maruti-new-wagon-r-2022-cars-kochi-13086575183/,2022 Maruti New Wagon-R ZXI 1.2,Maruti,New Wagon-R,2022,Hatchback,Petrol,Manual,517295,INR,56046,Cars24,21-09-2026,Kochi
https://www.cars24.com/buy-used-maruti-new-wagon-r-2022-cars-noida-10589073137/,2022 Maruti New Wagon-R VXI 1.0,Maruti,New Wagon-R,2022,Hatchback,Petrol,Manual,410175,INR,31107,Cars24,21-09-2026,Noida
https://www.cars24.com/buy-used-maruti-new-wagon-r-2022-cars-noida-13494076197/,2022 Maruti New Wagon-R ZXI 1.2,Maruti,New Wagon-R,2022,Hatchback,Petrol,Manual,499926,INR,28476,Cars24,21-09-2026,Noida
https://www.cars24.com/buy-used-maruti-new-wagon-r-2023-cars-chandigarh-23371191128/,2023 Maruti New Wagon-R LXI CNG 1.0,Maruti,New Wagon-R,2023,Hatchback,CNG,Manual,418214,INR,36833,Cars24,21-09-2026,Chandigarh
https://www.cars24.com/buy-used-maruti-new-wagon-r-2023-cars-indore-14655692135/,2023 Maruti New Wagon-R ZXI 1.2 AMT,Maruti,New Wagon-R,2023,Hatchback,Petrol,Automatic,452580,INR,17887,Cars24,21-09-2026,Indore
https://www.cars24.com/buy-used-maruti-new-wagon-r-2023-cars-kochi-13046779132/,2023 Maruti New Wagon-R VXI 1.0,Maruti,New Wagon-R,2023,Hatchback,Petrol,Manual,500227,INR,20554,Cars24,21-09-2026,Kochi
https://www.cars24.com/buy-used-maruti-new-wagon-r-2023-cars-kochi-16160773111/,2023 Maruti New Wagon-R ZXI PLUS 1.2 DUAL TONE,Maruti,New Wagon-R,2023,Hatchback,Petrol,Manual,523120,INR,24008,Cars24,21-09-2026,Kochi
https://www.cars24.com/buy-used-maruti-new-wagon-r-2023-cars-patna-14413772193/,2023 Maruti New Wagon-R VXI CNG 1.0,Maruti,New Wagon-R,2023,Hatchback,CNG,Manual,480760,INR,72697,Cars24,21-09-2026,Patna
https://www.cars24.com/buy-used-maruti-new-wagon-r-2024-cars-ahmedabad-11432278189/,2024 Maruti New Wagon-R ZXI PLUS 1.2 AMT,Maruti,New Wagon-R,2024,Hatchback,Petrol,Automatic,592311,INR,8767,Cars24,21-09-2026,Ahmedabad
https://www.cars24.com/buy-used-maruti-new-wagon-r-2024-cars-indore-15767671113/,2024 Maruti New Wagon-R ZXI 1.2,Maruti,New Wagon-R,2024,Hatchback,Petrol,Manual,507600,INR,6840,Cars24,21-09-2026,Indore
https://www.cars24.com/buy-used-maruti-new-wagon-r-2025-cars-ghaziabad-15164878157/,2025 Maruti New Wagon-R ZXI 1.2,Maruti,New Wagon-R,2025,Hatchback,Petrol,Manual,576780,INR,21120,Cars24,21-09-2026,Ghaziabad
https://www.cars24.com/buy-used-maruti-omni-e-2018-cars-nagpur-12353379185/,2018 Maruti OMNI E 8 STR,Maruti,OMNI E,2018,SUV,Petrol,Manual,278000,INR,19030,Cars24,21-09-2026,Nagpur
https://www.cars24.com/buy-used-maruti-ritz-2011-cars-bhopal-14626271191/,2011 Maruti Ritz VDI,Maruti,Ritz,2011,Hatchback,Diesel,Manual,120000,INR,153691,Cars24,21-09-2026,Bhopal
https://www.cars24.com/buy-used-maruti-s-cross-2015-cars-lucknow-32562046798/,2015 Maruti S Cross DELTA 1.6,Maruti,S Cross,2015,SUV,Diesel,Manual,469857,INR,61753,Cars24,21-09-2026,Lucknow
https://www.cars24.com/buy-used-maruti-s-cross-2021-cars-chandigarh-11608173184/,2021 Maruti S Cross ZETA 1.5,Maruti,S Cross,2021,SUV,Petrol,Manual,583456,INR,69487,Cars24,21-09-2026,Chandigarh
https://www.cars24.com/buy-used-maruti-s-cross-2022-cars-jaipur-10733270157/,2022 Maruti S Cross ZETA 1.5,Maruti,S Cross,2022,SUV,Petrol,Manual,649840,INR,64596,Cars24,21-09-2026,Jaipur
https://www.cars24.com/buy-used-maruti-s-cross-2022-cars-kochi-16159875192/,2022 Maruti S Cross ZETA 1.5,Maruti,S Cross,2022,SUV,Petrol,Manual,780840,INR,20371,Cars24,21-09-2026,Kochi
https://www.cars24.com/buy-used-maruti-s-cross-2022-cars-noida-15197371189/,2022 Maruti S Cross ALPHA 1.5,Maruti,S Cross,2022,SUV,Petrol,Manual,744896,INR,68998,Cars24,21-09-2026,Noida
https://www.cars24.com/buy-used-maruti-s-presso-2019-cars-gurgaon-46249492145/,2019 Maruti S PRESSO VXI PLUS AMT,Maruti,S PRESSO,2019,Hatchback,CNG,Automatic,305637,INR,113457,Cars24,21-09-2026,Gurgaon
https://www.cars24.com/buy-used-maruti-s-presso-2020-cars-bangalore-10296073189/,2020 Maruti S PRESSO VXI PLUS AMT,Maruti,S PRESSO,2020,Hatchback,Petrol,Automatic,410974,INR,21244,Cars24,21-09-2026,Bangalore
https://www.cars24.com/buy-used-maruti-s-presso-2020-cars-chandigarh-10942790140/,2020 Maruti S PRESSO VXI+,Maruti,S PRESSO,2020,Hatchback,Petrol,Manual,294614,INR,22969,Cars24,21-09-2026,Chandigarh
https://www.cars24.com/buy-used-maruti-s-presso-2020-cars-chennai-11375075127/,2020 Maruti S PRESSO VXI,Maruti,S PRESSO,2020,Hatchback,Petrol,Manual,388180,INR,46051,Cars24,21-09-2026,Chennai
https://www.cars24.com/buy-used-maruti-s-presso-2021-cars-chandigarh-11663972195/,2021 Maruti S PRESSO VXI+,Maruti,S PRESSO,2021,Hatchback,Petrol,Manual,320140,INR,36524,Cars24,21-09-2026,Chandigarh
https://www.cars24.com/buy-used-maruti-s-presso-2021-cars-chandigarh-12916998136/,2021 Maruti S PRESSO VXI,Maruti,S PRESSO,2021,Hatchback,Petrol,Manual,308149,INR,71819,Cars24,21-09-2026,Chandigarh
https://www.cars24.com/buy-used-maruti-s-presso-2021-cars-chennai-11364274184/,2021 Maruti S PRESSO VXI (O) AMT,Maruti,S PRESSO,2021,Hatchback,Petrol,Automatic,406500,INR,61802,Cars24,21-09-2026,Chennai
https://www.cars24.com/buy-used-maruti-s-presso-2023-cars-chennai-11350243756/,2023 Maruti S PRESSO VXI PLUS (O) AMT,Maruti,S PRESSO,2023,Hatchback,Petrol,Automatic,432680,INR,42934,Cars24,21-09-2026,Chennai
https://www.cars24.com/buy-used-maruti-s-presso-2023-cars-jaipur-10713099183/,2023 Maruti S PRESSO VXI PLUS (O) AMT,Maruti,S PRESSO,2023,Hatchback,Petrol,Automatic,383794,INR,27823,Cars24,21-09-2026,Jaipur
https://www.cars24.com/buy-used-maruti-s-presso-2023-cars-noida-15041092168/,2023 Maruti S PRESSO VXI+,Maruti,S PRESSO,2023,Hatchback,Petrol,Manual,356909,INR,14158,Cars24,21-09-2026,Noida
https://www.cars24.com/buy-used-maruti-swift-2011-cars-bhopal-14602179127/,2011 Maruti Swift VDI,Maruti,Swift,2011,Hatchback,Diesel,Manual,210000,INR,240207,Cars24,21-09-2026,Bhopal
https://www.cars24.com/buy-used-maruti-swift-2011-cars-nagpur-12383270189/,2011 Maruti Swift VDI,Maruti,Swift,2011,Hatchback,Diesel,Manual,280000,INR,112268,Cars24,21-09-2026,Nagpur
https://www.cars24.com/buy-used-maruti-swift-2012-cars-nagpur-12308678135/,2012 Maruti Swift LXI,Maruti,Swift,2012,Hatchback,Petrol,Manual,225000,INR,76465,Cars24,21-09-2026,Nagpur
https://www.cars24.com/buy-used-maruti-swift-2012-cars-nagpur-12395575156/,2012 Maruti Swift VDI,Maruti,Swift,2012,Hatchback,Diesel,Manual,380000,INR,160929,Cars24,21-09-2026,Nagpur
https://www.cars24.com/buy-used-maruti-swift-2013-cars-hyderabad-10462199196/,2013 Maruti Swift ZDI,Maruti,Swift,2013,Hatchback,Diesel,Manual,347936,INR,94083,Cars24,21-09-2026,Hyderabad
https://www.cars24.com/buy-used-maruti-swift-2013-cars-hyderabad-10499690130/,2013 Maruti Swift VXI,Maruti,Swift,2013,Hatchback,Petrol,Manual,291936,INR,92293,Cars24,21-09-2026,Hyderabad
https://www.cars24.com/buy-used-maruti-swift-2013-cars-indore-12844546766/,2013 Maruti Swift VDI,Maruti,Swift,2013,Hatchback,Diesel,Manual,299140,INR,83985,Cars24,21-09-2026,Indore
https://www.cars24.com/buy-used-maruti-swift-2013-cars-lucknow-13942872191/,2013 Maruti Swift VXI,Maruti,Swift,2013,Hatchback,Petrol,Manual,234778,INR,101614,Cars24,21-09-2026,Lucknow
https://www.cars24.com/buy-used-maruti-swift-2013-cars-mumbai-10381072119/,2013 Maruti Swift VXI,Maruti,Swift,2013,Hatchback,Petrol,Manual,228936,INR,74504,Cars24,21-09-2026,Mumbai
https://www.cars24.com/buy-used-maruti-swift-2013-cars-nagpur-12301478157/,2013 Maruti Swift LXI,Maruti,Swift,2013,Hatchback,Petrol,Manual,240000,INR,51726,Cars24,21-09-2026,Nagpur
https://www.cars24.com/buy-used-maruti-swift-2014-cars-ahmedabad-11432643778/,2014 Maruti Swift VXI,Maruti,Swift,2014,Hatchback,Petrol,Manual,322436,INR,73480,Cars24,21-09-2026,Ahmedabad
https://www.cars24.com/buy-used-maruti-swift-2014-cars-ahmedabad-11472070178/,2014 Maruti Swift VXI,Maruti,Swift,2014,Hatchback,Petrol,Manual,347436,INR,34462,Cars24,21-09-2026,Ahmedabad
https://www.cars24.com/buy-used-maruti-swift-2014-cars-bhopal-14658376125/,2014 Maruti Swift VDI,Maruti,Swift,2014,Hatchback,Diesel,Manual,298000,INR,43780,Cars24,21-09-2026,Bhopal
https://www.cars24.com/buy-used-maruti-swift-2014-cars-chennai-11346078198/,2014 Maruti Swift VDI,Maruti,Swift,2014,Hatchback,Diesel,Manual,473760,INR,118548,Cars24,21-09-2026,Chennai
https://www.cars24.com/buy-used-maruti-swift-2014-cars-indore-12811160736/,2014 Maruti Swift VXI,Maruti,Swift,2014,Hatchback,Petrol,Manual,239336,INR,116272,Cars24,21-09-2026,Indore
https://www.cars24.com/buy-used-maruti-swift-2014-cars-lucknow-20047103730/,2014 Maruti Swift VDI,Maruti,Swift,2014,Hatchback,Diesel,Manual,218140,INR,112260,Cars24,21-09-2026,Lucknow
https://www.cars24.com/buy-used-maruti-swift-2014-cars-mumbai-10333270118/,2014 Maruti Swift ZXI,Maruti,Swift,2014,Hatchback,Petrol,Manual,329936,INR,55515,Cars24,21-09-2026,Mumbai
https://www.cars24.com/buy-used-maruti-swift-2014-cars-mumbai-10379278155/,2014 Maruti Swift VXI,Maruti,Swift,2014,Hatchback,Petrol,Manual,279936,INR,56024,Cars24,21-09-2026,Mumbai
https://www.cars24.com/buy-used-maruti-swift-2014-cars-pune-10625474138/,2014 Maruti Swift VXI,Maruti,Swift,2014,Hatchback,Petrol,Manual,309140,INR,73786,Cars24,21-09-2026,Pune
https://www.cars24.com/buy-used-maruti-swift-2014-cars-vadodara-11443862791/,2014 Maruti Swift VXI,Maruti,Swift,2014,Hatchback,Petrol,Manual,258462,INR,138115,Cars24,21-09-2026,Vadodara
https://www.cars24.com/buy-used-maruti-swift-2015-cars-chennai-11327995132/,2015 Maruti Swift VXI,Maruti,Swift,2015,Hatchback,Petrol,Manual,412296,INR,46984,Cars24,21-09-2026,Chennai
https://www.cars24.com/buy-used-maruti-swift-2015-cars-indore-15385073182/,2015 Maruti Swift VXI,Maruti,Swift,2015,Hatchback,Petrol,Manual,328140,INR,35667,Cars24,21-09-2026,Indore
https://www.cars24.com/buy-used-maruti-swift-2015-cars-kolkata-12637696183/,2015 Maruti Swift VXI,Maruti,Swift,2015,Hatchback,Petrol,Manual,262936,INR,49451,Cars24,21-09-2026,Kolkata
https://www.cars24.com/buy-used-maruti-swift-2015-cars-pune-10648194124/,2015 Maruti Swift VXI,Maruti,Swift,2015,Hatchback,Petrol,Manual,363936,INR,55143,Cars24,21-09-2026,Pune
https://www.cars24.com/buy-used-maruti-swift-2016-cars-bhopal-14626271125/,2016 Maruti Swift VDI,Maruti,Swift,2016,Hatchback,Diesel,Manual,281000,INR,123416,Cars24,21-09-2026,Bhopal
https://www.cars24.com/buy-used-maruti-swift-2016-cars-chennai-11310590160/,2016 Maruti Swift VXI,Maruti,Swift,2016,Hatchback,Petrol,Manual,453580,INR,39234,Cars24,21-09-2026,Chennai
https://www.cars24.com/buy-used-maruti-swift-2016-cars-kochi-13002473170/,2016 Maruti Swift VXI O,Maruti,Swift,2016,Hatchback,Petrol,Manual,464580,INR,72515,Cars24,21-09-2026,Kochi
https://www.cars24.com/buy-used-maruti-swift-2016-cars-noida-13823197158/,2016 Maruti Swift ZXI,Maruti,Swift,2016,Hatchback,Petrol,Manual,297140,INR,65394,Cars24,21-09-2026,Noida
https://www.cars24.com/buy-used-maruti-swift-2016-cars-vadodara-13693079150/,2016 Maruti Swift VXI,Maruti,Swift,2016,Hatchback,Petrol,Manual,344436,INR,53015,Cars24,21-09-2026,Vadodara
https://www.cars24.com/buy-used-maruti-swift-2017-cars-ahmedabad-11429791194/,2017 Maruti Swift ZXI,Maruti,Swift,2017,Hatchback,Petrol,Manual,375616,INR,79708,Cars24,21-09-2026,Ahmedabad
https://www.cars24.com/buy-used-maruti-swift-2017-cars-bangalore-10291297132/,2017 Maruti Swift VXI,Maruti,Swift,2017,Hatchback,Petrol,Manual,456580,INR,71846,Cars24,21-09-2026,Bangalore
https://www.cars24.com/buy-used-maruti-swift-2017-cars-bhopal-14693574179/,2017 Maruti Swift LDI,Maruti,Swift,2017,Hatchback,Diesel,Manual,283000,INR,138829,Cars24,21-09-2026,Bhopal
https://www.cars24.com/buy-used-maruti-swift-2017-cars-chennai-11344775152/,2017 Maruti Swift VXI O,Maruti,Swift,2017,Hatchback,Petrol,Manual,456580,INR,148173,Cars24,21-09-2026,Chennai
https://www.cars24.com/buy-used-maruti-swift-2017-cars-indore-20322363739/,2017 Maruti Swift VXI,Maruti,Swift,2017,Hatchback,Petrol,Manual,352640,INR,115743,Cars24,21-09-2026,Indore
https://www.cars24.com/buy-used-maruti-swift-2017-cars-jaipur-10759396163/,2017 Maruti Swift VXI,Maruti,Swift,2017,Hatchback,Petrol,Manual,393500,INR,80429,Cars24,21-09-2026,Jaipur
https://www.cars24.com/buy-used-maruti-swift-2017-cars-kolkata-11981994120/,2017 Maruti Swift ZXI,Maruti,Swift,2017,Hatchback,Petrol,Manual,319140,INR,77552,Cars24,21-09-2026,Kolkata
https://www.cars24.com/buy-used-maruti-swift-2017-cars-lucknow-13206598100/,2017 Maruti Swift VXI,Maruti,Swift,2017,Hatchback,Petrol,Manual,317936,INR,122125,Cars24,21-09-2026,Lucknow
https://www.cars24.com/buy-used-maruti-swift-2017-cars-noida-10557263729/,2017 Maruti Swift LXI (O),Maruti,Swift,2017,Hatchback,Petrol,Manual,250936,INR,71775,Cars24,21-09-2026,Noida
https://www.cars24.com/buy-used-maruti-swift-2017-cars-patna-13201174173/,2017 Maruti Swift VXI,Maruti,Swift,2017,Hatchback,Petrol,Manual,324140,INR,52201,Cars24,21-09-2026,Patna
https://www.cars24.com/buy-used-maruti-swift-2018-cars-bangalore-10270773190/,2018 Maruti Swift ZDI AMT,Maruti,Swift,2018,Hatchback,Diesel,Automatic,577660,INR,91648,Cars24,21-09-2026,Bangalore
https://www.cars24.com/buy-used-maruti-swift-2018-cars-bangalore-10823177119/,2018 Maruti Swift ZXI AMT,Maruti,Swift,2018,Hatchback,Petrol,Automatic,587660,INR,18808,Cars24,21-09-2026,Bangalore
https://www.cars24.com/buy-used-maruti-swift-2018-cars-chennai-11333178181/,2018 Maruti Swift ZXI AMT,Maruti,Swift,2018,Hatchback,Petrol,Automatic,597000,INR,47880,Cars24,21-09-2026,Chennai
https://www.cars24.com/buy-used-maruti-swift-2018-cars-hyderabad-10432478171/,2018 Maruti Swift ZXI AMT,Maruti,Swift,2018,Hatchback,Petrol,Automatic,460796,INR,118478,Cars24,21-09-2026,Hyderabad
https://www.cars24.com/buy-used-maruti-swift-2018-cars-hyderabad-10432970186/,2018 Maruti Swift VDI,Maruti,Swift,2018,Hatchback,Diesel,Manual,562075,INR,83771,Cars24,21-09-2026,Hyderabad
https://www.cars24.com/buy-used-maruti-swift-2018-cars-kochi-17879296104/,2018 Maruti Swift VXI,Maruti,Swift,2018,Hatchback,Petrol,Manual,500736,INR,24164,Cars24,21-09-2026,Kochi
https://www.cars24.com/buy-used-maruti-swift-2018-cars-nagpur-12397576136/,2018 Maruti Swift VXI AMT,Maruti,Swift,2018,Hatchback,Petrol,Automatic,440000,INR,48271,Cars24,21-09-2026,Nagpur
https://www.cars24.com/buy-used-maruti-swift-2019-cars-hyderabad-10459373127/,2019 Maruti Swift VDI,Maruti,Swift,2019,Hatchback,Diesel,Manual,553096,INR,79304,Cars24,21-09-2026,Hyderabad
https://www.cars24.com/buy-used-maruti-swift-2020-cars-ahmedabad-10040894141/,2020 Maruti Swift VXI,Maruti,Swift,2020,Hatchback,Petrol,Manual,536724,INR,53931,Cars24,21-09-2026,Ahmedabad
https://www.cars24.com/buy-used-maruti-swift-2020-cars-ahmedabad-11469897152/,2020 Maruti Swift VXI,Maruti,Swift,2020,Hatchback,Petrol,Manual,496591,INR,66763,Cars24,21-09-2026,Ahmedabad
https://www.cars24.com/buy-used-maruti-swift-2020-cars-bangalore-10249278137/,2020 Maruti Swift VXI,Maruti,Swift,2020,Hatchback,Petrol,Manual,583156,INR,36570,Cars24,21-09-2026,Bangalore
https://www.cars24.com/buy-used-maruti-swift-2020-cars-hyderabad-10442875195/,2020 Maruti Swift ZXI AMT,Maruti,Swift,2020,Hatchback,Petrol,Automatic,515916,INR,114586,Cars24,21-09-2026,Hyderabad
https://www.cars24.com/buy-used-maruti-swift-2020-cars-patna-14424290146/,2020 Maruti Swift VXI,Maruti,Swift,2020,Hatchback,Petrol,Manual,480556,INR,68128,Cars24,21-09-2026,Patna
https://www.cars24.com/buy-used-maruti-swift-2020-cars-vadodara-13647475175/,2020 Maruti Swift VXI AMT,Maruti,Swift,2020,Hatchback,Petrol,Automatic,462553,INR,108093,Cars24,21-09-2026,Vadodara
https://www.cars24.com/buy-used-maruti-swift-2021-cars-bangalore-10213479135/,2021 Maruti Swift VXI,Maruti,Swift,2021,Hatchback,Petrol,Manual,634282,INR,39447,Cars24,21-09-2026,Bangalore
https://www.cars24.com/buy-used-maruti-swift-2021-cars-bangalore-10223575133/,2021 Maruti Swift VXI,Maruti,Swift,2021,Hatchback,Petrol,Manual,578628,INR,90667,Cars24,21-09-2026,Bangalore
https://www.cars24.com/buy-used-maruti-swift-2021-cars-gurgaon-10000770129/,2021 Maruti Swift ZXI,Maruti,Swift,2021,Hatchback,Petrol,Manual,527916,INR,36071,Cars24,21-09-2026,Gurgaon
https://www.cars24.com/buy-used-maruti-swift-2021-cars-indore-12839995166/,2021 Maruti Swift ZXI PLUS DUAL TONE,Maruti,Swift,2021,Hatchback,Petrol,Manual,555480,INR,40779,Cars24,21-09-2026,Indore
https://www.cars24.com/buy-used-maruti-swift-2021-cars-indore-12879179183/,2021 Maruti Swift VXI AMT,Maruti,Swift,2021,Hatchback,Petrol,Automatic,482556,INR,47707,Cars24,21-09-2026,Indore
https://www.cars24.com/buy-used-maruti-swift-2021-cars-kolkata-11939198129/,2021 Maruti Swift ZXI PLUS AMT,Maruti,Swift,2021,Hatchback,Petrol,Automatic,483956,INR,76838,Cars24,21-09-2026,Kolkata
https://www.cars24.com/buy-used-maruti-swift-2021-cars-noida-11005571188/,2021 Maruti Swift VXI AMT,Maruti,Swift,2021,Hatchback,Petrol,Automatic,454580,INR,55528,Cars24,21-09-2026,Noida
https://www.cars24.com/buy-used-maruti-swift-2022-cars-ahmedabad-15036971172/,2022 Maruti Swift VXI AMT,Maruti,Swift,2022,Hatchback,Petrol,Automatic,556945,INR,37689,Cars24,21-09-2026,Ahmedabad
https://www.cars24.com/buy-used-maruti-swift-2022-cars-bhopal-10064095126/,2022 Maruti Swift LXI,Maruti,Swift,2022,Hatchback,Petrol,Manual,495736,INR,49503,Cars24,21-09-2026,Bhopal
https://www.cars24.com/buy-used-maruti-swift-2022-cars-gurgaon-13393969786/,2022 Maruti Swift LXI,Maruti,Swift,2022,Hatchback,Petrol,Manual,436680,INR,41253,Cars24,21-09-2026,Gurgaon
https://www.cars24.com/buy-used-maruti-swift-2022-cars-hyderabad-10066075189/,2022 Maruti Swift LXI,Maruti,Swift,2022,Hatchback,Petrol,Manual,486556,INR,115151,Cars24,21-09-2026,Hyderabad
https://www.cars24.com/buy-used-maruti-swift-2022-cars-hyderabad-10483174188/,2022 Maruti Swift VXI AMT,Maruti,Swift,2022,Hatchback,Petrol,Automatic,584660,INR,40342,Cars24,21-09-2026,Hyderabad
https://www.cars24.com/buy-used-maruti-swift-2022-cars-hyderabad-19287576181/,2022 Maruti Swift VXI AMT,Maruti,Swift,2022,Hatchback,Petrol,Automatic,577177,INR,61539,Cars24,21-09-2026,Hyderabad
https://www.cars24.com/buy-used-maruti-swift-2022-cars-lucknow-13273677178/,2022 Maruti Swift VXI AMT,Maruti,Swift,2022,Hatchback,Petrol,Automatic,506940,INR,68162,Cars24,21-09-2026,Lucknow
https://www.cars24.com/buy-used-maruti-swift-2022-cars-pune-10688575119/,2022 Maruti Swift ZXI AMT,Maruti,Swift,2022,Hatchback,Petrol,Automatic,631636,INR,71662,Cars24,21-09-2026,Pune
https://www.cars24.com/buy-used-maruti-swift-2022-cars-visakhapatnam-19597976157/,2022 Maruti Swift ZXI PLUS AMT,Maruti,Swift,2022,Hatchback,Petrol,Automatic,612636,INR,103002,Cars24,21-09-2026,Visakhapatnam
https://www.cars24.com/buy-used-maruti-swift-2023-cars-agra-13870771153/,2023 Maruti Swift VXI,Maruti,Swift,2023,Hatchback,Petrol,Manual,509616,INR,63309,Cars24,21-09-2026,Agra
https://www.cars24.com/buy-used-maruti-swift-2023-cars-coimbatore-11345077188/,2023 Maruti Swift VXI,Maruti,Swift,2023,Hatchback,Petrol,Manual,658636,INR,36760,Cars24,21-09-2026,Coimbatore
https://www.cars24.com/buy-used-maruti-swift-2023-cars-ghaziabad-10082570150/,2023 Maruti Swift VXI AMT,Maruti,Swift,2023,Hatchback,Petrol,Automatic,609826,INR,14536,Cars24,21-09-2026,Ghaziabad
https://www.cars24.com/buy-used-maruti-swift-2023-cars-kochi-13023291164/,2023 Maruti Swift LXI,Maruti,Swift,2023,Hatchback,Petrol,Manual,460580,INR,107664,Cars24,21-09-2026,Kochi
https://www.cars24.com/buy-used-maruti-swift-2023-cars-kolkata-11963070197/,2023 Maruti Swift ZXI PLUS AMT DUAL TONE,Maruti,Swift,2023,Hatchback,Petrol,Automatic,539096,INR,58445,Cars24,21-09-2026,Kolkata
https://www.cars24.com/buy-used-maruti-swift-2023-cars-lucknow-13215892150/,2023 Maruti Swift VXI,Maruti,Swift,2023,Hatchback,Petrol,Manual,515916,INR,38329,Cars24,21-09-2026,Lucknow
https://www.cars24.com/buy-used-maruti-swift-2023-cars-pune-10391777196/,2023 Maruti Swift VXI AMT,Maruti,Swift,2023,Hatchback,Petrol,Automatic,508328,INR,63460,Cars24,21-09-2026,Pune
https://www.cars24.com/buy-used-maruti-swift-2024-cars-bangalore-11171697128/,2024 Maruti Swift ZXi Plus,Maruti,Swift,2024,Hatchback,Petrol,Manual,659840,INR,94539,Cars24,21-09-2026,Bangalore
https://www.cars24.com/buy-used-maruti-swift-2024-cars-bhopal-15781790161/,2024 Maruti Swift ZXI PLUS,Maruti,Swift,2024,Hatchback,Petrol,Manual,701840,INR,18411,Cars24,21-09-2026,Bhopal
https://www.cars24.com/buy-used-maruti-swift-2024-cars-coimbatore-16965678137/,2024 Maruti Swift ZXI PLUS,Maruti,Swift,2024,Hatchback,Petrol,Manual,774700,INR,27716,Cars24,21-09-2026,Coimbatore
https://www.cars24.com/buy-used-maruti-swift-2024-cars-hyderabad-10439870177/,2024 Maruti Swift ZXi Plus,Maruti,Swift,2024,Hatchback,Petrol,Manual,694140,INR,47222,Cars24,21-09-2026,Hyderabad
https://www.cars24.com/buy-used-maruti-swift-2024-cars-hyderabad-10440373131/,2024 Maruti Swift VXi (O),Maruti,Swift,2024,Hatchback,Petrol,Manual,695840,INR,15400,Cars24,21-09-2026,Hyderabad
https://www.cars24.com/buy-used-maruti-swift-2024-cars-jaipur-10782475156/,2024 Maruti Swift ZXi Plus AMT,Maruti,Swift,2024,Hatchback,Petrol,Automatic,761540,INR,21498,Cars24,21-09-2026,Jaipur
https://www.cars24.com/buy-used-maruti-swift-2024-cars-pune-10698372130/,2024 Maruti Swift ZXI PLUS AMT,Maruti,Swift,2024,Hatchback,Petrol,Automatic,701840,INR,47261,Cars24,21-09-2026,Pune
https://www.cars24.com/buy-used-maruti-swift-2024-cars-surat-10051894136/,2024 Maruti Swift ZXi Plus,Maruti,Swift,2024,Hatchback,Petrol,Manual,653018,INR,45231,Cars24,21-09-2026,Surat
https://www.cars24.com/buy-used-maruti-swift-2025-cars-chennai-11374478125/,2025 Maruti Swift ZXi Plus AMT,Maruti,Swift,2025,Hatchback,Petrol,Automatic,868180,INR,18126,Cars24,21-09-2026,Chennai
https://www.cars24.com/buy-used-maruti-swift-2025-cars-indore-20308379155/,2025 Maruti Swift LXi,Maruti,Swift,2025,Hatchback,Petrol,Manual,536780,INR,15587,Cars24,21-09-2026,Indore
https://www.cars24.com/buy-used-maruti-swift-2025-cars-rajkot-15042873154/,2025 Maruti Swift VXI 1.2L CNG,Maruti,Swift,2025,Hatchback,CNG,Manual,648480,INR,56338,Cars24,21-09-2026,Rajkot
https://www.cars24.com/buy-used-maruti-swift-2025-cars-visakhapatnam-12219770189/,2025 Maruti Swift VXi (O),Maruti,Swift,2025,Hatchback,Petrol,Manual,697140,INR,16098,Cars24,21-09-2026,Visakhapatnam
https://www.cars24.com/buy-used-maruti-swift-2026-cars-bangalore-10285571135/,2026 Maruti Swift VXi (O),Maruti,Swift,2026,Hatchback,Petrol,Manual,737140,INR,1051,Cars24,21-09-2026,Bangalore
https://www.cars24.com/buy-used-maruti-swift-2026-cars-indore-14664076189/,2026 Maruti Swift ZXi Plus,Maruti,Swift,2026,Hatchback,Petrol,Manual,914320,INR,1030,Cars24,21-09-2026,Indore
https://www.cars24.com/buy-used-maruti-swift-2026-cars-mumbai-10398471138/,2026 Maruti Swift VXi AMT,Maruti,Swift,2026,Hatchback,Petrol,Automatic,700796,INR,597,Cars24,21-09-2026,Mumbai
https://www.cars24.com/buy-used-maruti-swift-dzire-2011-cars-bhopal-14615375127/,2011 Maruti Swift Dzire VXI,Maruti,Swift Dzire,2011,Sedan,Petrol,Manual,200000,INR,49684,Cars24,21-09-2026,Bhopal
https://www.cars24.com/buy-used-maruti-swift-dzire-2013-cars-surat-13568390184/,2013 Maruti Swift Dzire VXI,Maruti,Swift Dzire,2013,Sedan,Petrol,Manual,248436,INR,101901,Cars24,21-09-2026,Surat
https://www.cars24.com/buy-used-maruti-swift-dzire-2013-cars-zirakpur-14864376132/,2013 Maruti Swift Dzire VXI,Maruti,Swift Dzire,2013,Sedan,Petrol,Manual,248000,INR,93353,Cars24,21-09-2026,Zirakpur
https://www.cars24.com/buy-used-maruti-swift-dzire-2014-cars-chandigarh-14857270110/,2014 Maruti Swift Dzire VDI,Maruti,Swift Dzire,2014,Sedan,Diesel,Manual,323140,INR,90596,Cars24,21-09-2026,Chandigarh
https://www.cars24.com/buy-used-maruti-swift-dzire-2014-cars-lucknow-13242394168/,2014 Maruti Swift Dzire VXI,Maruti,Swift Dzire,2014,Sedan,Petrol,Manual,258936,INR,66218,Cars24,21-09-2026,Lucknow
https://www.cars24.com/buy-used-maruti-swift-dzire-2014-cars-patna-14475866747/,2014 Maruti Swift Dzire VDI,Maruti,Swift Dzire,2014,Sedan,Diesel,Manual,273140,INR,76248,Cars24,21-09-2026,Patna
https://www.cars24.com/buy-used-maruti-swift-dzire-2015-cars-indore-14682071177/,2015 Maruti Swift Dzire VXI,Maruti,Swift Dzire,2015,Sedan,Petrol,Manual,313936,INR,66454,Cars24,21-09-2026,Indore
https://www.cars24.com/buy-used-maruti-swift-dzire-2015-cars-noida-15595104763/,2015 Maruti Swift Dzire VXI,Maruti,Swift Dzire,2015,Sedan,CNG,Manual,279140,INR,105981,Cars24,21-09-2026,Noida
https://www.cars24.com/buy-used-maruti-swift-dzire-2015-cars-patna-27946676171/,2015 Maruti Swift Dzire ZXI,Maruti,Swift Dzire,2015,Sedan,Petrol,Manual,326936,INR,97633,Cars24,21-09-2026,Patna
https://www.cars24.com/buy-used-maruti-swift-dzire-2016-cars-chandigarh-11630277174/,2016 Maruti Swift Dzire ZDI,Maruti,Swift Dzire,2016,Sedan,Diesel,Manual,410500,INR,91135,Cars24,21-09-2026,Chandigarh
https://www.cars24.com/buy-used-maruti-swift-dzire-2017-cars-chennai-11315770136/,2017 Maruti Swift Dzire VXI (O),Maruti,Swift Dzire,2017,Sedan,Petrol,Manual,583660,INR,43241,Cars24,21-09-2026,Chennai
https://www.cars24.com/buy-used-maruti-swift-dzire-2017-cars-patna-14410976111/,2017 Maruti Swift Dzire VXI,Maruti,Swift Dzire,2017,Sedan,Petrol,Manual,375116,INR,55761,Cars24,21-09-2026,Patna
https://www.cars24.com/buy-used-maruti-swift-dzire-2019-cars-patna-14477372178/,2019 Maruti Swift Dzire TOUR S DIESEL,Maruti,Swift Dzire,2019,Sedan,Diesel,Manual,438476,INR,75294,Cars24,21-09-2026,Patna
https://www.cars24.com/buy-used-maruti-vitara-brezza-2017-cars-bhopal-14655879122/,2017 Maruti Vitara Brezza VDI (O),Maruti,Vitara Brezza,2017,SUV,Diesel,Manual,520000,INR,95157,Cars24,21-09-2026,Bhopal
https://www.cars24.com/buy-used-maruti-vitara-brezza-2017-cars-chandigarh-15324895179/,2017 Maruti Vitara Brezza VDI (O),Maruti,Vitara Brezza,2017,SUV,Diesel,Manual,509736,INR,48372,Cars24,21-09-2026,Chandigarh
https://www.cars24.com/buy-used-maruti-vitara-brezza-2017-cars-gurgaon-13308794145/,2017 Maruti Vitara Brezza LDI (O),Maruti,Vitara Brezza,2017,SUV,Diesel,Manual,384320,INR,109614,Cars24,21-09-2026,Gurgaon
https://www.cars24.com/buy-used-maruti-vitara-brezza-2018-cars-bangalore-11193272115/,2018 Maruti Vitara Brezza LDI (O),Maruti,Vitara Brezza,2018,SUV,Diesel,Manual,611840,INR,86310,Cars24,21-09-2026,Bangalore
https://www.cars24.com/buy-used-maruti-vitara-brezza-2018-cars-chennai-11364776116/,2018 Maruti Vitara Brezza ZDI PLUS,Maruti,Vitara Brezza,2018,SUV,Diesel,Manual,695840,INR,70734,Cars24,21-09-2026,Chennai
https://www.cars24.com/buy-used-maruti-vitara-brezza-2018-cars-chennai-11399876114/,2018 Maruti Vitara Brezza ZDI PLUS,Maruti,Vitara Brezza,2018,SUV,Diesel,Manual,611840,INR,118125,Cars24,21-09-2026,Chennai
https://www.cars24.com/buy-used-maruti-vitara-brezza-2018-cars-coimbatore-11303673152/,2018 Maruti Vitara Brezza ZDI PLUS AMT,Maruti,Vitara Brezza,2018,SUV,Diesel,Automatic,792840,INR,65344,Cars24,21-09-2026,Coimbatore
https://www.cars24.com/buy-used-maruti-vitara-brezza-2018-cars-coimbatore-40081175198/,2018 Maruti Vitara Brezza ZDI AMT,Maruti,Vitara Brezza,2018,SUV,Diesel,Automatic,673840,INR,78996,Cars24,21-09-2026,Coimbatore
https://www.cars24.com/buy-used-maruti-vitara-brezza-2019-cars-chandigarh-11628876188/,2019 Maruti Vitara Brezza VDI,Maruti,Vitara Brezza,2019,SUV,Diesel,Manual,506940,INR,91861,Cars24,21-09-2026,Chandigarh
https://www.cars24.com/buy-used-maruti-vitara-brezza-2020-cars-gurgaon-12287371136/,2020 Maruti Vitara Brezza LXI,Maruti,Vitara Brezza,2020,SUV,Petrol,Manual,515120,INR,55997,Cars24,21-09-2026,Gurgaon
https://www.cars24.com/buy-used-maruti-vitara-brezza-2020-cars-noida-15106474117/,2020 Maruti Vitara Brezza ZXI,Maruti,Vitara Brezza,2020,SUV,Petrol,Manual,587660,INR,61147,Cars24,21-09-2026,Noida
https://www.cars24.com/buy-used-maruti-vitara-brezza-2021-cars-chandigarh-13292696145/,2021 Maruti Vitara Brezza ZXI PLUS,Maruti,Vitara Brezza,2021,SUV,Petrol,Manual,775840,INR,40215,Cars24,21-09-2026,Chandigarh
https://www.cars24.com/buy-used-maruti-vitara-brezza-2021-cars-chennai-11366870132/,2021 Maruti Vitara Brezza VXI,Maruti,Vitara Brezza,2021,SUV,Petrol,Manual,609636,INR,64824,Cars24,21-09-2026,Chennai
https://www.cars24.com/buy-used-maruti-vitara-brezza-2021-cars-gurgaon-10068695105/,2021 Maruti Vitara Brezza VXI,Maruti,Vitara Brezza,2021,SUV,Petrol,Manual,486556,INR,113698,Cars24,21-09-2026,Gurgaon
https://www.cars24.com/buy-used-maruti-vitara-brezza-2021-cars-jaipur-10039872197/,2021 Maruti Vitara Brezza VXI,Maruti,Vitara Brezza,2021,SUV,Petrol,Manual,633636,INR,52341,Cars24,21-09-2026,Jaipur
https://www.cars24.com/buy-used-maruti-vitara-brezza-2021-cars-patna-14491572120/,2021 Maruti Vitara Brezza VXI,Maruti,Vitara Brezza,2021,SUV,Petrol,Manual,635796,INR,64331,Cars24,21-09-2026,Patna
https://www.cars24.com/buy-used-maruti-vitara-brezza-2022-cars-bangalore-10036890169/,2022 Maruti Vitara Brezza VXI,Maruti,Vitara Brezza,2022,SUV,Petrol,Manual,736636,INR,80874,Cars24,21-09-2026,Bangalore
https://www.cars24.com/buy-used-maruti-vitara-brezza-2022-cars-bangalore-10079972150/,2022 Maruti Vitara Brezza VXI,Maruti,Vitara Brezza,2022,SUV,Petrol,Manual,708840,INR,95195,Cars24,21-09-2026,Bangalore
https://www.cars24.com/buy-used-maruti-vitara-brezza-2022-cars-kolkata-10077477177/,2022 Maruti Vitara Brezza ZXI,Maruti,Vitara Brezza,2022,SUV,Petrol,Manual,610636,INR,110674,Cars24,21-09-2026,Kolkata
https://www.cars24.com/buy-used-maruti-vitara-brezza-2022-cars-lucknow-10038875176/,2022 Maruti Vitara Brezza VXI,Maruti,Vitara Brezza,2022,SUV,Petrol,Manual,581456,INR,143353,Cars24,21-09-2026,Lucknow
https://www.cars24.com/buy-used-maruti-vitara-brezza-2022-cars-lucknow-13217893117/,2022 Maruti Vitara Brezza VXI,Maruti,Vitara Brezza,2022,SUV,Petrol,Manual,572276,INR,55501,Cars24,21-09-2026,Lucknow
https://www.cars24.com/buy-used-maruti-wagon-r-1.0-2013-cars-bangalore-11193873170/,2013 Maruti Wagon R 1.0 VXI,Maruti,Wagon R 1.0,2013,Hatchback,Petrol,Manual,271140,INR,59268,Cars24,21-09-2026,Bangalore
https://www.cars24.com/buy-used-maruti-wagon-r-1.0-2013-cars-jaipur-10788274190/,2013 Maruti Wagon R 1.0 VXI,Maruti,Wagon R 1.0,2013,Hatchback,Petrol,Manual,236140,INR,35984,Cars24,21-09-2026,Jaipur
https://www.cars24.com/buy-used-maruti-wagon-r-1.0-2013-cars-kolkata-28672779184/,2013 Maruti Wagon R 1.0 VXI,Maruti,Wagon R 1.0,2013,Hatchback,Petrol,Manual,217000,INR,34588,Cars24,21-09-2026,Kolkata
https://www.cars24.com/buy-used-maruti-wagon-r-1.0-2013-cars-surat-13515304763/,2013 Maruti Wagon R 1.0 VXI,Maruti,Wagon R 1.0,2013,Hatchback,Petrol,Manual,178114,INR,34722,Cars24,21-09-2026,Surat
https://www.cars24.com/buy-used-maruti-wagon-r-1.0-2014-cars-bhopal-14627694121/,2014 Maruti Wagon R 1.0 VXI,Maruti,Wagon R 1.0,2014,Hatchback,Petrol,Manual,225000,INR,146800,Cars24,21-09-2026,Bhopal
https://www.cars24.com/buy-used-maruti-wagon-r-1.0-2014-cars-hyderabad-10438367760/,2014 Maruti Wagon R 1.0 LXI CNG,Maruti,Wagon R 1.0,2014,Hatchback,CNG,Manual,222674,INR,93823,Cars24,21-09-2026,Hyderabad
https://www.cars24.com/buy-used-maruti-wagon-r-1.0-2014-cars-kolkata-11947274172/,2014 Maruti Wagon R 1.0 LXI,Maruti,Wagon R 1.0,2014,Hatchback,Petrol,Manual,199474,INR,70880,Cars24,21-09-2026,Kolkata
https://www.cars24.com/buy-used-maruti-wagon-r-1.0-2014-cars-lucknow-13973998152/,2014 Maruti Wagon R 1.0 VXI,Maruti,Wagon R 1.0,2014,Hatchback,Petrol,Manual,206614,INR,64980,Cars24,21-09-2026,Lucknow
https://www.cars24.com/buy-used-maruti-wagon-r-1.0-2014-cars-mumbai-10378270171/,2014 Maruti Wagon R 1.0 VXI,Maruti,Wagon R 1.0,2014,Hatchback,Petrol,Manual,250314,INR,55308,Cars24,21-09-2026,Mumbai
https://www.cars24.com/buy-used-maruti-wagon-r-1.0-2014-cars-noida-10002272172/,2014 Maruti Wagon R 1.0 VXI,Maruti,Wagon R 1.0,2014,Hatchback,Petrol,Manual,199140,INR,27059,Cars24,21-09-2026,Noida
https://www.cars24.com/buy-used-maruti-wagon-r-1.0-2014-cars-zirakpur-31779378198/,2014 Maruti Wagon R 1.0 VXI,Maruti,Wagon R 1.0,2014,Hatchback,Petrol,Manual,222967,INR,106383,Cars24,21-09-2026,Zirakpur
https://www.cars24.com/buy-used-maruti-wagon-r-1.0-2015-cars-ahmedabad-11431078135/,2015 Maruti Wagon R 1.0 VXI,Maruti,Wagon R 1.0,2015,Hatchback,Petrol,Manual,268114,INR,117128,Cars24,21-09-2026,Ahmedabad
https://www.cars24.com/buy-used-maruti-wagon-r-1.0-2015-cars-ahmedabad-11455694126/,2015 Maruti Wagon R 1.0 VXI,Maruti,Wagon R 1.0,2015,Hatchback,CNG,Manual,213114,INR,75002,Cars24,21-09-2026,Ahmedabad
https://www.cars24.com/buy-used-maruti-wagon-r-1.0-2015-cars-ahmedabad-25483176193/,2015 Maruti Wagon R 1.0 VXI,Maruti,Wagon R 1.0,2015,Hatchback,CNG,Manual,223114,INR,114266,Cars24,21-09-2026,Ahmedabad
https://www.cars24.com/buy-used-maruti-wagon-r-1.0-2015-cars-hyderabad-10422599151/,2015 Maruti Wagon R 1.0 LXI CNG,Maruti,Wagon R 1.0,2015,Hatchback,CNG,Manual,272674,INR,76556,Cars24,21-09-2026,Hyderabad
https://www.cars24.com/buy-used-maruti-wagon-r-1.0-2015-cars-indore-12863865702/,2015 Maruti Wagon R 1.0 VXI,Maruti,Wagon R 1.0,2015,Hatchback,Petrol,Manual,260140,INR,80865,Cars24,21-09-2026,Indore
https://www.cars24.com/buy-used-maruti-wagon-r-1.0-2015-cars-jaipur-17444296177/,2015 Maruti Wagon R 1.0 VXI,Maruti,Wagon R 1.0,2015,Hatchback,Petrol,Manual,227614,INR,99601,Cars24,21-09-2026,Jaipur
https://www.cars24.com/buy-used-maruti-wagon-r-1.0-2015-cars-lucknow-13806699192/,2015 Maruti Wagon R 1.0 VXI,Maruti,Wagon R 1.0,2015,Hatchback,Petrol,Manual,219059,INR,75119,Cars24,21-09-2026,Lucknow
https://www.cars24.com/buy-used-maruti-wagon-r-1.0-2015-cars-mumbai-10309196143/,2015 Maruti Wagon R 1.0 LXI CNG,Maruti,Wagon R 1.0,2015,Hatchback,CNG,Manual,245674,INR,78882,Cars24,21-09-2026,Mumbai
https://www.cars24.com/buy-used-maruti-wagon-r-1.0-2015-cars-mumbai-10338173118/,2015 Maruti Wagon R 1.0 VXI,Maruti,Wagon R 1.0,2015,Hatchback,Petrol,Manual,255614,INR,34834,Cars24,21-09-2026,Mumbai
https://www.cars24.com/buy-used-maruti-wagon-r-1.0-2015-cars-patna-14406073197/,2015 Maruti Wagon R 1.0 VXI,Maruti,Wagon R 1.0,2015,Hatchback,Petrol,Manual,226614,INR,98086,Cars24,21-09-2026,Patna
https://www.cars24.com/buy-used-maruti-wagon-r-1.0-2015-cars-surat-13551896112/,2015 Maruti Wagon R 1.0 VXI,Maruti,Wagon R 1.0,2015,Hatchback,Petrol,Manual,230114,INR,52817,Cars24,21-09-2026,Surat
https://www.cars24.com/buy-used-maruti-wagon-r-1.0-2015-cars-vadodara-11493795120/,2015 Maruti Wagon R 1.0 VXI,Maruti,Wagon R 1.0,2015,Hatchback,Petrol,Manual,223114,INR,89281,Cars24,21-09-2026,Vadodara
https://www.cars24.com/buy-used-maruti-wagon-r-1.0-2016-cars-chandigarh-11629998176/,2016 Maruti Wagon R 1.0 LXI CNG,Maruti,Wagon R 1.0,2016,Hatchback,CNG,Manual,194140,INR,75147,Cars24,21-09-2026,Chandigarh
https://www.cars24.com/buy-used-maruti-wagon-r-1.0-2016-cars-gurgaon-13260391113/,2016 Maruti Wagon R 1.0 LXI CNG,Maruti,Wagon R 1.0,2016,Hatchback,CNG,Manual,224140,INR,64627,Cars24,21-09-2026,Gurgaon
https://www.cars24.com/buy-used-maruti-wagon-r-1.0-2016-cars-lucknow-13299876127/,2016 Maruti Wagon R 1.0 VXI,Maruti,Wagon R 1.0,2016,Hatchback,Petrol,Manual,282140,INR,69775,Cars24,21-09-2026,Lucknow
https://www.cars24.com/buy-used-maruti-wagon-r-1.0-2016-cars-pune-11433973117/,2016 Maruti Wagon R 1.0 VXI AMT,Maruti,Wagon R 1.0,2016,Hatchback,Petrol,Automatic,262614,INR,30868,Cars24,21-09-2026,Pune
https://www.cars24.com/buy-used-maruti-wagon-r-1.0-2016-cars-surat-13579792166/,2016 Maruti Wagon R 1.0 VXI,Maruti,Wagon R 1.0,2016,Hatchback,Petrol,Manual,259214,INR,73292,Cars24,21-09-2026,Surat
https://www.cars24.com/buy-used-maruti-wagon-r-1.0-2016-cars-vadodara-13676098107/,2016 Maruti Wagon R 1.0 VXI,Maruti,Wagon R 1.0,2016,Hatchback,Petrol,Manual,277114,INR,85154,Cars24,21-09-2026,Vadodara
https://www.cars24.com/buy-used-maruti-wagon-r-1.0-2017-cars-agra-13869174184/,2017 Maruti Wagon R 1.0 VXI,Maruti,Wagon R 1.0,2017,Hatchback,Petrol,Manual,254519,INR,75670,Cars24,21-09-2026,Agra
https://www.cars24.com/buy-used-maruti-wagon-r-1.0-2017-cars-bangalore-32034175114/,2017 Maruti Wagon R 1.0 VXI,Maruti,Wagon R 1.0,2017,Hatchback,Petrol,Manual,357140,INR,39923,Cars24,21-09-2026,Bangalore
https://www.cars24.com/buy-used-maruti-wagon-r-1.0-2017-cars-bhopal-15398479176/,2017 Maruti Wagon R 1.0 VXI,Maruti,Wagon R 1.0,2017,Hatchback,Petrol,Manual,275000,INR,46221,Cars24,21-09-2026,Bhopal
https://www.cars24.com/buy-used-maruti-wagon-r-1.0-2017-cars-hyderabad-10409075118/,2017 Maruti Wagon R 1.0 VXI AMT,Maruti,Wagon R 1.0,2017,Hatchback,Petrol,Automatic,388337,INR,14587,Cars24,21-09-2026,Hyderabad
https://www.cars24.com/buy-used-maruti-wagon-r-1.0-2017-cars-kolkata-11987676132/,2017 Maruti Wagon R 1.0 VXI,Maruti,Wagon R 1.0,2017,Hatchback,Petrol,Manual,304614,INR,29439,Cars24,21-09-2026,Kolkata
https://www.cars24.com/buy-used-maruti-wagon-r-1.0-2017-cars-lucknow-13294974179/,2017 Maruti Wagon R 1.0 VXI,Maruti,Wagon R 1.0,2017,Hatchback,Petrol,Manual,232614,INR,33733,Cars24,21-09-2026,Lucknow
https://www.cars24.com/buy-used-maruti-wagon-r-1.0-2017-cars-pune-10478674115/,2017 Maruti Wagon R 1.0 VXI AMT,Maruti,Wagon R 1.0,2017,Hatchback,Petrol,Automatic,293614,INR,89832,Cars24,21-09-2026,Pune
https://www.cars24.com/buy-used-maruti-wagon-r-1.0-2017-cars-surat-21230378177/,2017 Maruti Wagon R 1.0 VXI,Maruti,Wagon R 1.0,2017,Hatchback,Petrol,Manual,280114,INR,117308,Cars24,21-09-2026,Surat
https://www.cars24.com/buy-used-maruti-wagon-r-1.0-2018-cars-ahmedabad-11466776176/,2018 Maruti Wagon R 1.0 VXI,Maruti,Wagon R 1.0,2018,Hatchback,Petrol,Manual,288045,INR,106076,Cars24,21-09-2026,Ahmedabad
https://www.cars24.com/buy-used-maruti-wagon-r-1.0-2018-cars-lucknow-13228976130/,2018 Maruti Wagon R 1.0 VXI,Maruti,Wagon R 1.0,2018,Hatchback,Petrol,Manual,301614,INR,77563,Cars24,21-09-2026,Lucknow
https://www.cars24.com/buy-used-maruti-wagon-r-1.0-2018-cars-mumbai-10311078150/,2018 Maruti Wagon R 1.0 LXI CNG,Maruti,Wagon R 1.0,2018,Hatchback,CNG,Manual,327140,INR,55550,Cars24,21-09-2026,Mumbai
https://www.cars24.com/buy-used-maruti-wagon-r-1.0-2018-cars-patna-14433674172/,2018 Maruti Wagon R 1.0 VXI,Maruti,Wagon R 1.0,2018,Hatchback,Petrol,Manual,301614,INR,72688,Cars24,21-09-2026,Patna
https://www.cars24.com/buy-used-maruti-wagon-r-1.0-2018-cars-pune-10636777187/,2018 Maruti Wagon R 1.0 LXI CNG (O),Maruti,Wagon R 1.0,2018,Hatchback,CNG,Manual,370320,INR,71024,Cars24,21-09-2026,Pune
https://www.cars24.com/buy-used-maruti-wagon-r-1.0-2018-cars-surat-13541790179/,2018 Maruti Wagon R 1.0 LXI CNG,Maruti,Wagon R 1.0,2018,Hatchback,CNG,Manual,307745,INR,93246,Cars24,21-09-2026,Surat
https://www.cars24.com/buy-used-maruti-wagon-r-1.0-2018-cars-surat-13544471151/,2018 Maruti Wagon R 1.0 VXI AMT,Maruti,Wagon R 1.0,2018,Hatchback,Petrol,Automatic,343759,INR,66751,Cars24,21-09-2026,Surat
https://www.cars24.com/buy-used-maruti-wagon-r-stingray-2013-cars-vadodara-13684974152/,2013 Maruti Wagon R Stingray VXI,Maruti,Wagon R Stingray,2013,Hatchback,CNG,Manual,188174,INR,123261,Cars24,21-09-2026,Vadodara
https://www.cars24.com/buy-used-maruti-xl6-2019-cars-gurgaon-13307597164/,2019 Maruti XL6 ALPHA MT,Maruti,XL6,2019,SUV,Petrol,Manual,569276,INR,113518,Cars24,21-09-2026,Gurgaon
https://www.cars24.com/buy-used-maruti-xl6-2020-cars-chandigarh-11585099109/,2020 Maruti XL6 ZETA MT,Maruti,XL6,2020,SUV,Petrol,Manual,632636,INR,83016,Cars24,21-09-2026,Chandigarh
https://www.cars24.com/buy-used-maruti-xl6-2024-cars-coimbatore-13759697164/,2024 Maruti XL6 ALPHA PLUS AT,Maruti,XL6,2024,SUV,Petrol,Automatic,1128100,INR,25334,Cars24,21-09-2026,Coimbatore
https://www.cars24.com/buy-used-maruti-xl6-2024-cars-patna-14428777133/,2024 Maruti XL6 ZETA CNG,Maruti,XL6,2024,SUV,CNG,Manual,1089861,INR,95196,Cars24,21-09-2026,Patna
https://www.cars24.com/buy-used-mercedes-benz-a-class-limousine-2022-cars-pune-10344299101/,2022 Mercedes Benz A CLASS LIMOUSINE A 200d,Mercedes Benz,A CLASS LIMOUSINE,2022,Sedan,Diesel,Automatic,2533340,INR,39616,Cars24,21-09-2026,Pune
https://www.cars24.com/buy-used-mercedes-benz-glc-class-2022-cars-gurgaon-10080295151/,2022 Mercedes Benz GLC CLASS 200 Progressive,Mercedes Benz,GLC CLASS,2022,SUV,Petrol,Automatic,3883340,INR,17116,Cars24,21-09-2026,Gurgaon
https://www.cars24.com/buy-used-mg-astor-2021-cars-bhopal-12838672191/,2021 MG ASTOR SHARP 1.5 MT,MG,ASTOR,2021,SUV,Petrol,Manual,755636,INR,55466,Cars24,21-09-2026,Bhopal
https://www.cars24.com/buy-used-mg-astor-2022-cars-gurgaon-13360594166/,2022 MG ASTOR SHARP EX 1.5 MT,MG,ASTOR,2022,SUV,Petrol,Manual,754636,INR,43358,Cars24,21-09-2026,Gurgaon
https://www.cars24.com/buy-used-mg-astor-2022-cars-jaipur-10738897135/,2022 MG ASTOR SHARP 1.5 MT SANGARIA,MG,ASTOR,2022,SUV,CNG,Manual,788140,INR,78218,Cars24,21-09-2026,Jaipur
https://www.cars24.com/buy-used-mg-astor-2022-cars-mohali-10945479122/,2022 MG ASTOR SMART 1.5 MT,MG,ASTOR,2022,SUV,Petrol,Manual,865000,INR,51253,Cars24,21-09-2026,Mohali
https://www.cars24.com/buy-used-mg-astor-2022-cars-nagpur-12354674127/,2022 MG ASTOR SHARP 1.5 CVT,MG,ASTOR,2022,SUV,Petrol,Automatic,1110000,INR,51688,Cars24,21-09-2026,Nagpur
https://www.cars24.com/buy-used-mg-astor-2023-cars-chandigarh-10011091150/,2023 MG ASTOR SMART 1.5 CVT,MG,ASTOR,2023,SUV,Petrol,Automatic,695636,INR,29408,Cars24,21-09-2026,Chandigarh
https://www.cars24.com/buy-used-mg-astor-2023-cars-ghaziabad-15114075116/,2023 MG ASTOR SUPER 1.5 MT,MG,ASTOR,2023,SUV,Petrol,Manual,669840,INR,35259,Cars24,21-09-2026,Ghaziabad
https://www.cars24.com/buy-used-mg-astor-2023-cars-gurgaon-11569090115/,2023 MG ASTOR STYLE 1.5 MT,MG,ASTOR,2023,SUV,Petrol,Manual,703636,INR,28044,Cars24,21-09-2026,Gurgaon
https://www.cars24.com/buy-used-mg-astor-2023-cars-jaipur-10728679120/,2023 MG ASTOR STYLE 1.5 MT,MG,ASTOR,2023,SUV,Petrol,Manual,733179,INR,26234,Cars24,21-09-2026,Jaipur
https://www.cars24.com/buy-used-mg-astor-2024-cars-indore-14658876188/,2024 MG ASTOR Sprint 1.5 MT (Ivory),MG,ASTOR,2024,SUV,Petrol,Manual,784840,INR,15332,Cars24,21-09-2026,Indore
https://www.cars24.com/buy-used-mg-astor-2024-cars-vadodara-13645091122/,2024 MG ASTOR Select 1.5 CVT (Ivory),MG,ASTOR,2024,SUV,Petrol,Automatic,942597,INR,42475,Cars24,21-09-2026,Vadodara
https://www.cars24.com/buy-used-mg-hector-2019-cars-gurgaon-10180093130/,2019 MG HECTOR SMART 1.5 DCT PETROL,MG,HECTOR,2019,SUV,Petrol,Automatic,717636,INR,67088,Cars24,21-09-2026,Gurgaon
https://www.cars24.com/buy-used-mg-hector-2019-cars-gurgaon-16332470197/,2019 MG HECTOR SHARP 1.5 DCT PETROL,MG,HECTOR,2019,SUV,Petrol,Automatic,682840,INR,79515,Cars24,21-09-2026,Gurgaon
https://www.cars24.com/buy-used-mg-hector-2019-cars-jaipur-10758177195/,2019 MG HECTOR SHARP 1.5 DCT PETROL,MG,HECTOR,2019,SUV,Petrol,Automatic,801636,INR,61268,Cars24,21-09-2026,Jaipur
https://www.cars24.com/buy-used-mg-hector-2019-cars-jaipur-10762173151/,2019 MG HECTOR SHARP 1.5 DCT PETROL,MG,HECTOR,2019,SUV,Petrol,Automatic,777840,INR,74187,Cars24,21-09-2026,Jaipur
https://www.cars24.com/buy-used-mg-hector-2019-cars-kochi-17803597121/,2019 MG HECTOR SHARP 2.0 DIESEL,MG,HECTOR,2019,SUV,Diesel,Manual,1109134,INR,52684,Cars24,21-09-2026,Kochi
https://www.cars24.com/buy-used-mg-hector-2019-cars-kochi-32668771112/,2019 MG HECTOR SHARP 2.0 DIESEL,MG,HECTOR,2019,SUV,Diesel,Manual,983920,INR,75303,Cars24,21-09-2026,Kochi
https://www.cars24.com/buy-used-mg-hector-2019-cars-lucknow-13295497104/,2019 MG HECTOR SHARP 2.0 DIESEL,MG,HECTOR,2019,SUV,Diesel,Manual,768519,INR,127018,Cars24,21-09-2026,Lucknow
https://www.cars24.com/buy-used-mg-hector-2019-cars-pune-10623465733/,2019 MG HECTOR SHARP HYBRID 1.5 PETROL,MG,HECTOR,2019,SUV,Petrol,Manual,793636,INR,60638,Cars24,21-09-2026,Pune
https://www.cars24.com/buy-used-mg-hector-2020-cars-ahmedabad-11405670158/,2020 MG HECTOR SHARP 1.5 DCT PETROL,MG,HECTOR,2020,SUV,Petrol,Automatic,810372,INR,84209,Cars24,21-09-2026,Ahmedabad
https://www.cars24.com/buy-used-mg-hector-2020-cars-bangalore-23659762721/,2020 MG HECTOR SHARP 2.0 DIESEL,MG,HECTOR,2020,SUV,Diesel,Manual,901920,INR,125871,Cars24,21-09-2026,Bangalore
https://www.cars24.com/buy-used-mg-hector-2020-cars-chandigarh-11674898147/,2020 MG HECTOR SHARP 1.5 DCT PETROL,MG,HECTOR,2020,SUV,Petrol,Automatic,1013716,INR,48354,Cars24,21-09-2026,Chandigarh
https://www.cars24.com/buy-used-mg-hector-2020-cars-hyderabad-10483797113/,2020 MG HECTOR SHARP 1.5 DCT PETROL,MG,HECTOR,2020,SUV,Petrol,Automatic,815562,INR,139982,Cars24,21-09-2026,Hyderabad
https://www.cars24.com/buy-used-mg-hector-2020-cars-jaipur-10109561742/,2020 MG HECTOR SHARP 1.5 DCT PETROL,MG,HECTOR,2020,SUV,Petrol,Automatic,886716,INR,78808,Cars24,21-09-2026,Jaipur
https://www.cars24.com/buy-used-mg-hector-2020-cars-jaipur-10706574178/,2020 MG HECTOR SHARP 1.5 DCT PETROL,MG,HECTOR,2020,SUV,Petrol,Automatic,965716,INR,65375,Cars24,21-09-2026,Jaipur
https://www.cars24.com/buy-used-mg-hector-2020-cars-kochi-14924296157/,2020 MG HECTOR SUPER 2.0 DIESEL,MG,HECTOR,2020,SUV,Diesel,Manual,932920,INR,80286,Cars24,21-09-2026,Kochi
https://www.cars24.com/buy-used-mg-hector-2020-cars-kolkata-11956071197/,2020 MG HECTOR SHARP 2.0 DIESEL,MG,HECTOR,2020,SUV,Diesel,Manual,1015197,INR,30982,Cars24,21-09-2026,Kolkata
https://www.cars24.com/buy-used-mg-hector-2020-cars-mumbai-10362274194/,2020 MG HECTOR SHARP 1.5 DCT PETROL,MG,HECTOR,2020,SUV,Petrol,Automatic,940796,INR,39486,Cars24,21-09-2026,Mumbai
https://www.cars24.com/buy-used-mg-hector-2020-cars-patna-14418398132/,2020 MG HECTOR SHARP 1.5 DCT PETROL,MG,HECTOR,2020,SUV,Petrol,Automatic,1011716,INR,69525,Cars24,21-09-2026,Patna
https://www.cars24.com/buy-used-mg-hector-2020-cars-pune-10673479151/,2020 MG HECTOR SHARP 1.5 DCT PETROL,MG,HECTOR,2020,SUV,Petrol,Automatic,821636,INR,123980,Cars24,21-09-2026,Pune
https://www.cars24.com/buy-used-mg-hector-2020-cars-vadodara-13585097132/,2020 MG HECTOR SHARP 2.0 DIESEL,MG,HECTOR,2020,SUV,Diesel,Manual,810995,INR,107848,Cars24,21-09-2026,Vadodara
https://www.cars24.com/buy-used-mg-hector-2021-cars-ahmedabad-11443179111/,2021 MG HECTOR SHARP 1.5 PETROL CVT,MG,HECTOR,2021,SUV,Petrol,Automatic,1007296,INR,75066,Cars24,21-09-2026,Ahmedabad
https://www.cars24.com/buy-used-mg-hector-2021-cars-ahmedabad-11497260736/,2021 MG HECTOR SUPER 2.0 DIESEL,MG,HECTOR,2021,SUV,Diesel,Manual,805846,INR,50716,Cars24,21-09-2026,Ahmedabad
https://www.cars24.com/buy-used-mg-hector-2021-cars-bhopal-14619876197/,2021 MG HECTOR SHARP 1.5 PETROL CVT,MG,HECTOR,2021,SUV,Petrol,Automatic,1001716,INR,61025,Cars24,21-09-2026,Bhopal
https://www.cars24.com/buy-used-mg-hector-2021-cars-chennai-11313470120/,2021 MG HECTOR SHARP HYBRID 1.5 PETROL,MG,HECTOR,2021,SUV,Petrol,Manual,1101976,INR,52456,Cars24,21-09-2026,Chennai
https://www.cars24.com/buy-used-mg-hector-2021-cars-chennai-11376373184/,2021 MG HECTOR SHARP 1.5 DCT PETROL,MG,HECTOR,2021,SUV,Petrol,Automatic,1161896,INR,26160,Cars24,21-09-2026,Chennai
https://www.cars24.com/buy-used-mg-hector-2021-cars-hyderabad-10449579132/,2021 MG HECTOR SHARP 1.5 PETROL CVT,MG,HECTOR,2021,SUV,Petrol,Automatic,1136896,INR,45114,Cars24,21-09-2026,Hyderabad
https://www.cars24.com/buy-used-mg-hector-2021-cars-lucknow-20071671194/,2021 MG HECTOR SUPER 1.5 PETROL,MG,HECTOR,2021,SUV,Petrol,Manual,721870,INR,71612,Cars24,21-09-2026,Lucknow
https://www.cars24.com/buy-used-mg-hector-2021-cars-mumbai-10358379113/,2021 MG HECTOR SHINE 1.5 PETROL TURBO CVT,MG,HECTOR,2021,SUV,Petrol,Automatic,1070896,INR,24173,Cars24,21-09-2026,Mumbai
https://www.cars24.com/buy-used-mg-hector-2021-cars-noida-13490190149/,2021 MG HECTOR SHARP 1.5 DCT PETROL,MG,HECTOR,2021,SUV,Petrol,Automatic,1011096,INR,65346,Cars24,21-09-2026,Noida
https://www.cars24.com/buy-used-mg-hector-2021-cars-noida-32894772199/,2021 MG HECTOR SHARP 2.0 DIESEL,MG,HECTOR,2021,SUV,Diesel,Manual,754117,INR,143720,Cars24,21-09-2026,Noida
https://www.cars24.com/buy-used-mg-hector-2021-cars-vadodara-21296599151/,2021 MG HECTOR SHARP 1.5 PETROL CVT,MG,HECTOR,2021,SUV,Petrol,Automatic,994402,INR,35356,Cars24,21-09-2026,Vadodara
https://www.cars24.com/buy-used-mg-hector-2022-cars-bhopal-14612578154/,2022 MG HECTOR SMART HYBRID 1.5 PETROL,MG,HECTOR,2022,SUV,Petrol,Manual,1019920,INR,37735,Cars24,21-09-2026,Bhopal
https://www.cars24.com/buy-used-mg-hector-2022-cars-chandigarh-11607297121/,2022 MG HECTOR SHARP 1.5 PETROL CVT,MG,HECTOR,2022,SUV,Petrol,Automatic,1326896,INR,67060,Cars24,21-09-2026,Chandigarh
https://www.cars24.com/buy-used-mg-hector-2022-cars-chennai-11392193127/,2022 MG HECTOR SHARP 2.0 DIESEL,MG,HECTOR,2022,SUV,Diesel,Manual,1155377,INR,63793,Cars24,21-09-2026,Chennai
https://www.cars24.com/buy-used-mg-hector-2022-cars-coimbatore-31243574185/,2022 MG HECTOR SHARP 2.0 DIESEL,MG,HECTOR,2022,SUV,Diesel,Manual,1269100,INR,96325,Cars24,21-09-2026,Coimbatore
https://www.cars24.com/buy-used-mg-hector-2022-cars-indore-12875773124/,2022 MG HECTOR SHARP 2.0 DIESEL,MG,HECTOR,2022,SUV,Diesel,Manual,1040197,INR,38787,Cars24,21-09-2026,Indore
https://www.cars24.com/buy-used-mg-hector-2023-cars-coimbatore-16416399107/,2023 MG HECTOR SHARP 2.0 DIESEL,MG,HECTOR,2023,SUV,Diesel,Manual,1272100,INR,56582,Cars24,21-09-2026,Coimbatore
https://www.cars24.com/buy-used-mg-hector-2023-cars-gurgaon-16382805740/,2023 MG HECTOR SAVVY PRO 1.5 TURBO CVT PETROL,MG,HECTOR,2023,SUV,Petrol,Automatic,1175096,INR,44360,Cars24,21-09-2026,Gurgaon
https://www.cars24.com/buy-used-mg-hector-2023-cars-lucknow-13267173198/,2023 MG HECTOR SHARP PRO 1.5 TURBO MT PETROL,MG,HECTOR,2023,SUV,Petrol,Manual,1227000,INR,8982,Cars24,21-09-2026,Lucknow
https://www.cars24.com/buy-used-mg-hector-2024-cars-gurgaon-19726162749/,2024 MG HECTOR Shine Pro 2.0 Turbo Diesel MT,MG,HECTOR,2024,SUV,Diesel,Manual,1277500,INR,9944,Cars24,21-09-2026,Gurgaon
https://www.cars24.com/buy-used-mg-hector-2024-cars-lucknow-18572378196/,2024 MG HECTOR SHARP PRO 1.5 PETROL TURBO CVT PETROL,MG,HECTOR,2024,SUV,Petrol,Automatic,1395100,INR,29042,Cars24,21-09-2026,Lucknow
https://www.cars24.com/buy-used-mg-hector-plus-2020-cars-mumbai-28145767740/,2020 MG HECTOR PLUS SMART 2.0 DIESEL TURBO MT 6-STR,MG,HECTOR PLUS,2020,SUV,Diesel,Manual,811117,INR,142342,Cars24,21-09-2026,Mumbai
https://www.cars24.com/buy-used-mg-hector-plus-2020-cars-pune-12482597195/,2020 MG HECTOR PLUS SHARP 1.5 PETROL TURBO DCT 6-STR,MG,HECTOR PLUS,2020,SUV,Petrol,Automatic,834636,INR,109446,Cars24,21-09-2026,Pune
https://www.cars24.com/buy-used-mg-hector-plus-2021-cars-coimbatore-16901395147/,2021 MG HECTOR PLUS SHARP 2.0 DIESEL TURBO MT 6-STR,MG,HECTOR PLUS,2021,SUV,Diesel,Manual,1167000,INR,115119,Cars24,21-09-2026,Coimbatore
https://www.cars24.com/buy-used-mg-hector-plus-2021-cars-kochi-14942463748/,2021 MG HECTOR PLUS SHARP 1.5 PETROL TURBO CVT 6-STR,MG,HECTOR PLUS,2021,SUV,Petrol,Automatic,1032920,INR,45123,Cars24,21-09-2026,Kochi
https://www.cars24.com/buy-used-mg-hector-plus-2021-cars-vadodara-13647875132/,2021 MG HECTOR PLUS SHARP 1.5 PETROL TURBO CVT 6-STR,MG,HECTOR PLUS,2021,SUV,Petrol,Automatic,1047020,INR,77029,Cars24,21-09-2026,Vadodara
https://www.cars24.com/buy-used-mg-hector-plus-2021-cars-vadodara-36478193186/,2021 MG HECTOR PLUS SHARP 1.5 PETROL TURBO CVT 6-STR,MG,HECTOR PLUS,2021,SUV,Petrol,Automatic,1069532,INR,76482,Cars24,21-09-2026,Vadodara
https://www.cars24.com/buy-used-mg-hector-plus-2022-cars-ahmedabad-15084394175/,2022 MG HECTOR PLUS SHARP 2.0 DIESEL TURBO MT 6-STR,MG,HECTOR PLUS,2022,SUV,Diesel,Manual,974385,INR,118579,Cars24,21-09-2026,Ahmedabad
https://www.cars24.com/buy-used-mg-hector-plus-2022-cars-hyderabad-12259695148/,2022 MG HECTOR PLUS SELECT 2.0 DIESEL TURBO MT 7-STR,MG,HECTOR PLUS,2022,SUV,Diesel,Manual,1174000,INR,61224,Cars24,21-09-2026,Hyderabad
https://www.cars24.com/buy-used-mg-hector-plus-2022-cars-noida-19743191124/,2022 MG HECTOR PLUS SHARP 2.0 DIESEL TURBO MT 6-STR,MG,HECTOR PLUS,2022,SUV,Diesel,Manual,1148377,INR,70691,Cars24,21-09-2026,Noida
https://www.cars24.com/buy-used-mg-hector-plus-2023-cars-chandigarh-11653975152/,2023 MG HECTOR PLUS SHARP 1.5 PETROL TURBO CVT 6-STR,MG,HECTOR PLUS,2023,SUV,Petrol,Automatic,1300896,INR,46128,Cars24,21-09-2026,Chandigarh
https://www.cars24.com/buy-used-mg-hector-plus-2023-cars-noida-15134579193/,2023 MG HECTOR PLUS SHARP PRO 1.5 PETROL TURBO CVT 6 STR,MG,HECTOR PLUS,2023,SUV,Petrol,Automatic,1231896,INR,43197,Cars24,21-09-2026,Noida
https://www.cars24.com/buy-used-mg-hector-plus-2024-cars-indore-12845270114/,2024 MG HECTOR PLUS SHARP PRO 1.5 TURBO MT 7 STR,MG,HECTOR PLUS,2024,SUV,Petrol,Manual,1445100,INR,23440,Cars24,21-09-2026,Indore
https://www.cars24.com/buy-used-nissan-kicks-2019-cars-chandigarh-10105399136/,2019 Nissan Kicks XV PREMIUM (O) DIESEL,Nissan,Kicks,2019,SUV,Diesel,Manual,437476,INR,99922,Cars24,21-09-2026,Chandigarh
https://www.cars24.com/buy-used-nissan-kicks-2019-cars-gurgaon-19758597101/,2019 Nissan Kicks XV 1.5,Nissan,Kicks,2019,SUV,Petrol,Manual,383161,INR,74105,Cars24,21-09-2026,Gurgaon
https://www.cars24.com/buy-used-nissan-kicks-2020-cars-chandigarh-10999602741/,2020 Nissan Kicks XV PREMIUM (O) TURBO 1.3 DUAL TONE,Nissan,Kicks,2020,SUV,Petrol,Manual,503736,INR,54704,Cars24,21-09-2026,Chandigarh
https://www.cars24.com/buy-used-nissan-kicks-2020-cars-vadodara-11461599173/,2020 Nissan Kicks XV TURBO 1.3 CVT,Nissan,Kicks,2020,SUV,Petrol,Automatic,482469,INR,81746,Cars24,21-09-2026,Vadodara
https://www.cars24.com/buy-used-nissan-kicks-2020-cars-vadodara-13612795166/,2020 Nissan Kicks XV TURBO 1.3 CVT,Nissan,Kicks,2020,SUV,Petrol,Automatic,558875,INR,83462,Cars24,21-09-2026,Vadodara
https://www.cars24.com/buy-used-nissan-kicks-2021-cars-lucknow-15978363798/,2021 Nissan Kicks XV TURBO 1.3 CVT,Nissan,Kicks,2021,SUV,Petrol,Automatic,469376,INR,48055,Cars24,21-09-2026,Lucknow
https://www.cars24.com/buy-used-nissan-kicks-2021-cars-surat-13599271199/,2021 Nissan Kicks XV TURBO 1.3 CVT,Nissan,Kicks,2021,SUV,Petrol,Automatic,687922,INR,57892,Cars24,21-09-2026,Surat
https://www.cars24.com/buy-used-nissan-magnite-2020-cars-indore-12883372179/,2020 Nissan MAGNITE XV TURBO,Nissan,MAGNITE,2020,SUV,Petrol,Manual,527120,INR,58742,Cars24,21-09-2026,Indore
https://www.cars24.com/buy-used-nissan-magnite-2021-cars-bangalore-10208079173/,2021 Nissan MAGNITE XV TURBO,Nissan,MAGNITE,2021,SUV,Petrol,Manual,571480,INR,65234,Cars24,21-09-2026,Bangalore
https://www.cars24.com/buy-used-nissan-magnite-2021-cars-bhopal-14631072137/,2021 Nissan MAGNITE XL TURBO,Nissan,MAGNITE,2021,SUV,Petrol,Manual,480000,INR,77393,Cars24,21-09-2026,Bhopal
https://www.cars24.com/buy-used-nissan-magnite-2021-cars-chennai-11301495160/,2021 Nissan MAGNITE XV PREMIUM TURBO CVT,Nissan,MAGNITE,2021,SUV,Petrol,Automatic,559480,INR,39672,Cars24,21-09-2026,Chennai
https://www.cars24.com/buy-used-nissan-magnite-2021-cars-chennai-11363279131/,2021 Nissan MAGNITE XV PREMIUM TURBO,Nissan,MAGNITE,2021,SUV,Petrol,Manual,538770,INR,82983,Cars24,21-09-2026,Chennai
https://www.cars24.com/buy-used-nissan-magnite-2021-cars-chennai-11397891134/,2021 Nissan MAGNITE XV MT,Nissan,MAGNITE,2021,SUV,Petrol,Manual,457580,INR,121424,Cars24,21-09-2026,Chennai
https://www.cars24.com/buy-used-nissan-magnite-2021-cars-chennai-11399072156/,2021 Nissan MAGNITE XV PREMIUM TURBO CVT DUAL TONE,Nissan,MAGNITE,2021,SUV,Petrol,Automatic,622840,INR,59949,Cars24,21-09-2026,Chennai
https://www.cars24.com/buy-used-nissan-magnite-2021-cars-gurgaon-16327673199/,2021 Nissan MAGNITE XE,Nissan,MAGNITE,2021,SUV,Petrol,Manual,305140,INR,74445,Cars24,21-09-2026,Gurgaon
https://www.cars24.com/buy-used-nissan-magnite-2021-cars-kochi-16100371196/,2021 Nissan MAGNITE XL TURBO,Nissan,MAGNITE,2021,SUV,Petrol,Manual,513120,INR,10039,Cars24,21-09-2026,Kochi
https://www.cars24.com/buy-used-nissan-magnite-2021-cars-kolkata-11901669794/,2021 Nissan MAGNITE XV TURBO CVT DUAL TONE,Nissan,MAGNITE,2021,SUV,Petrol,Automatic,419199,INR,103033,Cars24,21-09-2026,Kolkata
https://www.cars24.com/buy-used-nissan-magnite-2021-cars-mumbai-10363477159/,2021 Nissan MAGNITE XV PREMIUM TURBO (O) DUAL TONE,Nissan,MAGNITE,2021,SUV,Petrol,Manual,577179,INR,58617,Cars24,21-09-2026,Mumbai
https://www.cars24.com/buy-used-nissan-magnite-2021-cars-surat-13597579115/,2021 Nissan MAGNITE XV PREMIUM TURBO CVT,Nissan,MAGNITE,2021,SUV,Petrol,Automatic,589657,INR,49517,Cars24,21-09-2026,Surat
https://www.cars24.com/buy-used-nissan-magnite-2022-cars-ahmedabad-11476447731/,2022 Nissan MAGNITE XE,Nissan,MAGNITE,2022,SUV,Petrol,Manual,444221,INR,77041,Cars24,21-09-2026,Ahmedabad
https://www.cars24.com/buy-used-nissan-magnite-2022-cars-bhopal-12837477189/,2022 Nissan MAGNITE XE,Nissan,MAGNITE,2022,SUV,Petrol,Manual,401500,INR,53541,Cars24,21-09-2026,Bhopal
https://www.cars24.com/buy-used-nissan-magnite-2022-cars-bhopal-14636878171/,2022 Nissan MAGNITE XL,Nissan,MAGNITE,2022,SUV,Petrol,Manual,451980,INR,51848,Cars24,21-09-2026,Bhopal
https://www.cars24.com/buy-used-nissan-magnite-2022-cars-bhopal-15341972190/,2022 Nissan MAGNITE XV MT,Nissan,MAGNITE,2022,SUV,Petrol,Manual,496940,INR,58315,Cars24,21-09-2026,Bhopal
https://www.cars24.com/buy-used-nissan-magnite-2022-cars-chandigarh-11696696135/,2022 Nissan MAGNITE XV PREMIUM TURBO,Nissan,MAGNITE,2022,SUV,Petrol,Manual,485279,INR,71617,Cars24,21-09-2026,Chandigarh
https://www.cars24.com/buy-used-nissan-magnite-2022-cars-coimbatore-11318971188/,2022 Nissan MAGNITE XV TURBO,Nissan,MAGNITE,2022,SUV,Petrol,Manual,600840,INR,50579,Cars24,21-09-2026,Coimbatore
https://www.cars24.com/buy-used-nissan-magnite-2022-cars-gurgaon-12291371120/,2022 Nissan MAGNITE XE,Nissan,MAGNITE,2022,SUV,Petrol,Manual,565480,INR,24261,Cars24,21-09-2026,Gurgaon
https://www.cars24.com/buy-used-nissan-magnite-2022-cars-hyderabad-10440276180/,2022 Nissan MAGNITE XV MT,Nissan,MAGNITE,2022,SUV,Petrol,Manual,569760,INR,37465,Cars24,21-09-2026,Hyderabad
https://www.cars24.com/buy-used-nissan-magnite-2022-cars-indore-15767176114/,2022 Nissan MAGNITE XL,Nissan,MAGNITE,2022,SUV,Petrol,Manual,523120,INR,53077,Cars24,21-09-2026,Indore
https://www.cars24.com/buy-used-nissan-magnite-2022-cars-indore-31056375177/,2022 Nissan MAGNITE XV PREMIUM,Nissan,MAGNITE,2022,SUV,Petrol,Manual,626840,INR,13694,Cars24,21-09-2026,Indore
https://www.cars24.com/buy-used-nissan-magnite-2022-cars-lucknow-10070594167/,2022 Nissan MAGNITE XE,Nissan,MAGNITE,2022,SUV,Petrol,Manual,407453,INR,42918,Cars24,21-09-2026,Lucknow
https://www.cars24.com/buy-used-nissan-magnite-2022-cars-lucknow-13201377139/,2022 Nissan MAGNITE XV EXECUTIVE TURBO CVT,Nissan,MAGNITE,2022,SUV,Petrol,Automatic,624840,INR,11635,Cars24,21-09-2026,Lucknow
https://www.cars24.com/buy-used-nissan-magnite-2022-cars-mumbai-10363878176/,2022 Nissan MAGNITE XV TURBO,Nissan,MAGNITE,2022,SUV,Petrol,Manual,518913,INR,22147,Cars24,21-09-2026,Mumbai
https://www.cars24.com/buy-used-nissan-magnite-2022-cars-mumbai-10370697165/,2022 Nissan MAGNITE XE,Nissan,MAGNITE,2022,SUV,Petrol,Manual,333140,INR,136057,Cars24,21-09-2026,Mumbai
https://www.cars24.com/buy-used-nissan-magnite-2022-cars-mumbai-10370771187/,2022 Nissan MAGNITE XV PREMIUM,Nissan,MAGNITE,2022,SUV,Petrol,Manual,534300,INR,56111,Cars24,21-09-2026,Mumbai
https://www.cars24.com/buy-used-nissan-magnite-2022-cars-noida-10113898102/,2022 Nissan MAGNITE XE,Nissan,MAGNITE,2022,SUV,Petrol,Manual,353659,INR,68617,Cars24,21-09-2026,Noida
https://www.cars24.com/buy-used-nissan-magnite-2023-cars-coimbatore-13746072181/,2023 Nissan MAGNITE XV PREMIUM TURBO CVT,Nissan,MAGNITE,2023,SUV,Petrol,Automatic,807000,INR,45266,Cars24,21-09-2026,Coimbatore
https://www.cars24.com/buy-used-nissan-magnite-2023-cars-jaipur-10749872130/,2023 Nissan MAGNITE XL AMT EZ Shift,Nissan,MAGNITE,2023,SUV,Petrol,Automatic,585660,INR,16802,Cars24,21-09-2026,Jaipur
https://www.cars24.com/buy-used-nissan-magnite-2023-cars-new-delhi-13477179195/,2023 Nissan MAGNITE XV MT,Nissan,MAGNITE,2023,SUV,Petrol,Manual,492289,INR,21930,Cars24,21-09-2026,New Delhi
https://www.cars24.com/buy-used-nissan-magnite-2024-cars-chandigarh-11634190163/,2024 Nissan MAGNITE XL,Nissan,MAGNITE,2024,SUV,Petrol,Manual,467760,INR,49798,Cars24,21-09-2026,Chandigarh
https://www.cars24.com/buy-used-nissan-magnite-2024-cars-chandigarh-19105192183/,2024 Nissan MAGNITE  XE AMT EZ Shift,Nissan,MAGNITE,2024,SUV,Petrol,Automatic,477234,INR,55126,Cars24,21-09-2026,Chandigarh
https://www.cars24.com/buy-used-nissan-magnite-2024-cars-chennai-11352771114/,2024 Nissan MAGNITE XL,Nissan,MAGNITE,2024,SUV,Petrol,Manual,650840,INR,11316,Cars24,21-09-2026,Chennai
https://www.cars24.com/buy-used-nissan-magnite-2024-cars-hyderabad-10402879112/,2024 Nissan MAGNITE XV PREMIUM,Nissan,MAGNITE,2024,SUV,Petrol,Manual,648314,INR,23085,Cars24,21-09-2026,Hyderabad
https://www.cars24.com/buy-used-nissan-magnite-2024-cars-hyderabad-10422778172/,2024 Nissan MAGNITE XV AMT EZ Shift DT,Nissan,MAGNITE,2024,SUV,Petrol,Automatic,581660,INR,52331,Cars24,21-09-2026,Hyderabad
https://www.cars24.com/buy-used-nissan-magnite-2024-cars-kolkata-11968890103/,2024 Nissan MAGNITE Tekna Plus HRAO 1.0 Turbo Petrol MT,Nissan,MAGNITE,2024,SUV,Petrol,Manual,695140,INR,24447,Cars24,21-09-2026,Kolkata
https://www.cars24.com/buy-used-nissan-magnite-2024-cars-vadodara-13681472184/,2024 Nissan MAGNITE XV MT,Nissan,MAGNITE,2024,SUV,Petrol,Manual,596914,INR,45393,Cars24,21-09-2026,Vadodara
https://www.cars24.com/buy-used-nissan-magnite-2025-cars-ahmedabad-11430576157/,2025 Nissan MAGNITE Tekna HRAO 1.0 Turbo Petrol CVT,Nissan,MAGNITE,2025,SUV,Petrol,Automatic,863205,INR,13041,Cars24,21-09-2026,Ahmedabad
https://www.cars24.com/buy-used-nissan-magnite-2025-cars-chennai-17174373155/,2025 Nissan MAGNITE N-Connecta B4D 1.0 Petrol AMT,Nissan,MAGNITE,2025,SUV,Petrol,Automatic,735140,INR,19212,Cars24,21-09-2026,Chennai
https://www.cars24.com/buy-used-nissan-magnite-2025-cars-indore-12873892104/,2025 Nissan MAGNITE N-Connecta B4D 1.0 Petrol AMT,Nissan,MAGNITE,2025,SUV,Petrol,Automatic,623960,INR,10802,Cars24,21-09-2026,Indore
https://www.cars24.com/buy-used-nissan-magnite-2025-cars-indore-15331778115/,2025 Nissan MAGNITE Acenta B4D 1.0 Petrol MT,Nissan,MAGNITE,2025,SUV,Petrol,Manual,628960,INR,9498,Cars24,21-09-2026,Indore
https://www.cars24.com/buy-used-nissan-micra-2013-cars-surat-13544193136/,2013 Nissan Micra XV PETROL,Nissan,Micra,2013,Hatchback,Petrol,Manual,168436,INR,50468,Cars24,21-09-2026,Surat
https://www.cars24.com/buy-used-nissan-micra-2016-cars-kochi-17885898160/,2016 Nissan Micra XL CVT,Nissan,Micra,2016,Hatchback,Petrol,Automatic,346691,INR,74892,Cars24,21-09-2026,Kochi
https://www.cars24.com/buy-used-nissan-micra-2017-cars-kochi-13044076150/,2017 Nissan Micra XV CVT,Nissan,Micra,2017,Hatchback,Petrol,Automatic,465376,INR,43114,Cars24,21-09-2026,Kochi
https://www.cars24.com/buy-used-nissan-micra-active-2014-cars-pune-10627074177/,2014 Nissan Micra Active XV,Nissan,Micra Active,2014,Hatchback,Petrol,Manual,261936,INR,65991,Cars24,21-09-2026,Pune
https://www.cars24.com/buy-used-nissan-micra-active-2018-cars-kochi-13071279192/,2018 Nissan Micra Active XV,Nissan,Micra Active,2018,Hatchback,Petrol,Manual,335140,INR,35937,Cars24,21-09-2026,Kochi
https://www.cars24.com/buy-used-nissan-micra-active-2018-cars-kolkata-11919501726/,2018 Nissan Micra Active XV,Nissan,Micra Active,2018,Hatchback,Petrol,Manual,181936,INR,63456,Cars24,21-09-2026,Kolkata
https://www.cars24.com/buy-used-nissan-sunny-2017-cars-pune-10607077121/,2017 Nissan Sunny XV CVT,Nissan,Sunny,2017,Sedan,Petrol,Automatic,396408,INR,15110,Cars24,21-09-2026,Pune
https://www.cars24.com/buy-used-nissan-terrano-2013-cars-bangalore-44694060707/,2013 Nissan Terrano XL D PLUS,Nissan,Terrano,2013,SUV,Diesel,Manual,308140,INR,137777,Cars24,21-09-2026,Bangalore
https://www.cars24.com/buy-used-nissan-terrano-2018-cars-lucknow-13224798175/,2018 Nissan Terrano  XL D Plus,Nissan,Terrano,2018,SUV,Diesel,Manual,345140,INR,100315,Cars24,21-09-2026,Lucknow
https://www.cars24.com/buy-used-renault-captur-2019-cars-bangalore-14072290139/,2019 Renault Captur PLATINE PETROL DUAL TONE,Renault,Captur,2019,SUV,Petrol,Manual,482760,INR,103104,Cars24,21-09-2026,Bangalore
https://www.cars24.com/buy-used-renault-captur-2019-cars-kochi-16172778176/,2019 Renault Captur RXT DIESEL DUAL TONE,Renault,Captur,2019,SUV,Diesel,Manual,502940,INR,111953,Cars24,21-09-2026,Kochi
https://www.cars24.com/buy-used-renault-duster-2014-cars-bhopal-14686295128/,2014 Renault Duster 110 PS RXL DIESEL,Renault,Duster,2014,SUV,Diesel,Manual,205000,INR,78350,Cars24,21-09-2026,Bhopal
https://www.cars24.com/buy-used-renault-duster-2014-cars-nagpur-12320677133/,2014 Renault Duster RXL PETROL,Renault,Duster,2014,SUV,Petrol,Manual,230000,INR,101476,Cars24,21-09-2026,Nagpur
https://www.cars24.com/buy-used-renault-duster-2015-cars-pune-12309292167/,2015 Renault Duster 85 PS RXL DIESEL,Renault,Duster,2015,SUV,Diesel,Manual,334936,INR,115130,Cars24,21-09-2026,Pune
https://www.cars24.com/buy-used-renault-duster-2018-cars-kochi-14976278156/,2018 Renault Duster 85 PS RXS MT DIESEL,Renault,Duster,2018,SUV,Diesel,Manual,563180,INR,99301,Cars24,21-09-2026,Kochi
https://www.cars24.com/buy-used-renault-duster-2020-cars-bangalore-10817696177/,2020 Renault Duster RXE 1.3 TURBO PETROL MT,Renault,Duster,2020,SUV,Petrol,Manual,596456,INR,56880,Cars24,21-09-2026,Bangalore
https://www.cars24.com/buy-used-renault-duster-2021-cars-kochi-38992278190/,2021 Renault Duster RXZ 1.5 PETROL MT,Renault,Duster,2021,SUV,Petrol,Manual,622840,INR,26909,Cars24,21-09-2026,Kochi
https://www.cars24.com/buy-used-renault-kiger-2021-cars-coimbatore-10077271174/,2021 Renault Kiger RXZ TURBO MT,Renault,Kiger,2021,Hatchback,Petrol,Manual,583609,INR,61731,Cars24,21-09-2026,Coimbatore
https://www.cars24.com/buy-used-renault-kiger-2021-cars-coimbatore-16435893186/,2021 Renault Kiger RXZ TURBO MT,Renault,Kiger,2021,Hatchback,Petrol,Manual,569280,INR,73762,Cars24,21-09-2026,Coimbatore
https://www.cars24.com/buy-used-renault-kiger-2022-cars-bangalore-23698277178/,2022 Renault Kiger RXZ MT,Renault,Kiger,2022,Hatchback,Petrol,Manual,537300,INR,68671,Cars24,21-09-2026,Bangalore
https://www.cars24.com/buy-used-renault-kiger-2022-cars-patna-27992362774/,2022 Renault Kiger RXT (O) MT,Renault,Kiger,2022,Hatchback,Petrol,Manual,462054,INR,59547,Cars24,21-09-2026,Patna
https://www.cars24.com/buy-used-renault-kiger-2023-cars-agra-15500992154/,2023 Renault Kiger RXZ MT,Renault,Kiger,2023,Hatchback,Petrol,Manual,511120,INR,66339,Cars24,21-09-2026,Agra
https://www.cars24.com/buy-used-renault-kwid-2015-cars-chennai-11379779130/,2015 Renault Kwid RXT 0.8,Renault,Kwid,2015,Hatchback,Petrol,Manual,238140,INR,116271,Cars24,21-09-2026,Chennai
https://www.cars24.com/buy-used-renault-kwid-2015-cars-kochi-13020566705/,2015 Renault Kwid RXE,Renault,Kwid,2015,Hatchback,Petrol,Manual,132140,INR,23622,Cars24,21-09-2026,Kochi
https://www.cars24.com/buy-used-renault-kwid-2015-cars-kochi-39002695130/,2015 Renault Kwid RXT 0.8,Renault,Kwid,2015,Hatchback,Petrol,Manual,156140,INR,94403,Cars24,21-09-2026,Kochi
https://www.cars24.com/buy-used-renault-kwid-2015-cars-lucknow-13206707711/,2015 Renault Kwid RXE,Renault,Kwid,2015,Hatchback,Petrol,Manual,157140,INR,33805,Cars24,21-09-2026,Lucknow
https://www.cars24.com/buy-used-renault-kwid-2015-cars-lucknow-15521399107/,2015 Renault Kwid RXT 0.8,Renault,Kwid,2015,Hatchback,Petrol,Manual,187140,INR,46396,Cars24,21-09-2026,Lucknow
https://www.cars24.com/buy-used-renault-kwid-2015-cars-vadodara-13650478195/,2015 Renault Kwid RXT 0.8,Renault,Kwid,2015,Hatchback,Petrol,Manual,173114,INR,69499,Cars24,21-09-2026,Vadodara
https://www.cars24.com/buy-used-renault-kwid-2016-cars-chandigarh-10922495146/,2016 Renault Kwid RXT 1.0 AMT,Renault,Kwid,2016,Hatchback,Petrol,Automatic,219140,INR,69325,Cars24,21-09-2026,Chandigarh
https://www.cars24.com/buy-used-renault-kwid-2016-cars-chennai-11301177115/,2016 Renault Kwid RXT 0.8,Renault,Kwid,2016,Hatchback,Petrol,Manual,279123,INR,75840,Cars24,21-09-2026,Chennai
https://www.cars24.com/buy-used-renault-kwid-2016-cars-chennai-11366972117/,2016 Renault Kwid RXT 0.8,Renault,Kwid,2016,Hatchback,Petrol,Manual,214140,INR,126938,Cars24,21-09-2026,Chennai
https://www.cars24.com/buy-used-renault-kwid-2016-cars-faridabad-10797264706/,2016 Renault Kwid 1.0 MARVEL IRON MAN EDITION,Renault,Kwid,2016,Hatchback,Petrol,Manual,155140,INR,92517,Cars24,21-09-2026,Faridabad
https://www.cars24.com/buy-used-renault-kwid-2016-cars-hyderabad-10416695181/,2016 Renault Kwid RXT 0.8,Renault,Kwid,2016,Hatchback,Petrol,Manual,185140,INR,53126,Cars24,21-09-2026,Hyderabad
https://www.cars24.com/buy-used-renault-kwid-2016-cars-karnal-10093397125/,2016 Renault Kwid RXL,Renault,Kwid,2016,Hatchback,Petrol,Manual,193534,INR,42347,Cars24,21-09-2026,Karnal
https://www.cars24.com/buy-used-renault-kwid-2016-cars-kochi-17822193188/,2016 Renault Kwid RXT 1.0 AMT,Renault,Kwid,2016,Hatchback,Petrol,Automatic,190140,INR,102147,Cars24,21-09-2026,Kochi
https://www.cars24.com/buy-used-renault-kwid-2016-cars-kolkata-12217477157/,2016 Renault Kwid RXT 0.8,Renault,Kwid,2016,Hatchback,Petrol,Manual,241140,INR,37692,Cars24,21-09-2026,Kolkata
https://www.cars24.com/buy-used-renault-kwid-2016-cars-lucknow-13981677195/,2016 Renault Kwid RXT 0.8,Renault,Kwid,2016,Hatchback,Petrol,Manual,168140,INR,61023,Cars24,21-09-2026,Lucknow
https://www.cars24.com/buy-used-renault-kwid-2016-cars-lucknow-16069499181/,2016 Renault Kwid RXT 0.8,Renault,Kwid,2016,Hatchback,Petrol,Manual,160614,INR,76510,Cars24,21-09-2026,Lucknow
https://www.cars24.com/buy-used-renault-kwid-2016-cars-mumbai-10329673112/,2016 Renault Kwid RXT 0.8,Renault,Kwid,2016,Hatchback,Petrol,Manual,193009,INR,43785,Cars24,21-09-2026,Mumbai
https://www.cars24.com/buy-used-renault-kwid-2016-cars-mumbai-10341672188/,2016 Renault Kwid RXT 0.8,Renault,Kwid,2016,Hatchback,Petrol,Manual,186140,INR,33911,Cars24,21-09-2026,Mumbai
https://www.cars24.com/buy-used-renault-kwid-2016-cars-patna-14463171155/,2016 Renault Kwid RXT 0.8,Renault,Kwid,2016,Hatchback,Petrol,Manual,231614,INR,52145,Cars24,21-09-2026,Patna
https://www.cars24.com/buy-used-renault-kwid-2016-cars-pune-10628375126/,2016 Renault Kwid RXT 0.8,Renault,Kwid,2016,Hatchback,Petrol,Manual,242861,INR,65764,Cars24,21-09-2026,Pune
https://www.cars24.com/buy-used-renault-kwid-2016-cars-rajkot-15060074119/,2016 Renault Kwid RXT 0.8,Renault,Kwid,2016,Hatchback,Petrol,Manual,161974,INR,46054,Cars24,21-09-2026,Rajkot
https://www.cars24.com/buy-used-renault-kwid-2016-cars-surat-13529565761/,2016 Renault Kwid RXT 0.8,Renault,Kwid,2016,Hatchback,Petrol,Manual,164114,INR,73515,Cars24,21-09-2026,Surat
https://www.cars24.com/buy-used-renault-kwid-2016-cars-surat-13576097183/,2016 Renault Kwid RXT 0.8,Renault,Kwid,2016,Hatchback,Petrol,Manual,184640,INR,51036,Cars24,21-09-2026,Surat
https://www.cars24.com/buy-used-renault-kwid-2016-cars-vadodara-11491995109/,2016 Renault Kwid RXL,Renault,Kwid,2016,Hatchback,Petrol,Manual,151114,INR,77533,Cars24,21-09-2026,Vadodara
https://www.cars24.com/buy-used-renault-kwid-2016-cars-vadodara-13568198142/,2016 Renault Kwid RXT 0.8,Renault,Kwid,2016,Hatchback,Petrol,Manual,163640,INR,80568,Cars24,21-09-2026,Vadodara
https://www.cars24.com/buy-used-renault-kwid-2016-cars-vadodara-13617496180/,2016 Renault Kwid RXT 0.8,Renault,Kwid,2016,Hatchback,Petrol,Manual,183114,INR,52743,Cars24,21-09-2026,Vadodara
https://www.cars24.com/buy-used-renault-kwid-2016-cars-vadodara-13674863707/,2016 Renault Kwid RXT 0.8,Renault,Kwid,2016,Hatchback,Petrol,Manual,162729,INR,56535,Cars24,21-09-2026,Vadodara
https://www.cars24.com/buy-used-renault-kwid-2017-cars-bhopal-12837576176/,2017 Renault Kwid RXT 1.0 AMT,Renault,Kwid,2017,Hatchback,Petrol,Automatic,250140,INR,54185,Cars24,21-09-2026,Bhopal
https://www.cars24.com/buy-used-renault-kwid-2017-cars-bhopal-14619076144/,2017 Renault Kwid RXT 0.8,Renault,Kwid,2017,Hatchback,Petrol,Manual,196000,INR,82011,Cars24,21-09-2026,Bhopal
https://www.cars24.com/buy-used-renault-kwid-2017-cars-bhopal-14657370122/,2017 Renault Kwid CLIMBER 1.0 AMT,Renault,Kwid,2017,Hatchback,Petrol,Automatic,234000,INR,82119,Cars24,21-09-2026,Bhopal
https://www.cars24.com/buy-used-renault-kwid-2017-cars-chandigarh-14876473152/,2017 Renault Kwid RXT 1.0,Renault,Kwid,2017,Hatchback,Petrol,Manual,242614,INR,70099,Cars24,21-09-2026,Chandigarh
https://www.cars24.com/buy-used-renault-kwid-2017-cars-chennai-11318991140/,2017 Renault Kwid RXL,Renault,Kwid,2017,Hatchback,Petrol,Manual,217140,INR,77702,Cars24,21-09-2026,Chennai
https://www.cars24.com/buy-used-renault-kwid-2017-cars-gurgaon-29620391108/,2017 Renault Kwid RXT 0.8,Renault,Kwid,2017,Hatchback,Petrol,Manual,142140,INR,90471,Cars24,21-09-2026,Gurgaon
https://www.cars24.com/buy-used-renault-kwid-2017-cars-hyderabad-10446678156/,2017 Renault Kwid RXT 1.0,Renault,Kwid,2017,Hatchback,Petrol,Manual,273614,INR,30086,Cars24,21-09-2026,Hyderabad
https://www.cars24.com/buy-used-renault-kwid-2017-cars-hyderabad-10473477137/,2017 Renault Kwid CLIMBER 1.0,Renault,Kwid,2017,Hatchback,Petrol,Manual,270614,INR,71447,Cars24,21-09-2026,Hyderabad
https://www.cars24.com/buy-used-renault-kwid-2017-cars-indore-12882364708/,2017 Renault Kwid RXT 1.0,Renault,Kwid,2017,Hatchback,Petrol,Manual,300992,INR,80907,Cars24,21-09-2026,Indore
https://www.cars24.com/buy-used-renault-kwid-2017-cars-indore-12884675118/,2017 Renault Kwid RXT 0.8,Renault,Kwid,2017,Hatchback,Petrol,Manual,210140,INR,74912,Cars24,21-09-2026,Indore
https://www.cars24.com/buy-used-renault-kwid-2017-cars-indore-12890178190/,2017 Renault Kwid RXT 1.0 AMT,Renault,Kwid,2017,Hatchback,Petrol,Automatic,240140,INR,30365,Cars24,21-09-2026,Indore
https://www.cars24.com/buy-used-renault-kwid-2017-cars-kochi-13057177181/,2017 Renault Kwid RXT 1.0,Renault,Kwid,2017,Hatchback,Petrol,Manual,212000,INR,81612,Cars24,21-09-2026,Kochi
https://www.cars24.com/buy-used-renault-kwid-2017-cars-kolkata-21121790163/,2017 Renault Kwid RXT 0.8,Renault,Kwid,2017,Hatchback,Petrol,Manual,235140,INR,14286,Cars24,21-09-2026,Kolkata
https://www.cars24.com/buy-used-renault-kwid-2017-cars-lucknow-13245274176/,2017 Renault Kwid RXT 0.8,Renault,Kwid,2017,Hatchback,Petrol,Manual,210614,INR,60927,Cars24,21-09-2026,Lucknow
https://www.cars24.com/buy-used-renault-kwid-2017-cars-lucknow-13250674198/,2017 Renault Kwid RXT 1.0,Renault,Kwid,2017,Hatchback,Petrol,Manual,182614,INR,96596,Cars24,21-09-2026,Lucknow
https://www.cars24.com/buy-used-renault-kwid-2017-cars-mumbai-10354679137/,2017 Renault Kwid RXT 1.0 AMT,Renault,Kwid,2017,Hatchback,Petrol,Automatic,237000,INR,56918,Cars24,21-09-2026,Mumbai
https://www.cars24.com/buy-used-renault-kwid-2017-cars-mumbai-10372960749/,2017 Renault Kwid RXT 0.8,Renault,Kwid,2017,Hatchback,CNG,Manual,222674,INR,51889,Cars24,21-09-2026,Mumbai
https://www.cars24.com/buy-used-renault-kwid-2017-cars-new-delhi-10094479199/,2017 Renault Kwid RXT 1.0 (O),Renault,Kwid,2017,Hatchback,Petrol,Manual,188140,INR,47853,Cars24,21-09-2026,New Delhi
https://www.cars24.com/buy-used-renault-kwid-2017-cars-vadodara-13619670199/,2017 Renault Kwid RXT 1.0 AMT,Renault,Kwid,2017,Hatchback,Petrol,Automatic,195640,INR,95755,Cars24,21-09-2026,Vadodara
https://www.cars24.com/buy-used-renault-kwid-2017-cars-vadodara-28410463736/,2017 Renault Kwid RXL,Renault,Kwid,2017,Hatchback,Petrol,Manual,155640,INR,102238,Cars24,21-09-2026,Vadodara
https://www.cars24.com/buy-used-renault-kwid-2018-cars-chennai-11394868745/,2018 Renault Kwid RXL,Renault,Kwid,2018,Hatchback,Petrol,Manual,232140,INR,78914,Cars24,21-09-2026,Chennai
https://www.cars24.com/buy-used-renault-kwid-2018-cars-coimbatore-13705594125/,2018 Renault Kwid RXL,Renault,Kwid,2018,Hatchback,Petrol,Manual,282140,INR,78638,Cars24,21-09-2026,Coimbatore
https://www.cars24.com/buy-used-renault-kwid-2018-cars-faridabad-13390565784/,2018 Renault Kwid RXL,Renault,Kwid,2018,Hatchback,Petrol,Manual,196140,INR,62563,Cars24,21-09-2026,Faridabad
https://www.cars24.com/buy-used-renault-kwid-2018-cars-gurgaon-10765994144/,2018 Renault Kwid RXT 0.8 (O),Renault,Kwid,2018,Hatchback,Petrol,Manual,171140,INR,108026,Cars24,21-09-2026,Gurgaon
https://www.cars24.com/buy-used-renault-kwid-2018-cars-gurgaon-13362096149/,2018 Renault Kwid RXT 1.0 (O),Renault,Kwid,2018,Hatchback,Petrol,Manual,205140,INR,49300,Cars24,21-09-2026,Gurgaon
https://www.cars24.com/buy-used-renault-kwid-2018-cars-kolkata-11957897137/,2018 Renault Kwid RXT 0.8,Renault,Kwid,2018,Hatchback,Petrol,Manual,205140,INR,72068,Cars24,21-09-2026,Kolkata
https://www.cars24.com/buy-used-renault-kwid-2018-cars-lucknow-18573298175/,2018 Renault Kwid RXT 0.8,Renault,Kwid,2018,Hatchback,Petrol,Manual,211140,INR,60466,Cars24,21-09-2026,Lucknow
https://www.cars24.com/buy-used-renault-kwid-2018-cars-mumbai-10306495164/,2018 Renault Kwid RXT 1.0,Renault,Kwid,2018,Hatchback,Petrol,Manual,220614,INR,23896,Cars24,21-09-2026,Mumbai
https://www.cars24.com/buy-used-renault-kwid-2018-cars-surat-13572971135/,2018 Renault Kwid RXT 1.0 (O),Renault,Kwid,2018,Hatchback,Petrol,Manual,251874,INR,24428,Cars24,21-09-2026,Surat
https://www.cars24.com/buy-used-renault-kwid-2018-cars-surat-21212179119/,2018 Renault Kwid RXL,Renault,Kwid,2018,Hatchback,Petrol,Manual,166874,INR,76239,Cars24,21-09-2026,Surat
https://www.cars24.com/buy-used-renault-kwid-2019-cars-ahmedabad-11468978155/,2019 Renault Kwid RXL,Renault,Kwid,2019,Hatchback,Petrol,Manual,195096,INR,72720,Cars24,21-09-2026,Ahmedabad
https://www.cars24.com/buy-used-renault-kwid-2019-cars-ahmedabad-11482373112/,2019 Renault Kwid RXT 1.0 (O),Renault,Kwid,2019,Hatchback,Petrol,Manual,212648,INR,53177,Cars24,21-09-2026,Ahmedabad
https://www.cars24.com/buy-used-renault-kwid-2019-cars-bangalore-11124674158/,2019 Renault Kwid RXL,Renault,Kwid,2019,Hatchback,Petrol,Manual,297140,INR,43348,Cars24,21-09-2026,Bangalore
https://www.cars24.com/buy-used-renault-kwid-2019-cars-bangalore-11172573115/,2019 Renault Kwid RXT 0.8 (O),Renault,Kwid,2019,Hatchback,Petrol,Manual,310000,INR,65629,Cars24,21-09-2026,Bangalore
https://www.cars24.com/buy-used-renault-kwid-2019-cars-chandigarh-11699172194/,2019 Renault Kwid CLIMBER 1.0,Renault,Kwid,2019,Hatchback,Petrol,Manual,297614,INR,61384,Cars24,21-09-2026,Chandigarh
https://www.cars24.com/buy-used-renault-kwid-2019-cars-chennai-11351271129/,2019 Renault Kwid RXT 1.0 AMT,Renault,Kwid,2019,Hatchback,Petrol,Automatic,342000,INR,56120,Cars24,21-09-2026,Chennai
https://www.cars24.com/buy-used-renault-kwid-2019-cars-gurgaon-29688973196/,2019 Renault Kwid RXL,Renault,Kwid,2019,Hatchback,Petrol,Manual,228852,INR,67263,Cars24,21-09-2026,Gurgaon
https://www.cars24.com/buy-used-renault-kwid-2019-cars-hyderabad-10483571126/,2019 Renault Kwid RXT 1.0 (O),Renault,Kwid,2019,Hatchback,Petrol,Manual,341425,INR,35758,Cars24,21-09-2026,Hyderabad
https://www.cars24.com/buy-used-renault-kwid-2019-cars-kolkata-12679594174/,2019 Renault Kwid RXL,Renault,Kwid,2019,Hatchback,Petrol,Manual,243614,INR,41901,Cars24,21-09-2026,Kolkata
https://www.cars24.com/buy-used-renault-kwid-2019-cars-lucknow-13216577186/,2019 Renault Kwid RXT 1.0 (O),Renault,Kwid,2019,Hatchback,Petrol,Manual,283140,INR,39640,Cars24,21-09-2026,Lucknow
https://www.cars24.com/buy-used-renault-kwid-2019-cars-noida-10044661716/,2019 Renault Kwid RXL 1.0,Renault,Kwid,2019,Hatchback,Petrol,Manual,211140,INR,62667,Cars24,21-09-2026,Noida
https://www.cars24.com/buy-used-renault-kwid-2019-cars-patna-27928172119/,2019 Renault Kwid CLIMBER 1.0,Renault,Kwid,2019,Hatchback,Petrol,Manual,281614,INR,43085,Cars24,21-09-2026,Patna
https://www.cars24.com/buy-used-renault-kwid-2020-cars-bangalore-10042777191/,2020 Renault Kwid RXT 1.0 (O),Renault,Kwid,2020,Hatchback,Petrol,Manual,326880,INR,39160,Cars24,21-09-2026,Bangalore
https://www.cars24.com/buy-used-renault-kwid-2020-cars-hyderabad-10407278125/,2020 Renault Kwid NEOTECH RXL 1.0 MT,Renault,Kwid,2020,Hatchback,Petrol,Manual,334140,INR,18754,Cars24,21-09-2026,Hyderabad
https://www.cars24.com/buy-used-renault-kwid-2020-cars-hyderabad-10457877130/,2020 Renault Kwid CLIMBER 1.0 (O),Renault,Kwid,2020,Hatchback,Petrol,Manual,369940,INR,33425,Cars24,21-09-2026,Hyderabad
https://www.cars24.com/buy-used-renault-kwid-2020-cars-lucknow-13218696188/,2020 Renault Kwid RXL,Renault,Kwid,2020,Hatchback,Petrol,Manual,236140,INR,58479,Cars24,21-09-2026,Lucknow
https://www.cars24.com/buy-used-renault-kwid-2020-cars-mumbai-10372074189/,2020 Renault Kwid CLIMBER 1.0 (O),Renault,Kwid,2020,Hatchback,Petrol,Manual,256140,INR,46694,Cars24,21-09-2026,Mumbai
https://www.cars24.com/buy-used-renault-kwid-2020-cars-new-delhi-14609661730/,2020 Renault Kwid RXL,Renault,Kwid,2020,Hatchback,Petrol,Manual,238140,INR,69238,Cars24,21-09-2026,New Delhi
https://www.cars24.com/buy-used-renault-kwid-2021-cars-bangalore-23600073119/,2021 Renault Kwid RXT 1.0 (O),Renault,Kwid,2021,Hatchback,Petrol,Manual,322140,INR,46152,Cars24,21-09-2026,Bangalore
https://www.cars24.com/buy-used-renault-kwid-2021-cars-chandigarh-11625575188/,2021 Renault Kwid RXT 1.0 AMT (O),Renault,Kwid,2021,Hatchback,Petrol,Automatic,311140,INR,63878,Cars24,21-09-2026,Chandigarh
https://www.cars24.com/buy-used-renault-kwid-2021-cars-chennai-43985574118/,2021 Renault Kwid RXT 1.0 (O),Renault,Kwid,2021,Hatchback,Petrol,Manual,379320,INR,34956,Cars24,21-09-2026,Chennai
https://www.cars24.com/buy-used-renault-kwid-2021-cars-hyderabad-10487272181/,2021 Renault Kwid RXT 1.0 (O),Renault,Kwid,2021,Hatchback,Petrol,Manual,364320,INR,28068,Cars24,21-09-2026,Hyderabad
https://www.cars24.com/buy-used-renault-kwid-2021-cars-indore-10063905789/,2021 Renault Kwid NEOTECH RXL 0.8,Renault,Kwid,2021,Hatchback,Petrol,Manual,232650,INR,62458,Cars24,21-09-2026,Indore
https://www.cars24.com/buy-used-renault-kwid-2021-cars-kochi-17894778155/,2021 Renault Kwid RXT 1.0 (O),Renault,Kwid,2021,Hatchback,Petrol,Manual,366320,INR,37876,Cars24,21-09-2026,Kochi
https://www.cars24.com/buy-used-renault-kwid-2021-cars-kolkata-11901899181/,2021 Renault Kwid CLIMBER 1.0 (O),Renault,Kwid,2021,Hatchback,Petrol,Manual,293594,INR,54166,Cars24,21-09-2026,Kolkata
https://www.cars24.com/buy-used-renault-kwid-2021-cars-kolkata-11972397123/,2021 Renault Kwid CLIMBER 1.0 (O),Renault,Kwid,2021,Hatchback,Petrol,Manual,285614,INR,62530,Cars24,21-09-2026,Kolkata
https://www.cars24.com/buy-used-renault-kwid-2021-cars-lucknow-13256974184/,2021 Renault Kwid CLIMBER 1.0 AMT (O) DUAL TONE,Renault,Kwid,2021,Hatchback,Petrol,Automatic,398500,INR,45708,Cars24,21-09-2026,Lucknow
https://www.cars24.com/buy-used-renault-kwid-2021-cars-pune-10630477131/,2021 Renault Kwid CLIMBER 1.0 (O),Renault,Kwid,2021,Hatchback,Petrol,Manual,353614,INR,25738,Cars24,21-09-2026,Pune
https://www.cars24.com/buy-used-renault-kwid-2022-cars-agra-15912276172/,2022 Renault Kwid RXT 1.0,Renault,Kwid,2022,Hatchback,Petrol,Manual,327614,INR,21309,Cars24,21-09-2026,Agra
https://www.cars24.com/buy-used-renault-kwid-2022-cars-bangalore-13129972182/,2022 Renault Kwid RXT 0.8,Renault,Kwid,2022,Hatchback,Petrol,Manual,382320,INR,74458,Cars24,21-09-2026,Bangalore
https://www.cars24.com/buy-used-renault-kwid-2022-cars-chandigarh-11259990121/,2022 Renault Kwid CLIMBER AMT 1.0,Renault,Kwid,2022,Hatchback,Petrol,Automatic,363614,INR,22760,Cars24,21-09-2026,Chandigarh
https://www.cars24.com/buy-used-renault-kwid-2022-cars-hyderabad-10089865754/,2022 Renault Kwid RXT 1.0 (O),Renault,Kwid,2022,Hatchback,Petrol,Manual,255140,INR,97706,Cars24,21-09-2026,Hyderabad
https://www.cars24.com/buy-used-renault-kwid-2022-cars-kolkata-11956898151/,2022 Renault Kwid CLIMBER AMT 1.0,Renault,Kwid,2022,Hatchback,Petrol,Automatic,322614,INR,39201,Cars24,21-09-2026,Kolkata
https://www.cars24.com/buy-used-renault-kwid-2022-cars-surat-21292094123/,2022 Renault Kwid RXT 1.0 (O),Renault,Kwid,2022,Hatchback,Petrol,Manual,301113,INR,17612,Cars24,21-09-2026,Surat
https://www.cars24.com/buy-used-renault-kwid-2023-cars-bangalore-10220073184/,2023 Renault Kwid CLIMBER AMT 1.0,Renault,Kwid,2023,Hatchback,Petrol,Automatic,509179,INR,9743,Cars24,21-09-2026,Bangalore
https://www.cars24.com/buy-used-renault-kwid-2023-cars-bangalore-10268572189/,2023 Renault Kwid CLIMBER 1.0 AMT (O) DUAL TONE,Renault,Kwid,2023,Hatchback,Petrol,Automatic,463732,INR,15528,Cars24,21-09-2026,Bangalore
https://www.cars24.com/buy-used-renault-kwid-2023-cars-bhopal-12889577183/,2023 Renault Kwid RXL 1.0 (O),Renault,Kwid,2023,Hatchback,Petrol,Manual,366320,INR,40731,Cars24,21-09-2026,Bhopal
https://www.cars24.com/buy-used-renault-kwid-2023-cars-surat-13536594131/,2023 Renault Kwid CLIMBER AMT 1.0,Renault,Kwid,2023,Hatchback,Petrol,Automatic,397228,INR,15568,Cars24,21-09-2026,Surat
https://www.cars24.com/buy-used-renault-kwid-2024-cars-bangalore-10236273131/,2024 Renault Kwid RXL(O) 1.0L AMT,Renault,Kwid,2024,Hatchback,Petrol,Automatic,486600,INR,1383,Cars24,21-09-2026,Bangalore
https://www.cars24.com/buy-used-renault-kwid-2024-cars-chennai-43958476171/,2024 Renault Kwid CLIMBER MT 1.0,Renault,Kwid,2024,Hatchback,Petrol,Manual,457420,INR,19171,Cars24,21-09-2026,Chennai
https://www.cars24.com/buy-used-renault-kwid-2024-cars-coimbatore-10058793109/,2024 Renault Kwid RXT 1.0,Renault,Kwid,2024,Hatchback,Petrol,Manual,421680,INR,48974,Cars24,21-09-2026,Coimbatore
https://www.cars24.com/buy-used-renault-kwid-2025-cars-bangalore-13131972178/,2025 Renault Kwid CLIMBER 1.0 AMT Dual Tone ,Renault,Kwid,2025,Hatchback,Petrol,Automatic,518600,INR,6290,Cars24,21-09-2026,Bangalore
https://www.cars24.com/buy-used-renault-kwid-2025-cars-bangalore-13189872131/,2025 Renault Kwid RXL 1.0 (O),Renault,Kwid,2025,Hatchback,Petrol,Manual,468575,INR,3602,Cars24,21-09-2026,Bangalore
https://www.cars24.com/buy-used-renault-kwid-2025-cars-kolkata-10058793103/,2025 Renault Kwid RXL(O) 1.0L,Renault,Kwid,2025,Hatchback,Petrol,Manual,394240,INR,6868,Cars24,21-09-2026,Kolkata
https://www.cars24.com/buy-used-renault-lodgy-2015-cars-chennai-11308776159/,2015 Renault Lodgy 85 PS RXE 8 STR,Renault,Lodgy,2015,SUV,Diesel,Manual,492940,INR,64579,Cars24,21-09-2026,Chennai
https://www.cars24.com/buy-used-renault-lodgy-2016-cars-kochi-16155697197/,2016 Renault Lodgy 110 PS RXZ STEPWAY 7 STR,Renault,Lodgy,2016,SUV,Diesel,Manual,403500,INR,79647,Cars24,21-09-2026,Kochi
https://www.cars24.com/buy-used-renault-pulse-2016-cars-vadodara-13639597139/,2016 Renault Pulse RXL PETROL,Renault,Pulse,2016,Hatchback,Petrol,Manual,179436,INR,99700,Cars24,21-09-2026,Vadodara
https://www.cars24.com/buy-used-renault-triber-2020-cars-chandigarh-11636695117/,2020 Renault TRIBER RXT,Renault,TRIBER,2020,SUV,Petrol,Manual,400500,INR,48565,Cars24,21-09-2026,Chandigarh
https://www.cars24.com/buy-used-renault-triber-2020-cars-ghaziabad-13872966737/,2020 Renault TRIBER RXZ,Renault,TRIBER,2020,SUV,Petrol,Manual,319183,INR,42304,Cars24,21-09-2026,Ghaziabad
https://www.cars24.com/buy-used-renault-triber-2020-cars-indore-12823875157/,2020 Renault TRIBER RXZ,Renault,TRIBER,2020,SUV,CNG,Manual,416622,INR,48801,Cars24,21-09-2026,Indore
https://www.cars24.com/buy-used-renault-triber-2020-cars-kochi-16723875196/,2020 Renault TRIBER RXZ AMT,Renault,TRIBER,2020,SUV,Petrol,Automatic,453580,INR,32612,Cars24,21-09-2026,Kochi
https://www.cars24.com/buy-used-renault-triber-2020-cars-noida-16025164704/,2020 Renault TRIBER RXZ AMT,Renault,TRIBER,2020,SUV,Petrol,Automatic,366794,INR,52618,Cars24,21-09-2026,Noida
https://www.cars24.com/buy-used-renault-triber-2021-cars-indore-12881598150/,2021 Renault TRIBER RXL MT,Renault,TRIBER,2021,SUV,Petrol,Manual,384320,INR,116711,Cars24,21-09-2026,Indore
https://www.cars24.com/buy-used-renault-triber-2021-cars-kochi-13018672187/,2021 Renault TRIBER RXT,Renault,TRIBER,2021,SUV,Petrol,Manual,478760,INR,40614,Cars24,21-09-2026,Kochi
https://www.cars24.com/buy-used-renault-triber-2021-cars-kolkata-10078861788/,2021 Renault TRIBER RXT,Renault,TRIBER,2021,SUV,Petrol,Manual,402929,INR,45308,Cars24,21-09-2026,Kolkata
https://www.cars24.com/buy-used-renault-triber-2021-cars-noida-13878475114/,2021 Renault TRIBER RXT,Renault,TRIBER,2021,SUV,Petrol,Manual,405500,INR,64696,Cars24,21-09-2026,Noida
https://www.cars24.com/buy-used-renault-triber-2021-cars-surat-10079195136/,2021 Renault TRIBER RXL MT,Renault,TRIBER,2021,SUV,Petrol,Manual,356723,INR,33356,Cars24,21-09-2026,Surat
https://www.cars24.com/buy-used-renault-triber-2021-cars-vadodara-13637179150/,2021 Renault TRIBER RXZ,Renault,TRIBER,2021,SUV,Petrol,Manual,461604,INR,69957,Cars24,21-09-2026,Vadodara
https://www.cars24.com/buy-used-renault-triber-2022-cars-chennai-39836990142/,2022 Renault TRIBER RXT,Renault,TRIBER,2022,SUV,Petrol,Manual,528120,INR,104180,Cars24,21-09-2026,Chennai
https://www.cars24.com/buy-used-renault-triber-2022-cars-gurgaon-16322560748/,2022 Renault TRIBER RXT,Renault,TRIBER,2022,SUV,Petrol,Manual,348291,INR,96018,Cars24,21-09-2026,Gurgaon
https://www.cars24.com/buy-used-renault-triber-2022-cars-kochi-17831675173/,2022 Renault TRIBER RXT,Renault,TRIBER,2022,SUV,Petrol,Manual,438680,INR,40826,Cars24,21-09-2026,Kochi
https://www.cars24.com/buy-used-renault-triber-2022-cars-new-delhi-10013477196/,2022 Renault TRIBER RXT,Renault,TRIBER,2022,SUV,Petrol,Manual,392245,INR,40745,Cars24,21-09-2026,New Delhi
https://www.cars24.com/buy-used-renault-triber-2022-cars-noida-13829074194/,2022 Renault TRIBER RXT,Renault,TRIBER,2022,SUV,Petrol,Manual,381320,INR,53344,Cars24,21-09-2026,Noida
https://www.cars24.com/buy-used-renault-triber-2023-cars-coimbatore-11342893187/,2023 Renault TRIBER RXZ,Renault,TRIBER,2023,SUV,Petrol,Manual,498940,INR,92487,Cars24,21-09-2026,Coimbatore
https://www.cars24.com/buy-used-renault-triber-2023-cars-gurgaon-13841375191/,2023 Renault TRIBER RXE MT,Renault,TRIBER,2023,SUV,Petrol,Manual,367320,INR,39754,Cars24,21-09-2026,Gurgaon
https://www.cars24.com/buy-used-renault-triber-2023-cars-hyderabad-10474970180/,2023 Renault TRIBER RXZ,Renault,TRIBER,2023,SUV,Petrol,Manual,541774,INR,60093,Cars24,21-09-2026,Hyderabad
https://www.cars24.com/buy-used-renault-triber-2023-cars-kochi-22415391120/,2023 Renault TRIBER RXZ AMT,Renault,TRIBER,2023,SUV,Petrol,Automatic,538300,INR,27163,Cars24,21-09-2026,Kochi
https://www.cars24.com/buy-used-renault-triber-2023-cars-lucknow-10002296124/,2023 Renault TRIBER RXL MT,Renault,TRIBER,2023,SUV,Petrol,Manual,403500,INR,43470,Cars24,21-09-2026,Lucknow
https://www.cars24.com/buy-used-renault-triber-2023-cars-nagpur-12341270124/,2023 Renault TRIBER RXZ,Renault,TRIBER,2023,SUV,Petrol,Manual,590000,INR,44095,Cars24,21-09-2026,Nagpur
https://www.cars24.com/buy-used-renault-triber-2024-cars-bangalore-23665474180/,2024 Renault TRIBER RXT,Renault,TRIBER,2024,SUV,Petrol,Manual,625840,INR,88479,Cars24,21-09-2026,Bangalore
https://www.cars24.com/buy-used-renault-triber-2024-cars-gurgaon-11535494163/,2024 Renault TRIBER RXT,Renault,TRIBER,2024,SUV,Petrol,Manual,383739,INR,86474,Cars24,21-09-2026,Gurgaon
https://www.cars24.com/buy-used-renault-triber-2024-cars-patna-10010061729/,2024 Renault TRIBER RXE MT,Renault,TRIBER,2024,SUV,Petrol,Manual,560254,INR,15271,Cars24,21-09-2026,Patna
https://www.cars24.com/buy-used-skoda-kushaq-2021-cars-coimbatore-30969394186/,2021 Skoda KUSHAQ STYLE 1.5L TSI MT,Skoda,KUSHAQ,2021,SUV,Petrol,Manual,852840,INR,126578,Cars24,21-09-2026,Coimbatore
https://www.cars24.com/buy-used-skoda-kushaq-2021-cars-jaipur-10765276190/,2021 Skoda KUSHAQ STYLE 1.5L TSI MT,Skoda,KUSHAQ,2021,SUV,Petrol,Manual,762840,INR,93417,Cars24,21-09-2026,Jaipur
https://www.cars24.com/buy-used-skoda-kushaq-2021-cars-patna-14444671128/,2021 Skoda KUSHAQ STYLE 1.0L TSI AT,Skoda,KUSHAQ,2021,SUV,Petrol,Automatic,919474,INR,68016,Cars24,21-09-2026,Patna
https://www.cars24.com/buy-used-skoda-kushaq-2021-cars-vadodara-13615879135/,2021 Skoda KUSHAQ STYLE 1.0L TSI AT,Skoda,KUSHAQ,2021,SUV,Petrol,Automatic,840121,INR,82167,Cars24,21-09-2026,Vadodara
https://www.cars24.com/buy-used-skoda-kushaq-2022-cars-ahmedabad-11454570186/,2022 Skoda KUSHAQ AMBITION 1.0L TSI AT,Skoda,KUSHAQ,2022,SUV,Petrol,Automatic,857182,INR,60196,Cars24,21-09-2026,Ahmedabad
https://www.cars24.com/buy-used-skoda-kushaq-2022-cars-bhopal-15755470176/,2022 Skoda KUSHAQ AMBITION 1.0L TSI MT,Skoda,KUSHAQ,2022,SUV,Petrol,Manual,681840,INR,106114,Cars24,21-09-2026,Bhopal
https://www.cars24.com/buy-used-skoda-kushaq-2022-cars-indore-12828571188/,2022 Skoda KUSHAQ STYLE 1.0L TSI MT,Skoda,KUSHAQ,2022,SUV,Petrol,Manual,762840,INR,72258,Cars24,21-09-2026,Indore
https://www.cars24.com/buy-used-skoda-kushaq-2022-cars-jaipur-10712874190/,2022 Skoda KUSHAQ AMBITION 1.0L TSI MT,Skoda,KUSHAQ,2022,SUV,Petrol,Manual,881920,INR,58061,Cars24,21-09-2026,Jaipur
https://www.cars24.com/buy-used-skoda-kushaq-2022-cars-pune-10676293102/,2022 Skoda KUSHAQ STYLE 1.0L TSI MT,Skoda,KUSHAQ,2022,SUV,Petrol,Manual,897394,INR,53988,Cars24,21-09-2026,Pune
https://www.cars24.com/buy-used-skoda-kushaq-2023-cars-ahmedabad-11496572150/,2023 Skoda KUSHAQ AMBITION 1.0L TSI MT,Skoda,KUSHAQ,2023,SUV,Petrol,Manual,795689,INR,54703,Cars24,21-09-2026,Ahmedabad
https://www.cars24.com/buy-used-skoda-kushaq-2023-cars-bangalore-16501177188/,2023 Skoda KUSHAQ AMBITION 1.0L TSI MT,Skoda,KUSHAQ,2023,SUV,Petrol,Manual,1014920,INR,27116,Cars24,21-09-2026,Bangalore
https://www.cars24.com/buy-used-skoda-kushaq-2023-cars-pune-10640091129/,2023 Skoda KUSHAQ STYLE 1.0L TSI MT,Skoda,KUSHAQ,2023,SUV,Petrol,Manual,1045394,INR,24887,Cars24,21-09-2026,Pune
https://www.cars24.com/buy-used-skoda-kushaq-2024-cars-noida-10564270121/,2024 Skoda KUSHAQ AMBITION 1.0L TSI MT,Skoda,KUSHAQ,2024,SUV,Petrol,Manual,858180,INR,50405,Cars24,21-09-2026,Noida
https://www.cars24.com/buy-used-skoda-kylaq-2025-cars-bangalore-23521373178/,2025 Skoda Kylaq Signature Plus,Skoda,Kylaq,2025,SUV,Petrol,Manual,1043500,INR,5177,Cars24,21-09-2026,Bangalore
https://www.cars24.com/buy-used-skoda-octavia-2016-cars-noida-10578970152/,2016 Skoda Octavia ELEGANCE 1.8 TSI AT,Skoda,Octavia,2016,Sedan,Petrol,Automatic,632840,INR,97198,Cars24,21-09-2026,Noida
https://www.cars24.com/buy-used-skoda-octavia-2017-cars-indore-31177575114/,2017 Skoda Octavia L&K 1.8 TSI AT,Skoda,Octavia,2017,Sedan,Petrol,Automatic,780840,INR,71103,Cars24,21-09-2026,Indore
https://www.cars24.com/buy-used-skoda-octavia-2017-cars-vadodara-13661560733/,2017 Skoda Octavia STYLE PLUS AT 1.8 TSI,Skoda,Octavia,2017,Sedan,Petrol,Automatic,558810,INR,49954,Cars24,21-09-2026,Vadodara
https://www.cars24.com/buy-used-skoda-rapid-2012-cars-bhopal-14613776117/,2012 Skoda Rapid ELEGANCE 1.6 TDI CR MT,Skoda,Rapid,2012,Sedan,Diesel,Manual,175000,INR,117072,Cars24,21-09-2026,Bhopal
https://www.cars24.com/buy-used-skoda-rapid-2013-cars-hyderabad-13636799176/,2013 Skoda Rapid AMBITION 1.6 TDI CR MT PLUS,Skoda,Rapid,2013,Sedan,Diesel,Manual,283417,INR,92633,Cars24,21-09-2026,Hyderabad
https://www.cars24.com/buy-used-skoda-rapid-2013-cars-nagpur-12348174186/,2013 Skoda Rapid ELEGANCE 1.6 TDI CR MT,Skoda,Rapid,2013,Sedan,Diesel,Manual,222000,INR,82078,Cars24,21-09-2026,Nagpur
https://www.cars24.com/buy-used-skoda-rapid-2014-cars-indore-14635594112/,2014 Skoda Rapid 1.6 MPI ACTIVE,Skoda,Rapid,2014,Sedan,Petrol,Manual,278417,INR,94423,Cars24,21-09-2026,Indore
https://www.cars24.com/buy-used-skoda-rapid-2016-cars-kochi-14902999133/,2016 Skoda Rapid STYLE 1.5 TDI AT,Skoda,Rapid,2016,Sedan,Diesel,Automatic,462580,INR,102150,Cars24,21-09-2026,Kochi
https://www.cars24.com/buy-used-skoda-rapid-2017-cars-mumbai-10309078179/,2017 Skoda Rapid AMBITION 1.6 MPI MT,Skoda,Rapid,2017,Sedan,Petrol,Manual,345417,INR,38582,Cars24,21-09-2026,Mumbai
https://www.cars24.com/buy-used-skoda-rapid-2017-cars-mumbai-10336276170/,2017 Skoda Rapid AMBITION 1.6 MPI MT,Skoda,Rapid,2017,Sedan,Petrol,Manual,347140,INR,59307,Cars24,21-09-2026,Mumbai
https://www.cars24.com/buy-used-skoda-rapid-2018-cars-coimbatore-16933670194/,2018 Skoda Rapid AMBITION 1.6 MPI AT,Skoda,Rapid,2018,Sedan,Petrol,Automatic,603840,INR,44643,Cars24,21-09-2026,Coimbatore
https://www.cars24.com/buy-used-skoda-rapid-2018-cars-noida-10559793133/,2018 Skoda Rapid AMBITION 1.6 MPI MT,Skoda,Rapid,2018,Sedan,Petrol,Manual,350417,INR,91334,Cars24,21-09-2026,Noida
https://www.cars24.com/buy-used-skoda-rapid-2020-cars-chennai-11392975189/,2020 Skoda Rapid 1.0 AMBITION TSI MT,Skoda,Rapid,2020,Sedan,Petrol,Manual,608840,INR,76284,Cars24,21-09-2026,Chennai
https://www.cars24.com/buy-used-skoda-rapid-2020-cars-surat-13556174199/,2020 Skoda Rapid ACTIVE 1.0 TSI AT,Skoda,Rapid,2020,Sedan,Petrol,Automatic,479247,INR,33526,Cars24,21-09-2026,Surat
https://www.cars24.com/buy-used-skoda-rapid-2021-cars-chennai-11373471150/,2021 Skoda Rapid 1.0 AMBITION TSI MT,Skoda,Rapid,2021,Sedan,Petrol,Manual,676840,INR,71550,Cars24,21-09-2026,Chennai
https://www.cars24.com/buy-used-skoda-rapid-2021-cars-jaipur-15261194163/,2021 Skoda Rapid STYLE TSI,Skoda,Rapid,2021,Sedan,Petrol,Manual,602314,INR,100116,Cars24,21-09-2026,Jaipur
https://www.cars24.com/buy-used-skoda-slavia-2022-cars-chandigarh-11620475171/,2022 Skoda SLAVIA STYLE 1.0L TSI AT,Skoda,SLAVIA,2022,Sedan,Petrol,Automatic,931394,INR,64825,Cars24,21-09-2026,Chandigarh
https://www.cars24.com/buy-used-skoda-slavia-2022-cars-chennai-11316079112/,2022 Skoda SLAVIA AMBITION 1.0L TSI AT,Skoda,SLAVIA,2022,Sedan,Petrol,Automatic,884920,INR,77459,Cars24,21-09-2026,Chennai
https://www.cars24.com/buy-used-skoda-slavia-2022-cars-coimbatore-11378392126/,2022 Skoda SLAVIA STYLE 1.0L TSI MT,Skoda,SLAVIA,2022,Sedan,Petrol,Manual,874920,INR,82069,Cars24,21-09-2026,Coimbatore
https://www.cars24.com/buy-used-skoda-slavia-2022-cars-coimbatore-13749794125/,2022 Skoda SLAVIA STYLE 1.5L TSI DSG,Skoda,SLAVIA,2022,Sedan,Petrol,Automatic,1177896,INR,69671,Cars24,21-09-2026,Coimbatore
https://www.cars24.com/buy-used-skoda-slavia-2022-cars-hyderabad-10058875175/,2022 Skoda SLAVIA ACTIVE 1.0L TSI MT,Skoda,SLAVIA,2022,Sedan,Petrol,Manual,685840,INR,69928,Cars24,21-09-2026,Hyderabad
https://www.cars24.com/buy-used-skoda-slavia-2022-cars-hyderabad-10427295141/,2022 Skoda SLAVIA AMBITION 1.0L TSI AT,Skoda,SLAVIA,2022,Sedan,Petrol,Automatic,909474,INR,53401,Cars24,21-09-2026,Hyderabad
https://www.cars24.com/buy-used-skoda-slavia-2022-cars-hyderabad-10431770171/,2022 Skoda SLAVIA ACTIVE 1.0L TSI MT,Skoda,SLAVIA,2022,Sedan,Petrol,Manual,769840,INR,88874,Cars24,21-09-2026,Hyderabad
https://www.cars24.com/buy-used-skoda-slavia-2022-cars-hyderabad-10494579152/,2022 Skoda SLAVIA STYLE 1.0L TSI AT,Skoda,SLAVIA,2022,Sedan,Petrol,Automatic,821314,INR,81629,Cars24,21-09-2026,Hyderabad
https://www.cars24.com/buy-used-skoda-slavia-2022-cars-hyderabad-10496478158/,2022 Skoda SLAVIA ACTIVE 1.0L TSI MT,Skoda,SLAVIA,2022,Sedan,Petrol,Manual,797314,INR,17699,Cars24,21-09-2026,Hyderabad
https://www.cars24.com/buy-used-skoda-slavia-2022-cars-kolkata-11988296119/,2022 Skoda SLAVIA AMBITION 1.0L TSI AT,Skoda,SLAVIA,2022,Sedan,Petrol,Automatic,729314,INR,37393,Cars24,21-09-2026,Kolkata
https://www.cars24.com/buy-used-skoda-slavia-2022-cars-mumbai-12463398187/,2022 Skoda SLAVIA ACTIVE 1.0L TSI MT,Skoda,SLAVIA,2022,Sedan,Petrol,Manual,607314,INR,84414,Cars24,21-09-2026,Mumbai
https://www.cars24.com/buy-used-skoda-slavia-2022-cars-noida-10030473192/,2022 Skoda SLAVIA AMBITION 1.0L TSI MT,Skoda,SLAVIA,2022,Sedan,Petrol,Manual,769829,INR,69664,Cars24,21-09-2026,Noida
https://www.cars24.com/buy-used-skoda-slavia-2022-cars-surat-13535775185/,2022 Skoda SLAVIA AMBITION 1.0L TSI MT,Skoda,SLAVIA,2022,Sedan,Petrol,Manual,766964,INR,77010,Cars24,21-09-2026,Surat
https://www.cars24.com/buy-used-skoda-slavia-2023-cars-ahmedabad-15006594147/,2023 Skoda SLAVIA AMBITION 1.0L TSI AT,Skoda,SLAVIA,2023,Sedan,Petrol,Automatic,841821,INR,69248,Cars24,21-09-2026,Ahmedabad
https://www.cars24.com/buy-used-skoda-slavia-2023-cars-chandigarh-12760196144/,2023 Skoda SLAVIA AMBITION 1.0L TSI MT,Skoda,SLAVIA,2023,Sedan,Petrol,Manual,912920,INR,24708,Cars24,21-09-2026,Chandigarh
https://www.cars24.com/buy-used-skoda-slavia-2023-cars-chennai-11373177159/,2023 Skoda SLAVIA AMBITION 1.5L TSI AT,Skoda,SLAVIA,2023,Sedan,Petrol,Automatic,1000920,INR,43330,Cars24,21-09-2026,Chennai
https://www.cars24.com/buy-used-skoda-slavia-2023-cars-coimbatore-13736478171/,2023 Skoda SLAVIA STYLE 1.0L TSI AT,Skoda,SLAVIA,2023,Sedan,Petrol,Automatic,1178100,INR,40673,Cars24,21-09-2026,Coimbatore
https://www.cars24.com/buy-used-skoda-slavia-2023-cars-kolkata-11908377116/,2023 Skoda SLAVIA AMBITION 1.0L TSI AT,Skoda,SLAVIA,2023,Sedan,Petrol,Automatic,820314,INR,31026,Cars24,21-09-2026,Kolkata
https://www.cars24.com/buy-used-skoda-slavia-2023-cars-kolkata-11927877191/,2023 Skoda SLAVIA STYLE 1.5L TSI MT,Skoda,SLAVIA,2023,Sedan,Petrol,Manual,900920,INR,45485,Cars24,21-09-2026,Kolkata
https://www.cars24.com/buy-used-skoda-slavia-2023-cars-kolkata-11945899189/,2023 Skoda SLAVIA STYLE 1.0L TSI MT,Skoda,SLAVIA,2023,Sedan,Petrol,Manual,813314,INR,28584,Cars24,21-09-2026,Kolkata
https://www.cars24.com/buy-used-skoda-slavia-2023-cars-vadodara-36472497142/,2023 Skoda SLAVIA AMBITION 1.0L TSI AT,Skoda,SLAVIA,2023,Sedan,Petrol,Automatic,858289,INR,28137,Cars24,21-09-2026,Vadodara
https://www.cars24.com/buy-used-skoda-slavia-2024-cars-jaipur-10733777128/,2024 Skoda SLAVIA STYLE 1.0L TSI MT,Skoda,SLAVIA,2024,Sedan,Petrol,Manual,1091780,INR,36897,Cars24,21-09-2026,Jaipur
https://www.cars24.com/buy-used-skoda-slavia-2024-cars-patna-14454574181/,2024 Skoda SLAVIA AMBITION 1.0L TSI MT,Skoda,SLAVIA,2024,Sedan,Petrol,Manual,1095100,INR,11328,Cars24,21-09-2026,Patna
https://www.cars24.com/buy-used-skoda-slavia-2024-cars-pune-10002679190/,2024 Skoda SLAVIA ACTIVE 1.0L TSI MT,Skoda,SLAVIA,2024,Sedan,Petrol,Manual,884394,INR,32856,Cars24,21-09-2026,Pune
https://www.cars24.com/buy-used-skoda-superb-2011-cars-bhopal-14633374187/,2011 Skoda Superb ELEGANCE 1.8 TSI MT,Skoda,Superb,2011,Sedan,Petrol,Manual,240000,INR,67656,Cars24,21-09-2026,Bhopal
https://www.cars24.com/buy-used-tata-altroz-2020-cars-chandigarh-23382992121/,2020 Tata ALTROZ XM PETROL,Tata,ALTROZ,2020,Hatchback,Petrol,Manual,352936,INR,81364,Cars24,21-09-2026,Chandigarh
https://www.cars24.com/buy-used-tata-altroz-2020-cars-kochi-13007676154/,2020 Tata ALTROZ XM PETROL,Tata,ALTROZ,2020,Hatchback,Petrol,Manual,483760,INR,21215,Cars24,21-09-2026,Kochi
https://www.cars24.com/buy-used-tata-altroz-2020-cars-kochi-22454171173/,2020 Tata ALTROZ XZ PETROL,Tata,ALTROZ,2020,Hatchback,Petrol,Manual,530916,INR,45358,Cars24,21-09-2026,Kochi
https://www.cars24.com/buy-used-tata-altroz-2020-cars-lucknow-13913595178/,2020 Tata ALTROZ XE PETROL,Tata,ALTROZ,2020,Hatchback,Petrol,Manual,320936,INR,54745,Cars24,21-09-2026,Lucknow
https://www.cars24.com/buy-used-tata-altroz-2020-cars-pune-31367192128/,2020 Tata ALTROZ XZ PETROL,Tata,ALTROZ,2020,Hatchback,Petrol,Manual,424476,INR,133657,Cars24,21-09-2026,Pune
https://www.cars24.com/buy-used-tata-altroz-2021-cars-gurgaon-10059677175/,2021 Tata ALTROZ XE PETROL,Tata,ALTROZ,2021,Hatchback,Petrol,Manual,390383,INR,74527,Cars24,21-09-2026,Gurgaon
https://www.cars24.com/buy-used-tata-altroz-2021-cars-gurgaon-13387976186/,2021 Tata ALTROZ XZ PLUS PETROL DARK EDITION,Tata,ALTROZ,2021,Hatchback,Petrol,Manual,674840,INR,72441,Cars24,21-09-2026,Gurgaon
https://www.cars24.com/buy-used-tata-altroz-2021-cars-hyderabad-12218574193/,2021 Tata ALTROZ XT I-TURBO PETROL,Tata,ALTROZ,2021,Hatchback,Petrol,Manual,613840,INR,104414,Cars24,21-09-2026,Hyderabad
https://www.cars24.com/buy-used-tata-altroz-2021-cars-jaipur-10009799135/,2021 Tata ALTROZ XE PETROL,Tata,ALTROZ,2021,Hatchback,Petrol,Manual,368116,INR,79557,Cars24,21-09-2026,Jaipur
https://www.cars24.com/buy-used-tata-altroz-2021-cars-karnal-11555890134/,2021 Tata ALTROZ XM PLUS PETROL,Tata,ALTROZ,2021,Hatchback,Petrol,Manual,400420,INR,51469,Cars24,21-09-2026,Karnal
https://www.cars24.com/buy-used-tata-altroz-2021-cars-kochi-13021974117/,2021 Tata ALTROZ XZ PETROL,Tata,ALTROZ,2021,Hatchback,Petrol,Manual,527120,INR,32502,Cars24,21-09-2026,Kochi
https://www.cars24.com/buy-used-tata-altroz-2021-cars-kochi-13035578180/,2021 Tata ALTROZ XT PETROL,Tata,ALTROZ,2021,Hatchback,Petrol,Manual,484556,INR,67677,Cars24,21-09-2026,Kochi
https://www.cars24.com/buy-used-tata-altroz-2021-cars-kochi-13049594168/,2021 Tata ALTROZ XM PLUS PETROL,Tata,ALTROZ,2021,Hatchback,Petrol,Manual,415296,INR,35132,Cars24,21-09-2026,Kochi
https://www.cars24.com/buy-used-tata-altroz-2021-cars-kochi-13085979173/,2021 Tata ALTROZ XZ PLUS PETROL,Tata,ALTROZ,2021,Hatchback,Petrol,Manual,511120,INR,33711,Cars24,21-09-2026,Kochi
https://www.cars24.com/buy-used-tata-altroz-2021-cars-pune-12354275112/,2021 Tata ALTROZ XZ DIESEL,Tata,ALTROZ,2021,Hatchback,Diesel,Manual,584456,INR,97515,Cars24,21-09-2026,Pune
https://www.cars24.com/buy-used-tata-altroz-2022-cars-chennai-43925973158/,2022 Tata ALTROZ XT PETROL,Tata,ALTROZ,2022,Hatchback,Petrol,Manual,579660,INR,53544,Cars24,21-09-2026,Chennai
https://www.cars24.com/buy-used-tata-altroz-2022-cars-gurgaon-10056878191/,2022 Tata ALTROZ XM PLUS PETROL,Tata,ALTROZ,2022,Hatchback,Petrol,Manual,502137,INR,52751,Cars24,21-09-2026,Gurgaon
https://www.cars24.com/buy-used-tata-altroz-2022-cars-karnal-13401891164/,2022 Tata ALTROZ XT PETROL,Tata,ALTROZ,2022,Hatchback,Petrol,Manual,435500,INR,53604,Cars24,21-09-2026,Karnal
https://www.cars24.com/buy-used-tata-altroz-2022-cars-kochi-13064569737/,2022 Tata ALTROZ XM PLUS PETROL,Tata,ALTROZ,2022,Hatchback,Petrol,Manual,402500,INR,61333,Cars24,21-09-2026,Kochi
https://www.cars24.com/buy-used-tata-altroz-2022-cars-kochi-16144778111/,2022 Tata ALTROZ XTA,Tata,ALTROZ,2022,Hatchback,Petrol,Automatic,703840,INR,47593,Cars24,21-09-2026,Kochi
https://www.cars24.com/buy-used-tata-altroz-2022-cars-kochi-22482591103/,2022 Tata ALTROZ XM PLUS PETROL,Tata,ALTROZ,2022,Hatchback,Petrol,Manual,467376,INR,49469,Cars24,21-09-2026,Kochi
https://www.cars24.com/buy-used-tata-altroz-2022-cars-kolkata-10023707782/,2022 Tata ALTROZ XM PLUS PETROL,Tata,ALTROZ,2022,Hatchback,Petrol,Manual,366320,INR,83238,Cars24,21-09-2026,Kolkata
https://www.cars24.com/buy-used-tata-altroz-2022-cars-lucknow-15928093160/,2022 Tata ALTROZ XZ PETROL,Tata,ALTROZ,2022,Hatchback,Petrol,Manual,527916,INR,35158,Cars24,21-09-2026,Lucknow
https://www.cars24.com/buy-used-tata-altroz-2022-cars-noida-15193596133/,2022 Tata ALTROZ XZ PETROL,Tata,ALTROZ,2022,Hatchback,Petrol,Manual,451376,INR,68741,Cars24,21-09-2026,Noida
https://www.cars24.com/buy-used-tata-altroz-2022-cars-surat-21201893137/,2022 Tata ALTROZ XZ PETROL,Tata,ALTROZ,2022,Hatchback,Petrol,Manual,583276,INR,96060,Cars24,21-09-2026,Surat
https://www.cars24.com/buy-used-tata-altroz-2022-cars-visakhapatnam-12241173113/,2022 Tata ALTROZ XZ PLUS PETROL,Tata,ALTROZ,2022,Hatchback,Petrol,Manual,564276,INR,91377,Cars24,21-09-2026,Visakhapatnam
https://www.cars24.com/buy-used-tata-altroz-2023-cars-bangalore-11189972175/,2023 Tata ALTROZ XT PETROL,Tata,ALTROZ,2023,Hatchback,Petrol,Manual,625840,INR,65498,Cars24,21-09-2026,Bangalore
https://www.cars24.com/buy-used-tata-altroz-2023-cars-bangalore-26578895102/,2023 Tata ALTROZ XZ Plus Sunroof i-Turbo ,Tata,ALTROZ,2023,Hatchback,Petrol,Manual,694936,INR,45516,Cars24,21-09-2026,Bangalore
https://www.cars24.com/buy-used-tata-altroz-2023-cars-noida-15129179139/,2023 Tata ALTROZ XM PLUS SUNROOF,Tata,ALTROZ,2023,Hatchback,Petrol,Manual,552256,INR,43416,Cars24,21-09-2026,Noida
https://www.cars24.com/buy-used-tata-altroz-2023-cars-vadodara-13688898132/,2023 Tata ALTROZ XM PLUS SUNROOF,Tata,ALTROZ,2023,Hatchback,CNG,Manual,599798,INR,35223,Cars24,21-09-2026,Vadodara
https://www.cars24.com/buy-used-tata-altroz-2024-cars-gurgaon-10034773128/,2024 Tata ALTROZ XM PETROL,Tata,ALTROZ,2024,Hatchback,Petrol,Manual,563075,INR,26421,Cars24,21-09-2026,Gurgaon
https://www.cars24.com/buy-used-tata-altroz-2025-cars-jaipur-10769379137/,2025 Tata ALTROZ Creative CNG 5MT,Tata,ALTROZ,2025,Hatchback,CNG,Manual,793140,INR,31700,Cars24,21-09-2026,Jaipur
https://www.cars24.com/buy-used-tata-curvv-2024-cars-chandigarh-10986776183/,2024 Tata Curvv Creative Plus S 1.2 Petrol 6MT,Tata,Curvv,2024,SUV,Petrol,Manual,1007320,INR,13067,Cars24,21-09-2026,Chandigarh
https://www.cars24.com/buy-used-tata-curvv-2024-cars-jaipur-10718596160/,2024 Tata Curvv Creative Plus S 1.2 Petrol 6MT,Tata,Curvv,2024,SUV,Petrol,Manual,1166780,INR,31048,Cars24,21-09-2026,Jaipur
https://www.cars24.com/buy-used-tata-curvv-2025-cars-chandigarh-11613096182/,2025 Tata Curvv Creative 1.2 Petrol 7DCA,Tata,Curvv,2025,SUV,Petrol,Automatic,965720,INR,12474,Cars24,21-09-2026,Chandigarh
https://www.cars24.com/buy-used-tata-curvv-2025-cars-jaipur-15498598103/,2025 Tata Curvv Pure Plus 1.2 Petrol 7DCA,Tata,Curvv,2025,SUV,Petrol,Automatic,932320,INR,19533,Cars24,21-09-2026,Jaipur
https://www.cars24.com/buy-used-tata-harrier-2019-cars-ahmedabad-20654077198/,2019 Tata Harrier XZ 2.0L,Tata,Harrier,2019,SUV,Diesel,Manual,690058,INR,112358,Cars24,21-09-2026,Ahmedabad
https://www.cars24.com/buy-used-tata-harrier-2019-cars-chandigarh-11646871190/,2019 Tata Harrier XZ 2.0L,Tata,Harrier,2019,SUV,Diesel,Manual,798117,INR,95992,Cars24,21-09-2026,Chandigarh
https://www.cars24.com/buy-used-tata-harrier-2019-cars-lucknow-10090594190/,2019 Tata Harrier XT 2.0L KRYOTEC,Tata,Harrier,2019,SUV,Diesel,Manual,721780,INR,64984,Cars24,21-09-2026,Lucknow
https://www.cars24.com/buy-used-tata-harrier-2019-cars-lucknow-41169197188/,2019 Tata Harrier XZ 2.0L DUAL TONE,Tata,Harrier,2019,SUV,Diesel,Manual,961197,INR,42040,Cars24,21-09-2026,Lucknow
https://www.cars24.com/buy-used-tata-harrier-2019-cars-pune-12556170155/,2019 Tata Harrier XZ 2.0L,Tata,Harrier,2019,SUV,Diesel,Manual,1017000,INR,26283,Cars24,21-09-2026,Pune
https://www.cars24.com/buy-used-tata-harrier-2020-cars-noida-13844198119/,2020 Tata Harrier XT PLUS 2.0L KRYOTEC DARK EDITON,Tata,Harrier,2020,SUV,Diesel,Manual,792117,INR,124650,Cars24,21-09-2026,Noida
https://www.cars24.com/buy-used-tata-harrier-2021-cars-chandigarh-10989070189/,2021 Tata Harrier XZA PLUS 2.0L,Tata,Harrier,2021,SUV,Diesel,Automatic,1136100,INR,70094,Cars24,21-09-2026,Chandigarh
https://www.cars24.com/buy-used-tata-harrier-2021-cars-vadodara-13682999153/,2021 Tata Harrier XMA 2.0L KRYOTEC,Tata,Harrier,2021,SUV,Diesel,Automatic,867965,INR,93588,Cars24,21-09-2026,Vadodara
https://www.cars24.com/buy-used-tata-harrier-2022-cars-ahmedabad-15032594162/,2022 Tata Harrier XTA 2.0L KRYOTEC PLUS,Tata,Harrier,2022,SUV,Diesel,Automatic,1319072,INR,27800,Cars24,21-09-2026,Ahmedabad
https://www.cars24.com/buy-used-tata-harrier-2022-cars-rajkot-15026567768/,2022 Tata Harrier XE 2.0L KRYOTEC,Tata,Harrier,2022,SUV,Diesel,Manual,782025,INR,77010,Cars24,21-09-2026,Rajkot
https://www.cars24.com/buy-used-tata-harrier-2023-cars-bangalore-10282896138/,2023 Tata Harrier XZ PLUS 2.0L DARK EDITION,Tata,Harrier,2023,SUV,Diesel,Manual,1504417,INR,37191,Cars24,21-09-2026,Bangalore
https://www.cars24.com/buy-used-tata-harrier-2024-cars-chandigarh-14829174150/,2024 Tata Harrier ADVENTURE PLUS DARK EDITION AT,Tata,Harrier,2024,SUV,Diesel,Automatic,1602100,INR,27376,Cars24,21-09-2026,Chandigarh
https://www.cars24.com/buy-used-tata-hexa-2018-cars-patna-14439472186/,2018 Tata Hexa XT 4X2 7 STR,Tata,Hexa,2018,SUV,Diesel,Manual,661117,INR,88305,Cars24,21-09-2026,Patna
https://www.cars24.com/buy-used-tata-indica-vista-2014-cars-coimbatore-13770072138/,2014 Tata Indica Vista LS TDI,Tata,Indica Vista,2014,Hatchback,Diesel,Manual,129000,INR,80323,Cars24,21-09-2026,Coimbatore
https://www.cars24.com/buy-used-tata-indica-vista-2014-cars-hyderabad-12171393104/,2014 Tata Indica Vista VX TECH QUADRAJET,Tata,Indica Vista,2014,Hatchback,Diesel,Manual,212936,INR,38245,Cars24,21-09-2026,Hyderabad
https://www.cars24.com/buy-used-tata-indica-vista-2014-cars-nagpur-12337872132/,2014 Tata Indica Vista LS TDI,Tata,Indica Vista,2014,Hatchback,Diesel,Manual,140000,INR,104704,Cars24,21-09-2026,Nagpur
https://www.cars24.com/buy-used-tata-indigo-ecs-2014-cars-surat-32739479170/,2014 Tata Indigo ECS LX CR4,Tata,Indigo ECS,2014,Sedan,Diesel,Manual,162640,INR,61764,Cars24,21-09-2026,Surat
https://www.cars24.com/buy-used-tata-nano-2015-cars-jaipur-10781192164/,2015 Tata Nano TWIST XM,Tata,Nano,2015,Hatchback,Petrol,Manual,102140,INR,76059,Cars24,21-09-2026,Jaipur
https://www.cars24.com/buy-used-tata-nano-2015-cars-mumbai-12301194104/,2015 Tata Nano TWIST XT,Tata,Nano,2015,Hatchback,Petrol,Manual,118614,INR,54377,Cars24,21-09-2026,Mumbai
https://www.cars24.com/buy-used-tata-nexon-2018-cars-bangalore-23584671192/,2018 Tata NEXON XM PETROL,Tata,NEXON,2018,SUV,Petrol,Manual,582590,INR,78676,Cars24,21-09-2026,Bangalore
https://www.cars24.com/buy-used-tata-nexon-2018-cars-indore-14632498126/,2018 Tata NEXON XZA PLUS DIESEL DUAL TONE,Tata,NEXON,2018,SUV,Diesel,Automatic,495940,INR,90736,Cars24,21-09-2026,Indore
https://www.cars24.com/buy-used-tata-nexon-2018-cars-kolkata-11525660750/,2018 Tata NEXON XM PETROL,Tata,NEXON,2018,SUV,Petrol,Manual,289936,INR,129921,Cars24,21-09-2026,Kolkata
https://www.cars24.com/buy-used-tata-nexon-2018-cars-lucknow-13283079181/,2018 Tata NEXON XZ PLUS PETROL,Tata,NEXON,2018,SUV,Petrol,Manual,429476,INR,91683,Cars24,21-09-2026,Lucknow
https://www.cars24.com/buy-used-tata-nexon-2018-cars-mumbai-10310172182/,2018 Tata NEXON XZA PLUS PETROL,Tata,NEXON,2018,SUV,Petrol,Automatic,535096,INR,22239,Cars24,21-09-2026,Mumbai
https://www.cars24.com/buy-used-tata-nexon-2018-cars-pune-10688593137/,2018 Tata NEXON XM PETROL,Tata,NEXON,2018,SUV,Petrol,Manual,431476,INR,90029,Cars24,21-09-2026,Pune
https://www.cars24.com/buy-used-tata-nexon-2018-cars-surat-13567692179/,2018 Tata NEXON XZ DIESEL,Tata,NEXON,2018,SUV,Diesel,Manual,404265,INR,110350,Cars24,21-09-2026,Surat
https://www.cars24.com/buy-used-tata-nexon-2018-cars-visakhapatnam-18991172117/,2018 Tata NEXON XM PETROL,Tata,NEXON,2018,SUV,Petrol,Manual,458376,INR,116698,Cars24,21-09-2026,Visakhapatnam
https://www.cars24.com/buy-used-tata-nexon-2019-cars-ahmedabad-11412596128/,2019 Tata NEXON XM DIESEL,Tata,NEXON,2019,SUV,Diesel,Manual,519743,INR,69876,Cars24,21-09-2026,Ahmedabad
https://www.cars24.com/buy-used-tata-nexon-2019-cars-ahmedabad-11497677113/,2019 Tata NEXON XM PETROL,Tata,NEXON,2019,SUV,Petrol,Manual,438465,INR,73759,Cars24,21-09-2026,Ahmedabad
https://www.cars24.com/buy-used-tata-nexon-2019-cars-bangalore-11131199106/,2019 Tata NEXON XMA PETROL,Tata,NEXON,2019,SUV,Petrol,Automatic,585660,INR,54604,Cars24,21-09-2026,Bangalore
https://www.cars24.com/buy-used-tata-nexon-2019-cars-gurgaon-44501490156/,2019 Tata NEXON XMA PETROL,Tata,NEXON,2019,SUV,CNG,Automatic,426680,INR,97713,Cars24,21-09-2026,Gurgaon
https://www.cars24.com/buy-used-tata-nexon-2019-cars-hyderabad-10402571183/,2019 Tata NEXON XM PETROL,Tata,NEXON,2019,SUV,Petrol,Manual,511120,INR,71038,Cars24,21-09-2026,Hyderabad
https://www.cars24.com/buy-used-tata-nexon-2019-cars-indore-12803371137/,2019 Tata NEXON XZ PLUS PETROL,Tata,NEXON,2019,SUV,Petrol,Manual,433680,INR,89350,Cars24,21-09-2026,Indore
https://www.cars24.com/buy-used-tata-nexon-2019-cars-kochi-17881278175/,2019 Tata NEXON XZ PLUS PETROL,Tata,NEXON,2019,SUV,Petrol,Manual,564480,INR,52377,Cars24,21-09-2026,Kochi
https://www.cars24.com/buy-used-tata-nexon-2019-cars-lucknow-21056694152/,2019 Tata NEXON XM PETROL,Tata,NEXON,2019,SUV,Petrol,Manual,390116,INR,31566,Cars24,21-09-2026,Lucknow
https://www.cars24.com/buy-used-tata-nexon-2019-cars-pune-10699076182/,2019 Tata NEXON XZA PLUS PETROL,Tata,NEXON,2019,SUV,Petrol,Automatic,556276,INR,70715,Cars24,21-09-2026,Pune
https://www.cars24.com/buy-used-tata-nexon-2020-cars-chandigarh-11672996137/,2020 Tata NEXON  XZ Plus LUXS Jet,Tata,NEXON,2020,SUV,Petrol,Manual,585660,INR,55986,Cars24,21-09-2026,Chandigarh
https://www.cars24.com/buy-used-tata-nexon-2020-cars-hyderabad-10420372181/,2020 Tata NEXON XZ PLUS (O) PETROL,Tata,NEXON,2020,SUV,Petrol,Manual,716403,INR,89034,Cars24,21-09-2026,Hyderabad
https://www.cars24.com/buy-used-tata-nexon-2020-cars-kochi-16126798166/,2020 Tata NEXON XZ PLUS (O) PETROL,Tata,NEXON,2020,SUV,Petrol,Manual,587660,INR,63710,Cars24,21-09-2026,Kochi
https://www.cars24.com/buy-used-tata-nexon-2020-cars-noida-13801394142/,2020 Tata NEXON XZ PETROL,Tata,NEXON,2020,SUV,Petrol,Manual,463880,INR,51093,Cars24,21-09-2026,Noida
https://www.cars24.com/buy-used-tata-nexon-2020-cars-patna-18101276151/,2020 Tata NEXON XM PETROL,Tata,NEXON,2020,SUV,Petrol,Manual,504736,INR,115402,Cars24,21-09-2026,Patna
https://www.cars24.com/buy-used-tata-nexon-2021-cars-ahmedabad-11411470135/,2021 Tata NEXON XZ PLUS DIESEL,Tata,NEXON,2021,SUV,Diesel,Manual,734839,INR,64684,Cars24,21-09-2026,Ahmedabad
https://www.cars24.com/buy-used-tata-nexon-2021-cars-bangalore-10202069755/,2021 Tata NEXON XZ PETROL,Tata,NEXON,2021,SUV,Petrol,Manual,725636,INR,44623,Cars24,21-09-2026,Bangalore
https://www.cars24.com/buy-used-tata-nexon-2021-cars-bangalore-10289373184/,2021 Tata NEXON XZ PLUS PETROL,Tata,NEXON,2021,SUV,Petrol,Manual,754636,INR,28608,Cars24,21-09-2026,Bangalore
https://www.cars24.com/buy-used-tata-nexon-2021-cars-faridabad-46231275189/,2021 Tata NEXON XM PETROL,Tata,NEXON,2021,SUV,Petrol,Manual,463376,INR,49097,Cars24,21-09-2026,Faridabad
https://www.cars24.com/buy-used-tata-nexon-2021-cars-gurgaon-16383573197/,2021 Tata NEXON XZA PLUS SUNROOF PETROL,Tata,NEXON,2021,SUV,Petrol,Automatic,527120,INR,73686,Cars24,21-09-2026,Gurgaon
https://www.cars24.com/buy-used-tata-nexon-2021-cars-hyderabad-10482579137/,2021 Tata NEXON XZ PLUS PETROL,Tata,NEXON,2021,SUV,Petrol,Manual,683840,INR,90483,Cars24,21-09-2026,Hyderabad
https://www.cars24.com/buy-used-tata-nexon-2021-cars-indore-12884775115/,2021 Tata NEXON XZ PLUS DIESEL,Tata,NEXON,2021,SUV,Diesel,Manual,690840,INR,79539,Cars24,21-09-2026,Indore
https://www.cars24.com/buy-used-tata-nexon-2021-cars-jaipur-10707494144/,2021 Tata NEXON XZ PLUS PETROL DARK EDITION,Tata,NEXON,2021,SUV,Petrol,Manual,554096,INR,107792,Cars24,21-09-2026,Jaipur
https://www.cars24.com/buy-used-tata-nexon-2021-cars-kochi-13021091163/,2021 Tata NEXON XZ PLUS PETROL SUNROOF,Tata,NEXON,2021,SUV,Petrol,Manual,644840,INR,54949,Cars24,21-09-2026,Kochi
https://www.cars24.com/buy-used-tata-nexon-2021-cars-kochi-39036872177/,2021 Tata NEXON XM SUNROOF PETROL,Tata,NEXON,2021,SUV,Petrol,Manual,552480,INR,82240,Cars24,21-09-2026,Kochi
https://www.cars24.com/buy-used-tata-nexon-2021-cars-mumbai-10042776180/,2021 Tata NEXON XZ PLUS PETROL,Tata,NEXON,2021,SUV,Petrol,Manual,648636,INR,55510,Cars24,21-09-2026,Mumbai
https://www.cars24.com/buy-used-tata-nexon-2021-cars-mumbai-10311677118/,2021 Tata NEXON XZ PLUS PETROL DARK EDITION,Tata,NEXON,2021,SUV,Petrol,Manual,631636,INR,74723,Cars24,21-09-2026,Mumbai
https://www.cars24.com/buy-used-tata-nexon-2021-cars-mumbai-10352171130/,2021 Tata NEXON XZA PLUS SUNROOF PETROL,Tata,NEXON,2021,SUV,Petrol,Automatic,705496,INR,35742,Cars24,21-09-2026,Mumbai
https://www.cars24.com/buy-used-tata-nexon-2021-cars-mumbai-10369576181/,2021 Tata NEXON XZA PLUS SUNROOF PETROL,Tata,NEXON,2021,SUV,Petrol,Automatic,660840,INR,35971,Cars24,21-09-2026,Mumbai
https://www.cars24.com/buy-used-tata-nexon-2021-cars-mumbai-10379577152/,2021 Tata NEXON XZA PLUS PETROL,Tata,NEXON,2021,SUV,Petrol,Automatic,654636,INR,30210,Cars24,21-09-2026,Mumbai
https://www.cars24.com/buy-used-tata-nexon-2021-cars-mumbai-10384673184/,2021 Tata NEXON XZA PLUS PETROL,Tata,NEXON,2021,SUV,Petrol,Automatic,647636,INR,71917,Cars24,21-09-2026,Mumbai
https://www.cars24.com/buy-used-tata-nexon-2021-cars-noida-10343076113/,2021 Tata NEXON XZ PLUS (O) DIESEL,Tata,NEXON,2021,SUV,Diesel,Manual,684840,INR,29100,Cars24,21-09-2026,Noida
https://www.cars24.com/buy-used-tata-nexon-2021-cars-patna-14409090106/,2021 Tata NEXON XE PETROL,Tata,NEXON,2021,SUV,Petrol,Manual,499736,INR,50312,Cars24,21-09-2026,Patna
https://www.cars24.com/buy-used-tata-nexon-2021-cars-vadodara-13673293101/,2021 Tata NEXON XZA PLUS PETROL,Tata,NEXON,2021,SUV,Petrol,Automatic,693015,INR,33392,Cars24,21-09-2026,Vadodara
https://www.cars24.com/buy-used-tata-nexon-2022-cars-ahmedabad-11474695150/,2022 Tata NEXON XM SUNROOF PETROL,Tata,NEXON,2022,SUV,Petrol,Manual,560190,INR,85803,Cars24,21-09-2026,Ahmedabad
https://www.cars24.com/buy-used-tata-nexon-2022-cars-ahmedabad-11490699136/,2022 Tata NEXON XZA PLUS (PREMIUM) PETROL,Tata,NEXON,2022,SUV,CNG,Automatic,645534,INR,54232,Cars24,21-09-2026,Ahmedabad
https://www.cars24.com/buy-used-tata-nexon-2022-cars-chandigarh-10997492167/,2022 Tata NEXON XZA PLUS (O) PETROL DARK EDITION,Tata,NEXON,2022,SUV,Petrol,Automatic,749636,INR,64137,Cars24,21-09-2026,Chandigarh
https://www.cars24.com/buy-used-tata-nexon-2022-cars-chandigarh-11622774158/,2022 Tata NEXON XZ PLUS (O) PETROL DARK EDITION,Tata,NEXON,2022,SUV,Petrol,Manual,707840,INR,73827,Cars24,21-09-2026,Chandigarh
https://www.cars24.com/buy-used-tata-nexon-2022-cars-chandigarh-11697378184/,2022 Tata NEXON XZ PLUS (PREMIUM) PETROL,Tata,NEXON,2022,SUV,Petrol,Manual,686840,INR,46901,Cars24,21-09-2026,Chandigarh
https://www.cars24.com/buy-used-tata-nexon-2022-cars-coimbatore-10095870188/,2022 Tata NEXON XMA PETROL,Tata,NEXON,2022,SUV,Petrol,Automatic,660636,INR,88666,Cars24,21-09-2026,Coimbatore
https://www.cars24.com/buy-used-tata-nexon-2022-cars-coimbatore-17173593145/,2022 Tata NEXON XZ PLUS (HS) PETROL,Tata,NEXON,2022,SUV,Petrol,Manual,815840,INR,123937,Cars24,21-09-2026,Coimbatore
https://www.cars24.com/buy-used-tata-nexon-2022-cars-gurgaon-10773594161/,2022 Tata NEXON XZ PLUS (PREMIUM) PETROL JET,Tata,NEXON,2022,SUV,Petrol,Manual,476760,INR,91201,Cars24,21-09-2026,Gurgaon
https://www.cars24.com/buy-used-tata-nexon-2022-cars-gurgaon-14714594164/,2022 Tata NEXON XZ PLUS (L),Tata,NEXON,2022,SUV,Petrol,Manual,559480,INR,89042,Cars24,21-09-2026,Gurgaon
https://www.cars24.com/buy-used-tata-nexon-2022-cars-gurgaon-29809475186/,2022 Tata NEXON XZ PLUS (HS) PETROL,Tata,NEXON,2022,SUV,Petrol,Manual,638840,INR,37523,Cars24,21-09-2026,Gurgaon
https://www.cars24.com/buy-used-tata-nexon-2022-cars-hyderabad-10425496120/,2022 Tata NEXON XM SUNROOF PETROL,Tata,NEXON,2022,SUV,Petrol,Manual,654840,INR,54649,Cars24,21-09-2026,Hyderabad
https://www.cars24.com/buy-used-tata-nexon-2022-cars-hyderabad-10433873136/,2022 Tata NEXON XZ PETROL,Tata,NEXON,2022,SUV,Petrol,Manual,794974,INR,17190,Cars24,21-09-2026,Hyderabad
https://www.cars24.com/buy-used-tata-nexon-2022-cars-jaipur-10728791111/,2022 Tata NEXON XM SUNROOF DIESEL,Tata,NEXON,2022,SUV,Diesel,Manual,713840,INR,19378,Cars24,21-09-2026,Jaipur
https://www.cars24.com/buy-used-tata-nexon-2022-cars-jaipur-10782679154/,2022 Tata NEXON XZ PLUS PETROL,Tata,NEXON,2022,SUV,Petrol,Manual,645636,INR,72518,Cars24,21-09-2026,Jaipur
https://www.cars24.com/buy-used-tata-nexon-2022-cars-noida-10119371122/,2022 Tata NEXON XZ PETROL,Tata,NEXON,2022,SUV,Petrol,Manual,634840,INR,18299,Cars24,21-09-2026,Noida
https://www.cars24.com/buy-used-tata-nexon-2022-cars-noida-13519275150/,2022 Tata NEXON XZ PLUS PETROL,Tata,NEXON,2022,SUV,Petrol,Manual,557276,INR,99942,Cars24,21-09-2026,Noida
https://www.cars24.com/buy-used-tata-nexon-2022-cars-patna-14410791173/,2022 Tata NEXON XZ PLUS (PREMIUM) KAZIRANGA PETROL,Tata,NEXON,2022,SUV,CNG,Manual,776636,INR,97980,Cars24,21-09-2026,Patna
https://www.cars24.com/buy-used-tata-nexon-2022-cars-patna-17656369752/,2022 Tata NEXON XMA SUNROOF PETROL,Tata,NEXON,2022,SUV,Petrol,Automatic,585456,INR,90084,Cars24,21-09-2026,Patna
https://www.cars24.com/buy-used-tata-nexon-2022-cars-pune-10627577159/,2022 Tata NEXON XZA PLUS (PREMIUM) DIESEL,Tata,NEXON,2022,SUV,Diesel,Automatic,813636,INR,63877,Cars24,21-09-2026,Pune
https://www.cars24.com/buy-used-tata-nexon-2022-cars-pune-10696276137/,2022 Tata NEXON XZA PLUS (O) PETROL DARK EDITION,Tata,NEXON,2022,SUV,Petrol,Automatic,643840,INR,91852,Cars24,21-09-2026,Pune
https://www.cars24.com/buy-used-tata-nexon-2023-cars-ahmedabad-11476771154/,2023 Tata NEXON XZA PLUS LUX SUNROOF KAZIRANGA PETROL,Tata,NEXON,2023,SUV,Petrol,Automatic,856436,INR,34456,Cars24,21-09-2026,Ahmedabad
https://www.cars24.com/buy-used-tata-nexon-2023-cars-bangalore-10859770115/,2023 Tata NEXON XM PETROL,Tata,NEXON,2023,SUV,Petrol,Manual,738636,INR,11287,Cars24,21-09-2026,Bangalore
https://www.cars24.com/buy-used-tata-nexon-2023-cars-bangalore-16534771151/,2023 Tata NEXON XM PETROL,Tata,NEXON,2023,SUV,Petrol,Manual,672000,INR,104800,Cars24,21-09-2026,Bangalore
https://www.cars24.com/buy-used-tata-nexon-2023-cars-chandigarh-10929375112/,2023 Tata NEXON XZ PLUS LUX SUNROOF DARK DIESEL,Tata,NEXON,2023,SUV,Diesel,Manual,777840,INR,78219,Cars24,21-09-2026,Chandigarh
https://www.cars24.com/buy-used-tata-nexon-2023-cars-chandigarh-11620198138/,2023 Tata NEXON XM PLUS SUNROOF PETROL,Tata,NEXON,2023,SUV,Petrol,Manual,568576,INR,63488,Cars24,21-09-2026,Chandigarh
https://www.cars24.com/buy-used-tata-nexon-2023-cars-chandigarh-12748696168/,2023 Tata NEXON  XZ Plus LUX Dark Edition,Tata,NEXON,2023,SUV,Petrol,Manual,790840,INR,27020,Cars24,21-09-2026,Chandigarh
https://www.cars24.com/buy-used-tata-nexon-2023-cars-coimbatore-13790970182/,2023 Tata NEXON XZ PLUS PETROL,Tata,NEXON,2023,SUV,Petrol,Manual,764840,INR,60998,Cars24,21-09-2026,Coimbatore
https://www.cars24.com/buy-used-tata-nexon-2023-cars-gurgaon-46224696168/,2023 Tata NEXON FEARLESS 1.2 REVOTRON 6 MT DT,Tata,NEXON,2023,SUV,Petrol,Manual,670636,INR,89029,Cars24,21-09-2026,Gurgaon
https://www.cars24.com/buy-used-tata-nexon-2023-cars-hyderabad-10462298106/,2023 Tata NEXON  XZ Plus LUXS Jet,Tata,NEXON,2023,SUV,Petrol,Manual,798840,INR,40370,Cars24,21-09-2026,Hyderabad
https://www.cars24.com/buy-used-tata-nexon-2023-cars-indore-14624976196/,2023 Tata NEXON XZ PLUS LUX SUNROOF DARK DIESEL,Tata,NEXON,2023,SUV,Diesel,Manual,850636,INR,63134,Cars24,21-09-2026,Indore
https://www.cars24.com/buy-used-tata-nexon-2023-cars-jaipur-11284891148/,2023 Tata NEXON CREATIVE PLUS 1.2 REVOTRON 7 DCA,Tata,NEXON,2023,SUV,Petrol,Automatic,702636,INR,61383,Cars24,21-09-2026,Jaipur
https://www.cars24.com/buy-used-tata-nexon-2023-cars-kolkata-11909070197/,2023 Tata NEXON XZ PLUS PETROL SUNROOF DARK EDITION,Tata,NEXON,2023,SUV,Petrol,Manual,816840,INR,21788,Cars24,21-09-2026,Kolkata
https://www.cars24.com/buy-used-tata-nexon-2023-cars-mumbai-10318978136/,2023 Tata NEXON XZ PLUS PETROL,Tata,NEXON,2023,SUV,Petrol,Manual,804636,INR,14288,Cars24,21-09-2026,Mumbai
https://www.cars24.com/buy-used-tata-nexon-2023-cars-mumbai-10332370136/,2023 Tata NEXON XMA PLUS SUNROOF PETROL,Tata,NEXON,2023,SUV,Petrol,Automatic,792324,INR,25981,Cars24,21-09-2026,Mumbai
https://www.cars24.com/buy-used-tata-nexon-2023-cars-mumbai-10338391160/,2023 Tata NEXON XZA PLUS LUX SUNROOF DUAL TONE PETROL,Tata,NEXON,2023,SUV,Petrol,Automatic,826636,INR,32350,Cars24,21-09-2026,Mumbai
https://www.cars24.com/buy-used-tata-nexon-2023-cars-new-delhi-16362876155/,2023 Tata NEXON XM SUNROOF PETROL,Tata,NEXON,2023,SUV,Petrol,Manual,589456,INR,52024,Cars24,21-09-2026,New Delhi
https://www.cars24.com/buy-used-tata-nexon-2023-cars-pune-10626179111/,2023 Tata NEXON XZA PLUS SUNROOF DARK PETROL,Tata,NEXON,2023,SUV,Petrol,Automatic,885716,INR,54770,Cars24,21-09-2026,Pune
https://www.cars24.com/buy-used-tata-nexon-2023-cars-pune-10631471150/,2023 Tata NEXON SMART 1.2 PETROL,Tata,NEXON,2023,SUV,Petrol,Manual,627636,INR,58790,Cars24,21-09-2026,Pune
https://www.cars24.com/buy-used-tata-nexon-2023-cars-surat-36467274138/,2023 Tata NEXON PURE 1.2 PETROL,Tata,NEXON,2023,SUV,Petrol,Manual,707404,INR,34828,Cars24,21-09-2026,Surat
https://www.cars24.com/buy-used-tata-nexon-2024-cars-bangalore-10222997144/,2024 Tata NEXON PURE S 1.2 REVOTRON 6MT,Tata,NEXON,2024,SUV,Petrol,Manual,821636,INR,12240,Cars24,21-09-2026,Bangalore
https://www.cars24.com/buy-used-tata-nexon-2024-cars-bhopal-14699676114/,2024 Tata NEXON FEARLESS PURPLE + SUNROOF DCA DUAL TONE 1.2 PETROL,Tata,NEXON,2024,SUV,Petrol,Automatic,992920,INR,12354,Cars24,21-09-2026,Bhopal
https://www.cars24.com/buy-used-tata-nexon-2024-cars-chandigarh-11687675173/,2024 Tata NEXON CREATIVE+ DCA 1.2 PETROL,Tata,NEXON,2024,SUV,Petrol,Automatic,915716,INR,37395,Cars24,21-09-2026,Chandigarh
https://www.cars24.com/buy-used-tata-nexon-2024-cars-hyderabad-10422772151/,2024 Tata NEXON PURE 1.5 DIESEL,Tata,NEXON,2024,SUV,Diesel,Manual,801550,INR,71822,Cars24,21-09-2026,Hyderabad
https://www.cars24.com/buy-used-tata-nexon-2024-cars-jaipur-15267293101/,2024 Tata NEXON CREATIVE PLUS 1.2 REVOTRON 6 AMT,Tata,NEXON,2024,SUV,Petrol,Automatic,752636,INR,64944,Cars24,21-09-2026,Jaipur
https://www.cars24.com/buy-used-tata-nexon-2024-cars-kolkata-11945375187/,2024 Tata NEXON CREATIVE 1.2 PETROL,Tata,NEXON,2024,SUV,Petrol,Manual,786840,INR,23060,Cars24,21-09-2026,Kolkata
https://www.cars24.com/buy-used-tata-nexon-2024-cars-vadodara-13617796101/,2024 Tata NEXON FEARLESS PURPLE + SUNROOF DCA DUAL TONE 1.2 PETROL,Tata,NEXON,2024,SUV,Petrol,Automatic,994139,INR,15837,Cars24,21-09-2026,Vadodara
https://www.cars24.com/buy-used-tata-nexon-2024-cars-vadodara-13671595144/,2024 Tata NEXON Pure 1.2 Petrol 6AMT,Tata,NEXON,2024,SUV,Petrol,Manual,716142,INR,27941,Cars24,21-09-2026,Vadodara
https://www.cars24.com/buy-used-tata-nexon-2025-cars-chandigarh-19194278114/,2025 Tata NEXON Pure Plus (S) 1.2 Petrol 6MT,Tata,NEXON,2025,SUV,Petrol,Manual,821140,INR,17088,Cars24,21-09-2026,Chandigarh
https://www.cars24.com/buy-used-tata-nexon-2025-cars-coimbatore-17133876156/,2025 Tata NEXON Smart Plus 1.2 Revotron 6 AMT,Tata,NEXON,2025,SUV,Petrol,Automatic,840320,INR,21546,Cars24,21-09-2026,Coimbatore
https://www.cars24.com/buy-used-tata-nexon-2025-cars-noida-25251978150/,2025 Tata NEXON Creative 1.2 iCNG,Tata,NEXON,2025,SUV,CNG,Manual,908320,INR,34094,Cars24,21-09-2026,Noida
https://www.cars24.com/buy-used-tata-punch-2021-cars-patna-14464662778/,2021 Tata PUNCH CREATIVE  MT,Tata,PUNCH,2021,SUV,Petrol,Manual,538096,INR,35032,Cars24,21-09-2026,Patna
https://www.cars24.com/buy-used-tata-punch-2021-cars-vadodara-13686271155/,2021 Tata PUNCH CREATIVE AMT 1.2 RTN DUAL TONE,Tata,PUNCH,2021,SUV,Petrol,Automatic,616922,INR,49096,Cars24,21-09-2026,Vadodara
https://www.cars24.com/buy-used-tata-punch-2022-cars-patna-14480778152/,2022 Tata PUNCH CREATIVE 1.2 AMT KAZIRANGA EDITION ,Tata,PUNCH,2022,SUV,Petrol,Automatic,689636,INR,12327,Cars24,21-09-2026,Patna
https://www.cars24.com/buy-used-tata-punch-2023-cars-chandigarh-12994299182/,2023 Tata PUNCH PURE MT,Tata,PUNCH,2023,SUV,Petrol,Manual,445476,INR,42271,Cars24,21-09-2026,Chandigarh
https://www.cars24.com/buy-used-tata-punch-2023-cars-coimbatore-13790579123/,2023 Tata PUNCH PURE MT CNG,Tata,PUNCH,2023,SUV,CNG,Manual,608000,INR,58693,Cars24,21-09-2026,Coimbatore
https://www.cars24.com/buy-used-tata-punch-2023-cars-indore-12863977172/,2023 Tata PUNCH ACCOMPLISHED DAZZLE SUNROOF CNG MT,Tata,PUNCH,2023,SUV,CNG,Manual,714840,INR,36667,Cars24,21-09-2026,Indore
https://www.cars24.com/buy-used-tata-punch-2023-cars-jaipur-10078679184/,2023 Tata PUNCH ADVENTURE MT,Tata,PUNCH,2023,SUV,Petrol,Manual,562727,INR,29737,Cars24,21-09-2026,Jaipur
https://www.cars24.com/buy-used-tata-punch-2023-cars-kochi-39087979113/,2023 Tata PUNCH Accomplished Dazzle Sunroof AMT,Tata,PUNCH,2023,SUV,Petrol,Automatic,719840,INR,20405,Cars24,21-09-2026,Kochi
https://www.cars24.com/buy-used-tata-punch-2023-cars-lucknow-13244498122/,2023 Tata PUNCH ADVENTURE MT,Tata,PUNCH,2023,SUV,Petrol,Manual,443476,INR,68123,Cars24,21-09-2026,Lucknow
https://www.cars24.com/buy-used-tata-punch-2023-cars-noida-15120378133/,2023 Tata PUNCH PURE MT,Tata,PUNCH,2023,SUV,Petrol,Manual,524357,INR,20652,Cars24,21-09-2026,Noida
https://www.cars24.com/buy-used-tata-punch-2023-cars-pune-10608274117/,2023 Tata PUNCH ADVENTURE RHYTHM PACK MT,Tata,PUNCH,2023,SUV,Petrol,Manual,567276,INR,37497,Cars24,21-09-2026,Pune
https://www.cars24.com/buy-used-tata-punch-2023-cars-vadodara-13682574110/,2023 Tata PUNCH ACCOMPLISHED MT CAMO EDITION,Tata,PUNCH,2023,SUV,Petrol,Manual,611987,INR,38919,Cars24,21-09-2026,Vadodara
https://www.cars24.com/buy-used-tata-punch-2024-cars-ghaziabad-15199773129/,2024 Tata PUNCH PURE MT,Tata,PUNCH,2024,SUV,Petrol,Manual,528600,INR,8379,Cars24,21-09-2026,Ghaziabad
https://www.cars24.com/buy-used-tata-punch-2024-cars-gurgaon-41359574139/,2024 Tata PUNCH PURE MT,Tata,PUNCH,2024,SUV,Petrol,Manual,544249,INR,16359,Cars24,21-09-2026,Gurgaon
https://www.cars24.com/buy-used-tata-punch-2024-cars-nagpur-12304372178/,2024 Tata PUNCH CREATIVE  1.2 RTN DUAL TONE,Tata,PUNCH,2024,SUV,Petrol,Manual,728809,INR,23984,Cars24,21-09-2026,Nagpur
https://www.cars24.com/buy-used-tata-punch-2024-cars-noida-13877766721/,2024 Tata PUNCH PURE MT CNG,Tata,PUNCH,2024,SUV,CNG,Manual,631840,INR,72713,Cars24,21-09-2026,Noida
https://www.cars24.com/buy-used-tata-punch-2025-cars-bangalore-11114273181/,2025 Tata PUNCH Adventure Plus,Tata,PUNCH,2025,SUV,Petrol,Manual,697140,INR,6444,Cars24,21-09-2026,Bangalore
https://www.cars24.com/buy-used-tata-safari-2012-cars-bhopal-14685078139/,2012 Tata Safari 4X2 LX DICOR,Tata,Safari,2012,SUV,Diesel,Manual,137000,INR,99571,Cars24,21-09-2026,Bhopal
https://www.cars24.com/buy-used-tata-safari-2015-cars-pune-12370070117/,2015 Tata Safari 4X2 EX DICOR,Tata,Safari,2015,SUV,Diesel,Manual,471593,INR,76481,Cars24,21-09-2026,Pune
https://www.cars24.com/buy-used-tata-safari-2021-cars-ahmedabad-13769471171/,2021 Tata Safari XZ PLUS,Tata,Safari,2021,SUV,Diesel,Manual,1258710,INR,28732,Cars24,21-09-2026,Ahmedabad
https://www.cars24.com/buy-used-tata-safari-2021-cars-mumbai-10350394189/,2021 Tata Safari XZ PLUS,Tata,Safari,2021,SUV,Diesel,Manual,1079377,INR,57577,Cars24,21-09-2026,Mumbai
https://www.cars24.com/buy-used-tata-safari-2021-cars-noida-10055492182/,2021 Tata Safari XZ PLUS,Tata,Safari,2021,SUV,Diesel,Manual,988197,INR,59576,Cars24,21-09-2026,Noida
https://www.cars24.com/buy-used-tata-safari-2021-cars-noida-10059777178/,2021 Tata Safari XT,Tata,Safari,2021,SUV,Diesel,Manual,900197,INR,71921,Cars24,21-09-2026,Noida
https://www.cars24.com/buy-used-tata-safari-2022-cars-chandigarh-10954698123/,2022 Tata Safari XZA PLUS,Tata,Safari,2022,SUV,Diesel,Automatic,1306377,INR,84681,Cars24,21-09-2026,Chandigarh
https://www.cars24.com/buy-used-tata-safari-2024-cars-coimbatore-16978293142/,2024 Tata Safari ACCOMPLISHED PLUS DARK EDITION,Tata,Safari,2024,SUV,Diesel,Manual,1827100,INR,44296,Cars24,21-09-2026,Coimbatore
https://www.cars24.com/buy-used-tata-safari-storme-2014-cars-bhopal-14674373121/,2014 Tata Safari Storme 2.2 EX 4X2,Tata,Safari Storme,2014,SUV,Diesel,Manual,275000,INR,101487,Cars24,21-09-2026,Bhopal
https://www.cars24.com/buy-used-tata-tiago-2016-cars-ahmedabad-11491371184/,2016 Tata Tiago XZ PETROL,Tata,Tiago,2016,Hatchback,Petrol,Manual,319236,INR,45755,Cars24,21-09-2026,Ahmedabad
https://www.cars24.com/buy-used-tata-tiago-2016-cars-chandigarh-10610492140/,2016 Tata Tiago XZ PETROL,Tata,Tiago,2016,Hatchback,Petrol,Manual,278936,INR,50932,Cars24,21-09-2026,Chandigarh
https://www.cars24.com/buy-used-tata-tiago-2016-cars-coimbatore-13786978154/,2016 Tata Tiago XM PETROL,Tata,Tiago,2016,Hatchback,Petrol,Manual,250000,INR,187765,Cars24,21-09-2026,Coimbatore
https://www.cars24.com/buy-used-tata-tiago-2016-cars-indore-12894097168/,2016 Tata Tiago XE DIESEL,Tata,Tiago,2016,Hatchback,Diesel,Manual,325140,INR,59983,Cars24,21-09-2026,Indore
https://www.cars24.com/buy-used-tata-tiago-2016-cars-kochi-16121778177/,2016 Tata Tiago XZ PETROL,Tata,Tiago,2016,Hatchback,Petrol,Manual,285796,INR,42333,Cars24,21-09-2026,Kochi
https://www.cars24.com/buy-used-tata-tiago-2016-cars-noida-13820898151/,2016 Tata Tiago XT PETROL,Tata,Tiago,2016,Hatchback,Petrol,Manual,250140,INR,58843,Cars24,21-09-2026,Noida
https://www.cars24.com/buy-used-tata-tiago-2016-cars-pune-10653976128/,2016 Tata Tiago XZ PETROL,Tata,Tiago,2016,Hatchback,Petrol,Manual,357962,INR,64231,Cars24,21-09-2026,Pune
https://www.cars24.com/buy-used-tata-tiago-2016-cars-vadodara-13606896128/,2016 Tata Tiago XT PETROL,Tata,Tiago,2016,Hatchback,Petrol,Manual,268436,INR,85737,Cars24,21-09-2026,Vadodara
https://www.cars24.com/buy-used-tata-tiago-2016-cars-vadodara-13622870177/,2016 Tata Tiago XZ PETROL,Tata,Tiago,2016,Hatchback,Petrol,Manual,272640,INR,71498,Cars24,21-09-2026,Vadodara
https://www.cars24.com/buy-used-tata-tiago-2017-cars-chandigarh-11675196126/,2017 Tata Tiago XT DIESEL,Tata,Tiago,2017,Hatchback,Diesel,Manual,299140,INR,53395,Cars24,21-09-2026,Chandigarh
https://www.cars24.com/buy-used-tata-tiago-2017-cars-coimbatore-16968263749/,2017 Tata Tiago XE DIESEL,Tata,Tiago,2017,Hatchback,Diesel,Manual,382320,INR,47593,Cars24,21-09-2026,Coimbatore
https://www.cars24.com/buy-used-tata-tiago-2017-cars-gurgaon-10175671110/,2017 Tata Tiago XT PETROL,Tata,Tiago,2017,Hatchback,Petrol,Manual,266936,INR,54102,Cars24,21-09-2026,Gurgaon
https://www.cars24.com/buy-used-tata-tiago-2017-cars-indore-12876395140/,2017 Tata Tiago XZ PETROL,Tata,Tiago,2017,Hatchback,Petrol,Manual,345140,INR,114221,Cars24,21-09-2026,Indore
https://www.cars24.com/buy-used-tata-tiago-2017-cars-lucknow-13901399112/,2017 Tata Tiago XM PETROL,Tata,Tiago,2017,Hatchback,Petrol,Manual,248936,INR,82796,Cars24,21-09-2026,Lucknow
https://www.cars24.com/buy-used-tata-tiago-2017-cars-noida-10117594161/,2017 Tata Tiago XZA PETROL,Tata,Tiago,2017,Hatchback,Petrol,Automatic,293270,INR,76582,Cars24,21-09-2026,Noida
https://www.cars24.com/buy-used-tata-tiago-2017-cars-vadodara-13616678172/,2017 Tata Tiago XM PETROL,Tata,Tiago,2017,Hatchback,Petrol,Manual,281436,INR,70413,Cars24,21-09-2026,Vadodara
https://www.cars24.com/buy-used-tata-tiago-2017-cars-vadodara-13676772181/,2017 Tata Tiago XE PETROL,Tata,Tiago,2017,Hatchback,Petrol,Manual,328436,INR,45305,Cars24,21-09-2026,Vadodara
https://www.cars24.com/buy-used-tata-tiago-2018-cars-ahmedabad-11471971138/,2018 Tata Tiago XZA PETROL,Tata,Tiago,2018,Hatchback,Petrol,Automatic,364750,INR,44184,Cars24,21-09-2026,Ahmedabad
https://www.cars24.com/buy-used-tata-tiago-2018-cars-bhopal-14607776180/,2018 Tata Tiago XZA PETROL,Tata,Tiago,2018,Hatchback,Petrol,Automatic,365000,INR,79028,Cars24,21-09-2026,Bhopal
https://www.cars24.com/buy-used-tata-tiago-2018-cars-chandigarh-12956300751/,2018 Tata Tiago XM DIESEL,Tata,Tiago,2018,Hatchback,Diesel,Manual,266936,INR,120004,Cars24,21-09-2026,Chandigarh
https://www.cars24.com/buy-used-tata-tiago-2018-cars-gurgaon-14712479179/,2018 Tata Tiago XE PETROL,Tata,Tiago,2018,Hatchback,Petrol,Manual,260140,INR,87107,Cars24,21-09-2026,Gurgaon
https://www.cars24.com/buy-used-tata-tiago-2018-cars-gurgaon-18578294181/,2018 Tata Tiago XZ PETROL,Tata,Tiago,2018,Hatchback,Petrol,Manual,345936,INR,47176,Cars24,21-09-2026,Gurgaon
https://www.cars24.com/buy-used-tata-tiago-2018-cars-indore-12843973172/,2018 Tata Tiago XZ PETROL,Tata,Tiago,2018,Hatchback,Petrol,Manual,303140,INR,87505,Cars24,21-09-2026,Indore
https://www.cars24.com/buy-used-tata-tiago-2018-cars-kochi-22421895141/,2018 Tata Tiago XT PETROL,Tata,Tiago,2018,Hatchback,Petrol,Manual,323749,INR,55048,Cars24,21-09-2026,Kochi
https://www.cars24.com/buy-used-tata-tiago-2018-cars-lucknow-13268279187/,2018 Tata Tiago XZ PETROL,Tata,Tiago,2018,Hatchback,Petrol,Manual,360796,INR,70633,Cars24,21-09-2026,Lucknow
https://www.cars24.com/buy-used-tata-tiago-2018-cars-lucknow-16008199109/,2018 Tata Tiago XM PETROL,Tata,Tiago,2018,Hatchback,Petrol,Manual,282936,INR,62797,Cars24,21-09-2026,Lucknow
https://www.cars24.com/buy-used-tata-tiago-2018-cars-mumbai-12347591158/,2018 Tata Tiago XM PETROL,Tata,Tiago,2018,Hatchback,Petrol,Manual,331936,INR,68092,Cars24,21-09-2026,Mumbai
https://www.cars24.com/buy-used-tata-tiago-2018-cars-pune-12547397180/,2018 Tata Tiago XT DIESEL,Tata,Tiago,2018,Hatchback,Diesel,Manual,345820,INR,109676,Cars24,21-09-2026,Pune
https://www.cars24.com/buy-used-tata-tiago-2018-cars-surat-13554596138/,2018 Tata Tiago XZ PETROL,Tata,Tiago,2018,Hatchback,CNG,Manual,306513,INR,126186,Cars24,21-09-2026,Surat
https://www.cars24.com/buy-used-tata-tiago-2019-cars-ahmedabad-11428173152/,2019 Tata Tiago XZ PLUS PETROL,Tata,Tiago,2019,Hatchback,Petrol,Manual,351936,INR,67421,Cars24,21-09-2026,Ahmedabad
https://www.cars24.com/buy-used-tata-tiago-2019-cars-chandigarh-10925899125/,2019 Tata Tiago XZ PETROL,Tata,Tiago,2019,Hatchback,Petrol,Manual,363936,INR,37040,Cars24,21-09-2026,Chandigarh
https://www.cars24.com/buy-used-tata-tiago-2019-cars-coimbatore-13765590125/,2019 Tata Tiago XE PETROL,Tata,Tiago,2019,Hatchback,Petrol,Manual,381320,INR,59784,Cars24,21-09-2026,Coimbatore
https://www.cars24.com/buy-used-tata-tiago-2019-cars-gurgaon-13364479191/,2019 Tata Tiago XZ PETROL,Tata,Tiago,2019,Hatchback,Petrol,Manual,287140,INR,96977,Cars24,21-09-2026,Gurgaon
https://www.cars24.com/buy-used-tata-tiago-2019-cars-jaipur-10700776154/,2019 Tata Tiago XZ PLUS PETROL,Tata,Tiago,2019,Hatchback,Petrol,Manual,343936,INR,112118,Cars24,21-09-2026,Jaipur
https://www.cars24.com/buy-used-tata-tiago-2019-cars-karnal-12739297188/,2019 Tata Tiago XT PETROL,Tata,Tiago,2019,Hatchback,Petrol,Manual,289060,INR,72436,Cars24,21-09-2026,Karnal
https://www.cars24.com/buy-used-tata-tiago-2019-cars-kochi-17808290135/,2019 Tata Tiago XZ PETROL,Tata,Tiago,2019,Hatchback,Petrol,Manual,308936,INR,134747,Cars24,21-09-2026,Kochi
https://www.cars24.com/buy-used-tata-tiago-2019-cars-kochi-39015779117/,2019 Tata Tiago XZA PETROL,Tata,Tiago,2019,Hatchback,Petrol,Automatic,382320,INR,85338,Cars24,21-09-2026,Kochi
https://www.cars24.com/buy-used-tata-tiago-2019-cars-lucknow-13209472126/,2019 Tata Tiago XE PETROL,Tata,Tiago,2019,Hatchback,Petrol,Manual,294189,INR,37907,Cars24,21-09-2026,Lucknow
https://www.cars24.com/buy-used-tata-tiago-2019-cars-noida-10082192131/,2019 Tata Tiago XZ PLUS PETROL,Tata,Tiago,2019,Hatchback,Petrol,Manual,278936,INR,75893,Cars24,21-09-2026,Noida
https://www.cars24.com/buy-used-tata-tiago-2019-cars-vadodara-13571897141/,2019 Tata Tiago XT PETROL,Tata,Tiago,2019,Hatchback,CNG,Manual,328502,INR,121494,Cars24,21-09-2026,Vadodara
https://www.cars24.com/buy-used-tata-tiago-2019-cars-vadodara-13660193119/,2019 Tata Tiago XZ PLUS PETROL,Tata,Tiago,2019,Hatchback,CNG,Manual,319771,INR,102426,Cars24,21-09-2026,Vadodara
https://www.cars24.com/buy-used-tata-tiago-2020-cars-coimbatore-11331362768/,2020 Tata Tiago XZA PLUS PETROL,Tata,Tiago,2020,Hatchback,Petrol,Automatic,494940,INR,77751,Cars24,21-09-2026,Coimbatore
https://www.cars24.com/buy-used-tata-tiago-2020-cars-indore-12895073189/,2020 Tata Tiago XE PETROL,Tata,Tiago,2020,Hatchback,Petrol,Manual,379116,INR,57301,Cars24,21-09-2026,Indore
https://www.cars24.com/buy-used-tata-tiago-2020-cars-kochi-13021395117/,2020 Tata Tiago XZA PLUS PETROL,Tata,Tiago,2020,Hatchback,Petrol,Automatic,479760,INR,64618,Cars24,21-09-2026,Kochi
https://www.cars24.com/buy-used-tata-tiago-2020-cars-kochi-13031893128/,2020 Tata Tiago XZ PLUS PETROL,Tata,Tiago,2020,Hatchback,Petrol,Manual,342140,INR,109126,Cars24,21-09-2026,Kochi
https://www.cars24.com/buy-used-tata-tiago-2020-cars-kochi-13054972112/,2020 Tata Tiago XZ PLUS PETROL,Tata,Tiago,2020,Hatchback,Petrol,Manual,463376,INR,30459,Cars24,21-09-2026,Kochi
https://www.cars24.com/buy-used-tata-tiago-2020-cars-kochi-22499777177/,2020 Tata Tiago XZ PLUS PETROL,Tata,Tiago,2020,Hatchback,Petrol,Manual,402296,INR,36473,Cars24,21-09-2026,Kochi
https://www.cars24.com/buy-used-tata-tiago-2020-cars-mumbai-10349279156/,2020 Tata Tiago XT PETROL,Tata,Tiago,2020,Hatchback,Petrol,Manual,355936,INR,67189,Cars24,21-09-2026,Mumbai
https://www.cars24.com/buy-used-tata-tiago-2020-cars-pune-10640093186/,2020 Tata Tiago XZ PLUS PETROL,Tata,Tiago,2020,Hatchback,Petrol,Manual,429680,INR,59722,Cars24,21-09-2026,Pune
https://www.cars24.com/buy-used-tata-tiago-2020-cars-pune-10667272130/,2020 Tata Tiago XT PETROL,Tata,Tiago,2020,Hatchback,Petrol,Manual,405296,INR,40595,Cars24,21-09-2026,Pune
https://www.cars24.com/buy-used-tata-tiago-2020-cars-surat-13511796100/,2020 Tata Tiago XZA PLUS PETROL,Tata,Tiago,2020,Hatchback,Petrol,Automatic,369015,INR,79658,Cars24,21-09-2026,Surat
https://www.cars24.com/buy-used-tata-tiago-2021-cars-bangalore-26513471112/,2021 Tata Tiago XT PETROL,Tata,Tiago,2021,Hatchback,Petrol,Manual,451580,INR,54806,Cars24,21-09-2026,Bangalore
https://www.cars24.com/buy-used-tata-tiago-2021-cars-bhopal-15391770110/,2021 Tata Tiago XZ PLUS PETROL,Tata,Tiago,2021,Hatchback,Petrol,Manual,449580,INR,26925,Cars24,21-09-2026,Bhopal
https://www.cars24.com/buy-used-tata-tiago-2021-cars-chennai-11344079187/,2021 Tata Tiago XE PETROL,Tata,Tiago,2021,Hatchback,Petrol,Manual,432680,INR,124625,Cars24,21-09-2026,Chennai
https://www.cars24.com/buy-used-tata-tiago-2021-cars-faridabad-11073078189/,2021 Tata Tiago XT (O) PETROL,Tata,Tiago,2021,Hatchback,Petrol,Manual,368850,INR,54043,Cars24,21-09-2026,Faridabad
https://www.cars24.com/buy-used-tata-tiago-2021-cars-faridabad-29820473130/,2021 Tata Tiago XT PETROL,Tata,Tiago,2021,Hatchback,Petrol,Manual,362095,INR,49567,Cars24,21-09-2026,Faridabad
https://www.cars24.com/buy-used-tata-tiago-2021-cars-gurgaon-11561597110/,2021 Tata Tiago XZA PLUS PETROL,Tata,Tiago,2021,Hatchback,Petrol,Automatic,425476,INR,46320,Cars24,21-09-2026,Gurgaon
https://www.cars24.com/buy-used-tata-tiago-2021-cars-kochi-16129974151/,2021 Tata Tiago XZA PETROL,Tata,Tiago,2021,Hatchback,Petrol,Automatic,495295,INR,72704,Cars24,21-09-2026,Kochi
https://www.cars24.com/buy-used-tata-tiago-2022-cars-gurgaon-11021875185/,2022 Tata Tiago XT CNG,Tata,Tiago,2022,Hatchback,CNG,Manual,396401,INR,48136,Cars24,21-09-2026,Gurgaon
https://www.cars24.com/buy-used-tata-tiago-2022-cars-kolkata-10059696115/,2022 Tata Tiago XZ PLUS PETROL,Tata,Tiago,2022,Hatchback,Petrol,Manual,486556,INR,58418,Cars24,21-09-2026,Kolkata
https://www.cars24.com/buy-used-tata-tiago-2022-cars-surat-13519190147/,2022 Tata Tiago XZ PLUS CNG,Tata,Tiago,2022,Hatchback,CNG,Manual,550284,INR,30672,Cars24,21-09-2026,Surat
https://www.cars24.com/buy-used-tata-tiago-2022-cars-surat-13578176156/,2022 Tata Tiago XT CNG,Tata,Tiago,2022,Hatchback,CNG,Manual,455882,INR,86775,Cars24,21-09-2026,Surat
https://www.cars24.com/buy-used-tata-tiago-2023-cars-ahmedabad-20686072188/,2023 Tata Tiago XT PETROL,Tata,Tiago,2023,Hatchback,Petrol,Manual,380515,INR,48218,Cars24,21-09-2026,Ahmedabad
https://www.cars24.com/buy-used-tata-tiago-2023-cars-chandigarh-16693078159/,2023 Tata Tiago XZ PLUS PETROL,Tata,Tiago,2023,Hatchback,Petrol,Manual,477556,INR,46480,Cars24,21-09-2026,Chandigarh
https://www.cars24.com/buy-used-tata-tiago-2023-cars-chennai-11302875189/,2023 Tata Tiago XE PETROL,Tata,Tiago,2023,Hatchback,Petrol,Manual,463580,INR,26731,Cars24,21-09-2026,Chennai
https://www.cars24.com/buy-used-tata-tiago-2023-cars-mohali-10979471149/,2023 Tata Tiago XT (O) PETROL,Tata,Tiago,2023,Hatchback,Petrol,Manual,471000,INR,53420,Cars24,21-09-2026,Mohali
https://www.cars24.com/buy-used-tata-tiago-2023-cars-noida-10147579179/,2023 Tata Tiago XTA PETROL,Tata,Tiago,2023,Hatchback,Petrol,Automatic,451580,INR,19334,Cars24,21-09-2026,Noida
https://www.cars24.com/buy-used-tata-tiago-2023-cars-patna-14422579158/,2023 Tata Tiago XT CNG,Tata,Tiago,2023,Hatchback,CNG,Manual,484616,INR,67545,Cars24,21-09-2026,Patna
https://www.cars24.com/buy-used-tata-tiago-2023-cars-surat-13591975133/,2023 Tata Tiago XM CNG,Tata,Tiago,2023,Hatchback,CNG,Manual,444648,INR,74705,Cars24,21-09-2026,Surat
https://www.cars24.com/buy-used-tata-tiago-2024-cars-kochi-16150179131/,2024 Tata Tiago XE CNG,Tata,Tiago,2024,Hatchback,CNG,Manual,592414,INR,44630,Cars24,21-09-2026,Kochi
https://www.cars24.com/buy-used-tata-tiago-2024-cars-noida-10554274188/,2024 Tata Tiago XM CNG,Tata,Tiago,2024,Hatchback,CNG,Manual,511796,INR,31510,Cars24,21-09-2026,Noida
https://www.cars24.com/buy-used-tata-tiago-2025-cars-surat-13570378129/,2025 Tata Tiago XZA iCNG,Tata,Tiago,2025,Hatchback,CNG,Automatic,693000,INR,18325,Cars24,21-09-2026,Surat
https://www.cars24.com/buy-used-tata-tiago-2026-cars-chennai-11305095103/,2026 Tata Tiago XZ PLUS PETROL,Tata,Tiago,2026,Hatchback,Petrol,Manual,686140,INR,6270,Cars24,21-09-2026,Chennai
https://www.cars24.com/buy-used-tata-tiago-nrg-2019-cars-bhopal-14640863759/,2019 Tata TIAGO NRG PETROL,Tata,TIAGO NRG,2019,Hatchback,Petrol,Manual,330000,INR,45302,Cars24,21-09-2026,Bhopal
https://www.cars24.com/buy-used-tata-tigor-2017-cars-coimbatore-13705976189/,2017 Tata TIGOR XZ PETROL,Tata,TIGOR,2017,Sedan,Petrol,Manual,351000,INR,75593,Cars24,21-09-2026,Coimbatore
https://www.cars24.com/buy-used-tata-tigor-2017-cars-surat-13519395150/,2017 Tata TIGOR XZ PETROL,Tata,TIGOR,2017,Sedan,Petrol,Manual,287436,INR,76629,Cars24,21-09-2026,Surat
https://www.cars24.com/buy-used-tata-tigor-2017-cars-vadodara-11410363744/,2017 Tata TIGOR XE PETROL,Tata,TIGOR,2017,Sedan,Petrol,Manual,243436,INR,64760,Cars24,21-09-2026,Vadodara
https://www.cars24.com/buy-used-tata-tigor-2018-cars-ahmedabad-11426797110/,2018 Tata TIGOR XT PETROL,Tata,TIGOR,2018,Sedan,Petrol,Manual,262034,INR,108059,Cars24,21-09-2026,Ahmedabad
https://www.cars24.com/buy-used-tata-tigor-2018-cars-vadodara-10085764766/,2018 Tata TIGOR XZ PETROL,Tata,TIGOR,2018,Sedan,CNG,Manual,288718,INR,94736,Cars24,21-09-2026,Vadodara
https://www.cars24.com/buy-used-tata-tigor-2018-cars-vadodara-13679972185/,2018 Tata TIGOR XZA PETROL,Tata,TIGOR,2018,Sedan,CNG,Automatic,414196,INR,47059,Cars24,21-09-2026,Vadodara
https://www.cars24.com/buy-used-tata-tigor-2019-cars-vadodara-13618290156/,2019 Tata TIGOR XZ PLUS PETROL,Tata,TIGOR,2019,Sedan,Petrol,Manual,351640,INR,105756,Cars24,21-09-2026,Vadodara
https://www.cars24.com/buy-used-tata-tigor-2022-cars-ghaziabad-13450494168/,2022 Tata TIGOR XZ PLUS PETROL,Tata,TIGOR,2022,Sedan,Petrol,Manual,666975,INR,19959,Cars24,21-09-2026,Ghaziabad
https://www.cars24.com/buy-used-tata-tigor-2023-cars-jaipur-10740671152/,2023 Tata TIGOR XZ PLUS PETROL,Tata,TIGOR,2023,Sedan,Petrol,Manual,574660,INR,29444,Cars24,21-09-2026,Jaipur
https://www.cars24.com/buy-used-tata-tigor-2024-cars-patna-34822899142/,2024 Tata TIGOR XZA Plus iCNG ,Tata,TIGOR,2024,Sedan,CNG,Automatic,708140,INR,57115,Cars24,21-09-2026,Patna
https://www.cars24.com/buy-used-tata-tigor-2025-cars-noida-10130879174/,2025 Tata TIGOR XM PETROL,Tata,TIGOR,2025,Sedan,Petrol,Manual,410240,INR,49601,Cars24,21-09-2026,Noida
https://www.cars24.com/buy-used-tata-tigor-2026-cars-vadodara-11466376183/,2026 Tata TIGOR XZA Plus iCNG ,Tata,TIGOR,2026,Sedan,CNG,Automatic,775805,INR,13725,Cars24,21-09-2026,Vadodara
https://www.cars24.com/buy-used-tata-zest-2015-cars-kochi-13014299123/,2015 Tata Zest XE PETROL,Tata,Zest,2015,Sedan,Petrol,Manual,187140,INR,77831,Cars24,21-09-2026,Kochi
https://www.cars24.com/buy-used-tata-zest-2015-cars-kochi-17894695100/,2015 Tata Zest XT PETROL,Tata,Zest,2015,Sedan,Petrol,Manual,239936,INR,52659,Cars24,21-09-2026,Kochi
https://www.cars24.com/buy-used-tata-zest-2015-cars-vadodara-13667561741/,2015 Tata Zest XT PETROL,Tata,Zest,2015,Sedan,Petrol,Manual,244436,INR,143485,Cars24,21-09-2026,Vadodara
https://www.cars24.com/buy-used-tata-zest-2016-cars-pune-10665671186/,2016 Tata Zest XMS PETROL,Tata,Zest,2016,Sedan,Petrol,Manual,312936,INR,58475,Cars24,21-09-2026,Pune
https://www.cars24.com/buy-used-toyota-camry-2021-cars-mumbai-10035997146/,2021 Toyota Camry HYBRID,Toyota,Camry,2021,Sedan,Hybrid,Automatic,2194785,INR,64226,Cars24,21-09-2026,Mumbai
https://www.cars24.com/buy-used-toyota-camry-2022-cars-mumbai-10045597143/,2022 Toyota Camry HYBRID,Toyota,Camry,2022,Sedan,Hybrid,Automatic,2571785,INR,56920,Cars24,21-09-2026,Mumbai
https://www.cars24.com/buy-used-toyota-corolla-altis-2014-cars-noida-10021894118/,2014 Toyota Corolla Altis J PETROL,Toyota,Corolla Altis,2014,Sedan,Petrol,Manual,285140,INR,104585,Cars24,21-09-2026,Noida
https://www.cars24.com/buy-used-toyota-corolla-altis-2019-cars-noida-10017170189/,2019 Toyota Corolla Altis G CVT PETROL,Toyota,Corolla Altis,2019,Sedan,Petrol,Automatic,610117,INR,89983,Cars24,21-09-2026,Noida
https://www.cars24.com/buy-used-toyota-etios-2013-cars-kochi-13076866749/,2013 Toyota Etios G,Toyota,Etios,2013,Sedan,Petrol,Manual,320936,INR,48944,Cars24,21-09-2026,Kochi
https://www.cars24.com/buy-used-toyota-etios-2014-cars-indore-12882093117/,2014 Toyota Etios VX,Toyota,Etios,2014,Sedan,Petrol,Manual,253936,INR,142143,Cars24,21-09-2026,Indore
https://www.cars24.com/buy-used-toyota-etios-liva-2013-cars-indore-31117493124/,2013 Toyota Etios Liva G EXCLUSIVE,Toyota,Etios Liva,2013,Hatchback,Petrol,Manual,256140,INR,65355,Cars24,21-09-2026,Indore
https://www.cars24.com/buy-used-toyota-etios-liva-2013-cars-kochi-16746278155/,2013 Toyota Etios Liva G,Toyota,Etios Liva,2013,Hatchback,Petrol,Manual,402296,INR,35908,Cars24,21-09-2026,Kochi
https://www.cars24.com/buy-used-toyota-etios-liva-2013-cars-surat-32767270114/,2013 Toyota Etios Liva G,Toyota,Etios Liva,2013,Hatchback,Petrol,Manual,257436,INR,52484,Cars24,21-09-2026,Surat
https://www.cars24.com/buy-used-toyota-etios-liva-2017-cars-chennai-11373575187/,2017 Toyota Etios Liva VX,Toyota,Etios Liva,2017,Hatchback,Petrol,Manual,491940,INR,80665,Cars24,21-09-2026,Chennai
https://www.cars24.com/buy-used-toyota-fortuner-2017-cars-ahmedabad-11492591140/,2017 Toyota Fortuner 2.8 4X2 MT,Toyota,Fortuner,2017,SUV,Diesel,Manual,1877877,INR,98868,Cars24,21-09-2026,Ahmedabad
https://www.cars24.com/buy-used-toyota-fortuner-2022-cars-mumbai-10320874136/,2022 Toyota Fortuner 4X4 MT 2.8 DIESEL,Toyota,Fortuner,2022,SUV,Diesel,Manual,3384100,INR,76142,Cars24,21-09-2026,Mumbai
https://www.cars24.com/buy-used-toyota-fortuner-2024-cars-chandigarh-11650990138/,2024 Toyota Fortuner 4X2 MT 2.8 DIESEL,Toyota,Fortuner,2024,SUV,Diesel,Manual,3124500,INR,60847,Cars24,21-09-2026,Chandigarh
https://www.cars24.com/buy-used-toyota-glanza-2019-cars-ahmedabad-20498279118/,2019 Toyota Glanza V,Toyota,Glanza,2019,Hatchback,Petrol,Manual,480648,INR,97926,Cars24,21-09-2026,Ahmedabad
https://www.cars24.com/buy-used-toyota-glanza-2019-cars-noida-10509270116/,2019 Toyota Glanza V,Toyota,Glanza,2019,Hatchback,Petrol,Manual,452376,INR,96479,Cars24,21-09-2026,Noida
https://www.cars24.com/buy-used-toyota-glanza-2021-cars-bangalore-10229378119/,2021 Toyota Glanza G CVT,Toyota,Glanza,2021,Hatchback,Petrol,Automatic,546096,INR,136451,Cars24,21-09-2026,Bangalore
https://www.cars24.com/buy-used-toyota-glanza-2021-cars-chennai-11369873134/,2021 Toyota Glanza G,Toyota,Glanza,2021,Hatchback,Petrol,Manual,621636,INR,53276,Cars24,21-09-2026,Chennai
https://www.cars24.com/buy-used-toyota-glanza-2021-cars-pune-12570098165/,2021 Toyota Glanza G,Toyota,Glanza,2021,Hatchback,CNG,Manual,620840,INR,106745,Cars24,21-09-2026,Pune
https://www.cars24.com/buy-used-toyota-glanza-2022-cars-bangalore-10256770114/,2022 Toyota Glanza V,Toyota,Glanza,2022,Hatchback,Petrol,Manual,718617,INR,69026,Cars24,21-09-2026,Bangalore
https://www.cars24.com/buy-used-toyota-glanza-2022-cars-kolkata-11988376111/,2022 Toyota Glanza V,Toyota,Glanza,2022,Hatchback,Petrol,Manual,570480,INR,111054,Cars24,21-09-2026,Kolkata
https://www.cars24.com/buy-used-toyota-glanza-2022-cars-noida-10066299177/,2022 Toyota Glanza V AMT,Toyota,Glanza,2022,Hatchback,Petrol,Automatic,602036,INR,41031,Cars24,21-09-2026,Noida
https://www.cars24.com/buy-used-toyota-glanza-2023-cars-ahmedabad-11430572139/,2023 Toyota Glanza E,Toyota,Glanza,2023,Hatchback,Petrol,Manual,651440,INR,52766,Cars24,21-09-2026,Ahmedabad
https://www.cars24.com/buy-used-toyota-glanza-2023-cars-bangalore-10275277186/,2023 Toyota Glanza V AMT,Toyota,Glanza,2023,Hatchback,Petrol,Automatic,719840,INR,50066,Cars24,21-09-2026,Bangalore
https://www.cars24.com/buy-used-toyota-glanza-2024-cars-chandigarh-12916996180/,2024 Toyota Glanza V AMT,Toyota,Glanza,2024,Hatchback,Petrol,Automatic,828840,INR,26501,Cars24,21-09-2026,Chandigarh
https://www.cars24.com/buy-used-toyota-glanza-2024-cars-indore-12896672189/,2024 Toyota Glanza G,Toyota,Glanza,2024,Hatchback,CNG,Manual,792840,INR,26717,Cars24,21-09-2026,Indore
https://www.cars24.com/buy-used-toyota-innova-crysta-2017-cars-chandigarh-11632197163/,2017 Toyota Innova Crysta 2.8 GX AT 7 STR,Toyota,Innova Crysta,2017,SUV,Diesel,Automatic,1201377,INR,120285,Cars24,21-09-2026,Chandigarh
https://www.cars24.com/buy-used-toyota-innova-crysta-2020-cars-lucknow-13251695146/,2020 Toyota Innova Crysta 2.8 ZX AT 7 STR,Toyota,Innova Crysta,2020,SUV,Diesel,Automatic,1584100,INR,104761,Cars24,21-09-2026,Lucknow
https://www.cars24.com/buy-used-toyota-innova-crysta-2021-cars-bangalore-11127377186/,2021 Toyota Innova Crysta 2.7 ZX AT 7 STR,Toyota,Innova Crysta,2021,SUV,Petrol,Automatic,1755277,INR,69416,Cars24,21-09-2026,Bangalore
https://www.cars24.com/buy-used-toyota-innova-crysta-2022-cars-bangalore-26599266785/,2022 Toyota Innova Crysta 2.7 GX AT 7 STR,Toyota,Innova Crysta,2022,SUV,Petrol,Automatic,1793154,INR,26549,Cars24,21-09-2026,Bangalore
https://www.cars24.com/buy-used-toyota-innova-crysta-2022-cars-vadodara-10047279175/,2022 Toyota Innova Crysta 2.7 VX 7 STR,Toyota,Innova Crysta,2022,SUV,Petrol,Manual,1431918,INR,33799,Cars24,21-09-2026,Vadodara
https://www.cars24.com/buy-used-toyota-innova-crysta-2023-cars-ahmedabad-11447378136/,2023 Toyota Innova Crysta 2.4 GX 7STR,Toyota,Innova Crysta,2023,SUV,Diesel,Manual,1779050,INR,18032,Cars24,21-09-2026,Ahmedabad
https://www.cars24.com/buy-used-toyota-rumion-2024-cars-bhopal-14674279183/,2024 Toyota RUMION G AT,Toyota,RUMION,2024,SUV,Petrol,Automatic,1126500,INR,28440,Cars24,21-09-2026,Bhopal
https://www.cars24.com/buy-used-toyota-rumion-2024-cars-indore-12805490165/,2024 Toyota RUMION  S AT,Toyota,RUMION,2024,SUV,Petrol,Automatic,994920,INR,13148,Cars24,21-09-2026,Indore
https://www.cars24.com/buy-used-toyota-urban-cruiser-2021-cars-chennai-11379177136/,2021 Toyota URBAN CRUISER HIGH GRADE MT,Toyota,URBAN CRUISER,2021,SUV,Petrol,Manual,736636,INR,43699,Cars24,21-09-2026,Chennai
https://www.cars24.com/buy-used-toyota-urban-cruiser-2021-cars-mumbai-10303579157/,2021 Toyota URBAN CRUISER PREMIUM GRADE AT,Toyota,URBAN CRUISER,2021,SUV,Petrol,Automatic,658636,INR,72459,Cars24,21-09-2026,Mumbai
https://www.cars24.com/buy-used-toyota-urban-cruiser-2022-cars-coimbatore-16990178135/,2022 Toyota URBAN CRUISER PREMIUM GRADE AT,Toyota,URBAN CRUISER,2022,SUV,Petrol,Automatic,902080,INR,42545,Cars24,21-09-2026,Coimbatore
https://www.cars24.com/buy-used-toyota-urban-cruiser-2022-cars-patna-14489879181/,2022 Toyota URBAN CRUISER PREMIUM GRADE MT,Toyota,URBAN CRUISER,2022,SUV,Petrol,Manual,739636,INR,48426,Cars24,21-09-2026,Patna
https://www.cars24.com/buy-used-toyota-urban-cruiser-2022-cars-pune-10636876136/,2022 Toyota URBAN CRUISER PREMIUM GRADE MT,Toyota,URBAN CRUISER,2022,SUV,Petrol,Manual,617260,INR,55162,Cars24,21-09-2026,Pune
https://www.cars24.com/buy-used-toyota-urban-cruiser-2022-cars-pune-10644872114/,2022 Toyota URBAN CRUISER PREMIUM GRADE AT,Toyota,URBAN CRUISER,2022,SUV,Petrol,Automatic,713636,INR,102129,Cars24,21-09-2026,Pune
https://www.cars24.com/buy-used-toyota-urban-cruiser-hyryder-2023-cars-gurgaon-10054893184/,2023 Toyota URBAN CRUISER HYRYDER  G NEO DRIVE E-CNG ,Toyota,URBAN CRUISER HYRYDER,2023,SUV,CNG,Manual,943920,INR,75739,Cars24,21-09-2026,Gurgaon
https://www.cars24.com/buy-used-toyota-urban-cruiser-hyryder-2023-cars-lucknow-13253479155/,2023 Toyota URBAN CRUISER HYRYDER V HYBRID,Toyota,URBAN CRUISER HYRYDER,2023,SUV,Hybrid,Automatic,1371640,INR,48673,Cars24,21-09-2026,Lucknow
https://www.cars24.com/buy-used-toyota-urban-cruiser-hyryder-2023-cars-new-delhi-10060077138/,2023 Toyota URBAN CRUISER HYRYDER V NEO DRIVE,Toyota,URBAN CRUISER HYRYDER,2023,SUV,Petrol,Manual,1098180,INR,33148,Cars24,21-09-2026,New Delhi
https://www.cars24.com/buy-used-toyota-urban-cruiser-hyryder-2024-cars-chandigarh-12966994164/,2024 Toyota URBAN CRUISER HYRYDER G NEO DRIVE,Toyota,URBAN CRUISER HYRYDER,2024,SUV,Petrol,Manual,1191100,INR,25213,Cars24,21-09-2026,Chandigarh
https://www.cars24.com/buy-used-toyota-urban-cruiser-hyryder-2024-cars-ghaziabad-10096694128/,2024 Toyota URBAN CRUISER HYRYDER E NEO DRIVE,Toyota,URBAN CRUISER HYRYDER,2024,SUV,Petrol,Manual,891920,INR,33605,Cars24,21-09-2026,Ghaziabad
https://www.cars24.com/buy-used-toyota-urban-cruiser-hyryder-2024-cars-gurgaon-10178776132/,2024 Toyota URBAN CRUISER HYRYDER  G NEO DRIVE E-CNG ,Toyota,URBAN CRUISER HYRYDER,2024,SUV,CNG,Manual,1247100,INR,32228,Cars24,21-09-2026,Gurgaon
https://www.cars24.com/buy-used-toyota-urban-cruiser-hyryder-2024-cars-kolkata-28645896189/,2024 Toyota URBAN CRUISER HYRYDER S AT NEO DRIVE,Toyota,URBAN CRUISER HYRYDER,2024,SUV,Petrol,Automatic,989716,INR,40789,Cars24,21-09-2026,Kolkata
https://www.cars24.com/buy-used-toyota-urban-cruiser-hyryder-2024-cars-lucknow-13975691168/,2024 Toyota URBAN CRUISER HYRYDER V HYBRID,Toyota,URBAN CRUISER HYRYDER,2024,SUV,Hybrid,Automatic,1600500,INR,32487,Cars24,21-09-2026,Lucknow
https://www.cars24.com/buy-used-toyota-urban-cruiser-taisor-2024-cars-kolkata-11933777170/,2024 Toyota Urban Cruiser Taisor V 1.0 Petrol AT,Toyota,Urban Cruiser Taisor,2024,SUV,Petrol,Automatic,919320,INR,26999,Cars24,21-09-2026,Kolkata
https://www.cars24.com/buy-used-toyota-urban-cruiser-taisor-2025-cars-ahmedabad-21331474181/,2025 Toyota Urban Cruiser Taisor G 1.0 Petrol AT,Toyota,Urban Cruiser Taisor,2025,SUV,Petrol,Automatic,1039765,INR,23265,Cars24,21-09-2026,Ahmedabad
https://www.cars24.com/buy-used-toyota-yaris-2018-cars-bhopal-14695192138/,2018 Toyota YARIS V MT,Toyota,YARIS,2018,Sedan,Petrol,Manual,496736,INR,118073,Cars24,21-09-2026,Bhopal
https://www.cars24.com/buy-used-toyota-yaris-2018-cars-gurgaon-41315795150/,2018 Toyota YARIS G CVT,Toyota,YARIS,2018,Sedan,Petrol,Automatic,382452,INR,98910,Cars24,21-09-2026,Gurgaon
https://www.cars24.com/buy-used-toyota-yaris-2018-cars-hyderabad-10427399135/,2018 Toyota YARIS G CVT,Toyota,YARIS,2018,Sedan,Petrol,Automatic,523916,INR,74307,Cars24,21-09-2026,Hyderabad
https://www.cars24.com/buy-used-toyota-yaris-2018-cars-hyderabad-10439773181/,2018 Toyota YARIS J CVT,Toyota,YARIS,2018,Sedan,Petrol,Automatic,431476,INR,103069,Cars24,21-09-2026,Hyderabad
https://www.cars24.com/buy-used-toyota-yaris-2018-cars-patna-11699971159/,2018 Toyota YARIS G MT,Toyota,YARIS,2018,Sedan,Petrol,Manual,818840,INR,49677,Cars24,21-09-2026,Patna
https://www.cars24.com/buy-used-toyota-yaris-2020-cars-hyderabad-10471095169/,2020 Toyota YARIS G MT,Toyota,YARIS,2020,Sedan,Petrol,Manual,526916,INR,104531,Cars24,21-09-2026,Hyderabad
https://www.cars24.com/buy-used-toyota-yaris-2020-cars-mumbai-10379864705/,2020 Toyota YARIS J MT,Toyota,YARIS,2020,Sedan,Petrol,Manual,509736,INR,131726,Cars24,21-09-2026,Mumbai
https://www.cars24.com/buy-used-toyota-yaris-2021-cars-bhopal-31001379152/,2021 Toyota YARIS G MT,Toyota,YARIS,2021,Sedan,Petrol,Manual,691840,INR,38008,Cars24,21-09-2026,Bhopal
https://www.cars24.com/buy-used-toyota-yaris-2021-cars-chennai-11325078116/,2021 Toyota YARIS G CVT,Toyota,YARIS,2021,Sedan,Petrol,Automatic,830840,INR,82361,Cars24,21-09-2026,Chennai
https://www.cars24.com/buy-used-volkswagen-ameo-2016-cars-kochi-13028291127/,2016 Volkswagen Ameo COMFORTLINE 1.2L,Volkswagen,Ameo,2016,Sedan,Petrol,Manual,307140,INR,70467,Cars24,21-09-2026,Kochi
https://www.cars24.com/buy-used-volkswagen-ameo-2016-cars-kochi-14901574110/,2016 Volkswagen Ameo HIGHLINE1.2L,Volkswagen,Ameo,2016,Sedan,Petrol,Manual,296936,INR,120092,Cars24,21-09-2026,Kochi
https://www.cars24.com/buy-used-volkswagen-ameo-2017-cars-chennai-11316977151/,2017 Volkswagen Ameo HIGHLINE PLUS 1.5L 16 ALLOY,Volkswagen,Ameo,2017,Sedan,Diesel,Manual,461580,INR,92654,Cars24,21-09-2026,Chennai
https://www.cars24.com/buy-used-volkswagen-ameo-2017-cars-chennai-11384691174/,2017 Volkswagen Ameo COMFORTLINE 1.5 AT,Volkswagen,Ameo,2017,Sedan,Diesel,Automatic,439680,INR,70176,Cars24,21-09-2026,Chennai
https://www.cars24.com/buy-used-volkswagen-ameo-2017-cars-jaipur-10798874116/,2017 Volkswagen Ameo COMFORTLINE 1.2L,Volkswagen,Ameo,2017,Sedan,Petrol,Manual,337936,INR,77037,Cars24,21-09-2026,Jaipur
https://www.cars24.com/buy-used-volkswagen-ameo-2017-cars-kolkata-11952994102/,2017 Volkswagen Ameo TRENDLINE 1.2L,Volkswagen,Ameo,2017,Sedan,Petrol,Manual,236641,INR,111926,Cars24,21-09-2026,Kolkata
https://www.cars24.com/buy-used-volkswagen-ameo-2017-cars-lucknow-13263890143/,2017 Volkswagen Ameo COMFORTLINE 1.5L,Volkswagen,Ameo,2017,Sedan,Diesel,Manual,372320,INR,126806,Cars24,21-09-2026,Lucknow
https://www.cars24.com/buy-used-volkswagen-ameo-2018-cars-bhopal-14601770183/,2018 Volkswagen Ameo HIGHLINE1.2L,Volkswagen,Ameo,2018,Sedan,Petrol,Manual,408296,INR,37350,Cars24,21-09-2026,Bhopal
https://www.cars24.com/buy-used-volkswagen-ameo-2018-cars-kolkata-11909890143/,2018 Volkswagen Ameo COMFORTLINE 1.0L,Volkswagen,Ameo,2018,Sedan,Petrol,Manual,268614,INR,76093,Cars24,21-09-2026,Kolkata
https://www.cars24.com/buy-used-volkswagen-ameo-2018-cars-patna-14411592157/,2018 Volkswagen Ameo COMFORTLINE 1.0L,Volkswagen,Ameo,2018,Sedan,Petrol,Manual,343614,INR,85169,Cars24,21-09-2026,Patna
https://www.cars24.com/buy-used-volkswagen-ameo-2019-cars-kochi-16730696137/,2019 Volkswagen Ameo TRENDLINE 1.0L,Volkswagen,Ameo,2019,Sedan,CNG,Manual,366320,INR,86500,Cars24,21-09-2026,Kochi
https://www.cars24.com/buy-used-volkswagen-ameo-2019-cars-kolkata-11980576113/,2019 Volkswagen Ameo TRENDLINE 1.0L,Volkswagen,Ameo,2019,Sedan,Petrol,Manual,319140,INR,27609,Cars24,21-09-2026,Kolkata
https://www.cars24.com/buy-used-volkswagen-cross-polo-2014-cars-bhopal-14611773186/,2014 Volkswagen Cross Polo HIGHLINE TDI,Volkswagen,Cross Polo,2014,Hatchback,Diesel,Manual,185000,INR,69037,Cars24,21-09-2026,Bhopal
https://www.cars24.com/buy-used-volkswagen-jetta-2016-cars-gurgaon-16307499117/,2016 Volkswagen Jetta COMFORTLINE TSI,Volkswagen,Jetta,2016,Sedan,Petrol,Manual,355140,INR,109475,Cars24,21-09-2026,Gurgaon
https://www.cars24.com/buy-used-volkswagen-polo-2011-cars-bhopal-14642895166/,2011 Volkswagen Polo HIGHLINE1.2L,Volkswagen,Polo,2011,Hatchback,Petrol,Manual,150000,INR,99173,Cars24,21-09-2026,Bhopal
https://www.cars24.com/buy-used-volkswagen-polo-2011-cars-mohali-10988477133/,2011 Volkswagen Polo TRENDLINE 1.2L DIESEL,Volkswagen,Polo,2011,Hatchback,Diesel,Manual,87000,INR,129318,Cars24,21-09-2026,Mohali
https://www.cars24.com/buy-used-volkswagen-polo-2013-cars-bhopal-14693973119/,2013 Volkswagen Polo HIGHLINE1.2L,Volkswagen,Polo,2013,Hatchback,CNG,Manual,222000,INR,99817,Cars24,21-09-2026,Bhopal
https://www.cars24.com/buy-used-volkswagen-polo-2013-cars-mumbai-10323272152/,2013 Volkswagen Polo HIGHLINE1.2L,Volkswagen,Polo,2013,Hatchback,Petrol,Manual,273140,INR,82077,Cars24,21-09-2026,Mumbai
https://www.cars24.com/buy-used-volkswagen-polo-2013-cars-mumbai-10394793181/,2013 Volkswagen Polo COMFORTLINE 1.2L PETROL,Volkswagen,Polo,2013,Hatchback,Petrol,Manual,215140,INR,86991,Cars24,21-09-2026,Mumbai
https://www.cars24.com/buy-used-volkswagen-polo-2013-cars-vadodara-13626173111/,2013 Volkswagen Polo COMFORTLINE 1.2L,Volkswagen,Polo,2013,Hatchback,Diesel,Manual,220436,INR,92862,Cars24,21-09-2026,Vadodara
https://www.cars24.com/buy-used-volkswagen-polo-2014-cars-coimbatore-13763163707/,2014 Volkswagen Polo COMFORTLINE 1.2L,Volkswagen,Polo,2014,Hatchback,Diesel,Manual,306936,INR,104423,Cars24,21-09-2026,Coimbatore
https://www.cars24.com/buy-used-volkswagen-polo-2014-cars-hyderabad-10414974136/,2014 Volkswagen Polo HIGHLINE1.2L,Volkswagen,Polo,2014,Hatchback,Petrol,Manual,364936,INR,71784,Cars24,21-09-2026,Hyderabad
https://www.cars24.com/buy-used-volkswagen-polo-2014-cars-kochi-13053094167/,2014 Volkswagen Polo COMFORTLINE 1.2L PETROL,Volkswagen,Polo,2014,Hatchback,Petrol,Manual,332936,INR,126048,Cars24,21-09-2026,Kochi
https://www.cars24.com/buy-used-volkswagen-polo-2014-cars-mumbai-10313270177/,2014 Volkswagen Polo COMFORTLINE 1.2L PETROL,Volkswagen,Polo,2014,Hatchback,Petrol,Manual,227936,INR,44405,Cars24,21-09-2026,Mumbai
https://www.cars24.com/buy-used-volkswagen-polo-2015-cars-ahmedabad-11470874131/,2015 Volkswagen Polo COMFORTLINE 1.5L,Volkswagen,Polo,2015,Hatchback,Diesel,Manual,349436,INR,75488,Cars24,21-09-2026,Ahmedabad
https://www.cars24.com/buy-used-volkswagen-polo-2015-cars-hyderabad-10459570182/,2015 Volkswagen Polo HIGHLINE1.2L,Volkswagen,Polo,2015,Hatchback,Petrol,Manual,391116,INR,77156,Cars24,21-09-2026,Hyderabad
https://www.cars24.com/buy-used-volkswagen-polo-2015-cars-mumbai-10314598124/,2015 Volkswagen Polo COMFORTLINE 1.2L,Volkswagen,Polo,2015,Hatchback,Petrol,Manual,241936,INR,136870,Cars24,21-09-2026,Mumbai
https://www.cars24.com/buy-used-volkswagen-polo-2015-cars-noida-10003571159/,2015 Volkswagen Polo HIGHLINE1.2L,Volkswagen,Polo,2015,Hatchback,Petrol,Manual,292140,INR,82648,Cars24,21-09-2026,Noida
https://www.cars24.com/buy-used-volkswagen-polo-2015-cars-pune-12380597152/,2015 Volkswagen Polo COMFORTLINE 1.2L,Volkswagen,Polo,2015,Hatchback,Petrol,Manual,286140,INR,104453,Cars24,21-09-2026,Pune
https://www.cars24.com/buy-used-volkswagen-polo-2016-cars-bhopal-15707392130/,2016 Volkswagen Polo COMFORTLINE 1.2L,Volkswagen,Polo,2016,Hatchback,Petrol,Manual,385500,INR,67356,Cars24,21-09-2026,Bhopal
https://www.cars24.com/buy-used-volkswagen-polo-2016-cars-coimbatore-13741779181/,2016 Volkswagen Polo COMFORTLINE 1.2L,Volkswagen,Polo,2016,Hatchback,Petrol,Manual,435000,INR,83786,Cars24,21-09-2026,Coimbatore
https://www.cars24.com/buy-used-volkswagen-polo-2016-cars-hyderabad-10478172182/,2016 Volkswagen Polo HIGHLINE1.2L,Volkswagen,Polo,2016,Hatchback,Petrol,Manual,433680,INR,97953,Cars24,21-09-2026,Hyderabad
https://www.cars24.com/buy-used-volkswagen-polo-2016-cars-mumbai-10382478171/,2016 Volkswagen Polo HIGHLINE1.2L,Volkswagen,Polo,2016,Hatchback,Petrol,Manual,307140,INR,44913,Cars24,21-09-2026,Mumbai
https://www.cars24.com/buy-used-volkswagen-polo-2016-cars-surat-36489775194/,2016 Volkswagen Polo COMFORTLINE 1.2L,Volkswagen,Polo,2016,Hatchback,Petrol,Manual,338640,INR,77339,Cars24,21-09-2026,Surat
https://www.cars24.com/buy-used-volkswagen-polo-2016-cars-vadodara-13646597188/,2016 Volkswagen Polo COMFORTLINE 1.2L,Volkswagen,Polo,2016,Hatchback,Petrol,Manual,259436,INR,99655,Cars24,21-09-2026,Vadodara
https://www.cars24.com/buy-used-volkswagen-polo-2017-cars-chandigarh-10692870176/,2017 Volkswagen Polo TRENDLINE 1.2L PETROL,Volkswagen,Polo,2017,Hatchback,Petrol,Manual,371908,INR,67411,Cars24,21-09-2026,Chandigarh
https://www.cars24.com/buy-used-volkswagen-polo-2017-cars-hyderabad-10420673116/,2017 Volkswagen Polo HIGHLINE PLUS 1.2(16 ALLOY,Volkswagen,Polo,2017,Hatchback,Petrol,Manual,515246,INR,41547,Cars24,21-09-2026,Hyderabad
https://www.cars24.com/buy-used-volkswagen-polo-2017-cars-hyderabad-10450296185/,2017 Volkswagen Polo ALLSTAR 1.2,Volkswagen,Polo,2017,Hatchback,Petrol,Manual,389116,INR,96975,Cars24,21-09-2026,Hyderabad
https://www.cars24.com/buy-used-volkswagen-polo-2017-cars-jaipur-10737670197/,2017 Volkswagen Polo HIGHLINE1.2L,Volkswagen,Polo,2017,Hatchback,Petrol,Manual,342140,INR,80408,Cars24,21-09-2026,Jaipur
https://www.cars24.com/buy-used-volkswagen-polo-2017-cars-surat-13500804740/,2017 Volkswagen Polo GT TSI AT,Volkswagen,Polo,2017,Hatchback,Petrol,Automatic,402796,INR,66547,Cars24,21-09-2026,Surat
https://www.cars24.com/buy-used-volkswagen-polo-2017-cars-surat-36455673111/,2017 Volkswagen Polo COMFORTLINE 1.2L,Volkswagen,Polo,2017,Hatchback,Petrol,Manual,333436,INR,79035,Cars24,21-09-2026,Surat
https://www.cars24.com/buy-used-volkswagen-polo-2018-cars-ahmedabad-11448796162/,2018 Volkswagen Polo COMFORTLINE 1.2L,Volkswagen,Polo,2018,Hatchback,Petrol,Manual,306436,INR,83649,Cars24,21-09-2026,Ahmedabad
https://www.cars24.com/buy-used-volkswagen-polo-2018-cars-bhopal-12872772190/,2018 Volkswagen Polo COMFORTLINE 1.0L MPI,Volkswagen,Polo,2018,Hatchback,Petrol,Manual,418680,INR,49495,Cars24,21-09-2026,Bhopal
https://www.cars24.com/buy-used-volkswagen-polo-2018-cars-zirakpur-14863172119/,2018 Volkswagen Polo COMFORTLINE 1.5L,Volkswagen,Polo,2018,Hatchback,Diesel,Manual,333000,INR,78773,Cars24,21-09-2026,Zirakpur
https://www.cars24.com/buy-used-volkswagen-polo-2019-cars-bangalore-10220979187/,2019 Volkswagen Polo TRENDLINE 1.0L,Volkswagen,Polo,2019,Hatchback,Petrol,Manual,479854,INR,64701,Cars24,21-09-2026,Bangalore
https://www.cars24.com/buy-used-volkswagen-polo-2019-cars-patna-14434393163/,2019 Volkswagen Polo HIGHLINE PLUS 1.5,Volkswagen,Polo,2019,Hatchback,Diesel,Manual,516916,INR,75470,Cars24,21-09-2026,Patna
https://www.cars24.com/buy-used-volkswagen-polo-2020-cars-chandigarh-12783776197/,2020 Volkswagen Polo COMFORTLINE 1.0L MPI,Volkswagen,Polo,2020,Hatchback,Petrol,Manual,492234,INR,52874,Cars24,21-09-2026,Chandigarh
https://www.cars24.com/buy-used-volkswagen-polo-2020-cars-lucknow-13252777118/,2020 Volkswagen Polo COMFORTLINE 1.0L MPI,Volkswagen,Polo,2020,Hatchback,Petrol,Manual,408974,INR,13192,Cars24,21-09-2026,Lucknow
https://www.cars24.com/buy-used-volkswagen-polo-2020-cars-noida-10592874153/,2020 Volkswagen Polo TRENDLINE 1.0L,Volkswagen,Polo,2020,Hatchback,Petrol,Manual,391500,INR,73815,Cars24,21-09-2026,Noida
https://www.cars24.com/buy-used-volkswagen-polo-2021-cars-coimbatore-11334170155/,2021 Volkswagen Polo TRENDLINE 1.0L,Volkswagen,Polo,2021,Hatchback,Petrol,Manual,554480,INR,46731,Cars24,21-09-2026,Coimbatore
https://www.cars24.com/buy-used-volkswagen-polo-2021-cars-jaipur-10013178115/,2021 Volkswagen Polo TRENDLINE 1.0L,Volkswagen,Polo,2021,Hatchback,Petrol,Manual,399974,INR,109418,Cars24,21-09-2026,Jaipur
https://www.cars24.com/buy-used-volkswagen-polo-2021-cars-mumbai-10030570181/,2021 Volkswagen Polo TRENDLINE 1.0L,Volkswagen,Polo,2021,Hatchback,Petrol,Manual,422154,INR,78513,Cars24,21-09-2026,Mumbai
https://www.cars24.com/buy-used-volkswagen-polo-2021-cars-vadodara-10086372192/,2021 Volkswagen Polo TRENDLINE 1.0L,Volkswagen,Polo,2021,Hatchback,Petrol,Manual,387394,INR,100510,Cars24,21-09-2026,Vadodara
https://www.cars24.com/buy-used-volkswagen-polo-2022-cars-vadodara-13689870130/,2022 Volkswagen Polo TRENDLINE 1.0L,Volkswagen,Polo,2022,Hatchback,Petrol,Manual,438675,INR,52340,Cars24,21-09-2026,Vadodara
https://www.cars24.com/buy-used-volkswagen-taigun-2021-cars-ahmedabad-11451971130/,2021 Volkswagen TAIGUN HIGHLINE 1.0 TSI MT,Volkswagen,TAIGUN,2021,SUV,Petrol,Manual,686258,INR,129039,Cars24,21-09-2026,Ahmedabad
https://www.cars24.com/buy-used-volkswagen-taigun-2022-cars-chandigarh-11655697167/,2022 Volkswagen TAIGUN TOPLINE 1.0 TSI MT,Volkswagen,TAIGUN,2022,SUV,Petrol,Manual,913920,INR,57530,Cars24,21-09-2026,Chandigarh
https://www.cars24.com/buy-used-volkswagen-taigun-2022-cars-coimbatore-16425872151/,2022 Volkswagen TAIGUN TOPLINE 1.0 TSI MT,Volkswagen,TAIGUN,2022,SUV,Petrol,Manual,805840,INR,112234,Cars24,21-09-2026,Coimbatore
https://www.cars24.com/buy-used-volkswagen-taigun-2022-cars-gurgaon-14780973156/,2022 Volkswagen TAIGUN TOPLINE 1.0 TSI MT,Volkswagen,TAIGUN,2022,SUV,Petrol,Manual,952920,INR,95788,Cars24,21-09-2026,Gurgaon
https://www.cars24.com/buy-used-volkswagen-taigun-2022-cars-gurgaon-16372170195/,2022 Volkswagen TAIGUN TOPLINE 1.0 TSI MT,Volkswagen,TAIGUN,2022,SUV,Petrol,Manual,663840,INR,120479,Cars24,21-09-2026,Gurgaon
https://www.cars24.com/buy-used-volkswagen-taigun-2022-cars-indore-12873472192/,2022 Volkswagen TAIGUN HIGHLINE 1.0 TSI MT,Volkswagen,TAIGUN,2022,SUV,Petrol,Manual,785840,INR,22818,Cars24,21-09-2026,Indore
https://www.cars24.com/buy-used-volkswagen-taigun-2022-cars-lucknow-13913779136/,2022 Volkswagen TAIGUN GT PLUS 1.5 TSI DSG,Volkswagen,TAIGUN,2022,SUV,Petrol,Automatic,1267000,INR,57792,Cars24,21-09-2026,Lucknow
https://www.cars24.com/buy-used-volkswagen-taigun-2022-cars-patna-14442872118/,2022 Volkswagen TAIGUN COMFORTLINE 1.0 TSI MT,Volkswagen,TAIGUN,2022,SUV,Petrol,Manual,694840,INR,41944,Cars24,21-09-2026,Patna
https://www.cars24.com/buy-used-volkswagen-taigun-2023-cars-chandigarh-11639972197/,2023 Volkswagen TAIGUN TOPLINE 1.0 TSI AT,Volkswagen,TAIGUN,2023,SUV,Petrol,Automatic,930394,INR,55843,Cars24,21-09-2026,Chandigarh
https://www.cars24.com/buy-used-volkswagen-taigun-2023-cars-chennai-43958471117/,2023 Volkswagen TAIGUN TOPLINE 1.0 TSI MT,Volkswagen,TAIGUN,2023,SUV,Petrol,Manual,1153400,INR,19477,Cars24,21-09-2026,Chennai
https://www.cars24.com/buy-used-volkswagen-taigun-2024-cars-chandigarh-12700696146/,2024 Volkswagen TAIGUN COMFORTLINE 1.0 TSI MT,Volkswagen,TAIGUN,2024,SUV,Petrol,Manual,752840,INR,33732,Cars24,21-09-2026,Chandigarh
https://www.cars24.com/buy-used-volkswagen-taigun-2024-cars-coimbatore-13780371129/,2024 Volkswagen TAIGUN HIGHLINE 1.0 TSI AT,Volkswagen,TAIGUN,2024,SUV,Petrol,Automatic,1380000,INR,17936,Cars24,21-09-2026,Coimbatore
https://www.cars24.com/buy-used-volkswagen-tiguan-2022-cars-noida-10019195177/,2022 Volkswagen TIGUAN ELEGANCE 2.0 TSI DSG,Volkswagen,TIGUAN,2022,SUV,Petrol,Automatic,1829377,INR,83993,Cars24,21-09-2026,Noida
https://www.cars24.com/buy-used-volkswagen-tiguan-2023-cars-coimbatore-31263479196/,2023 Volkswagen TIGUAN ELEGANCE 2.0 TSI DSG,Volkswagen,TIGUAN,2023,SUV,Petrol,Automatic,1962100,INR,71119,Cars24,21-09-2026,Coimbatore
https://www.cars24.com/buy-used-volkswagen-vento-2011-cars-mohali-10915170134/,2011 Volkswagen Vento HIGHLINE 1.6 MPI,Volkswagen,Vento,2011,Sedan,Petrol,Manual,177000,INR,11295,Cars24,21-09-2026,Mohali
https://www.cars24.com/buy-used-volkswagen-vento-2012-cars-bhopal-14655194162/,2012 Volkswagen Vento COMFORTLINE DIESEL 1.6,Volkswagen,Vento,2012,Sedan,Diesel,Manual,150000,INR,82929,Cars24,21-09-2026,Bhopal
https://www.cars24.com/buy-used-volkswagen-vento-2012-cars-mohali-10910978129/,2012 Volkswagen Vento COMFORTLINE DIESEL 1.6,Volkswagen,Vento,2012,Sedan,Diesel,Manual,135000,INR,62545,Cars24,21-09-2026,Mohali
https://www.cars24.com/buy-used-volkswagen-vento-2013-cars-nagpur-12300378173/,2013 Volkswagen Vento HIGHLINE 1.6 MPI,Volkswagen,Vento,2013,Sedan,Petrol,Manual,220000,INR,68636,Cars24,21-09-2026,Nagpur
https://www.cars24.com/buy-used-volkswagen-vento-2013-cars-pune-10610761753/,2013 Volkswagen Vento HIGHLINE DIESEL 1.6,Volkswagen,Vento,2013,Sedan,Diesel,Manual,288417,INR,100752,Cars24,21-09-2026,Pune
https://www.cars24.com/buy-used-volkswagen-vento-2013-cars-vadodara-13677590137/,2013 Volkswagen Vento HIGHLINE 1.6 MPI,Volkswagen,Vento,2013,Sedan,Petrol,Manual,287917,INR,92279,Cars24,21-09-2026,Vadodara
https://www.cars24.com/buy-used-volkswagen-vento-2014-cars-surat-13561798170/,2014 Volkswagen Vento COMFORTLINE 1.6,Volkswagen,Vento,2014,Sedan,Petrol,Manual,335917,INR,112699,Cars24,21-09-2026,Surat
https://www.cars24.com/buy-used-volkswagen-vento-2014-cars-vadodara-13614395168/,2014 Volkswagen Vento COMFORTLINE TSI AT PETROL,Volkswagen,Vento,2014,Sedan,Petrol,Automatic,394396,INR,36421,Cars24,21-09-2026,Vadodara
https://www.cars24.com/buy-used-volkswagen-vento-2015-cars-kolkata-11979674177/,2015 Volkswagen Vento HIGHLINE 1.6 MPI,Volkswagen,Vento,2015,Sedan,Petrol,Manual,372349,INR,69013,Cars24,21-09-2026,Kolkata
https://www.cars24.com/buy-used-volkswagen-vento-2015-cars-pune-10613070193/,2015 Volkswagen Vento HIGHLINE 1.2 TSI AT,Volkswagen,Vento,2015,Sedan,Petrol,Automatic,374320,INR,99005,Cars24,21-09-2026,Pune
https://www.cars24.com/buy-used-volkswagen-vento-2015-cars-pune-10694875133/,2015 Volkswagen Vento HIGHLINE DIESEL 1.5,Volkswagen,Vento,2015,Sedan,Diesel,Manual,432521,INR,144281,Cars24,21-09-2026,Pune
https://www.cars24.com/buy-used-volkswagen-vento-2016-cars-surat-10087502765/,2016 Volkswagen Vento HIGHLINE 1.5 AT,Volkswagen,Vento,2016,Sedan,Diesel,Automatic,332636,INR,188179,Cars24,21-09-2026,Surat
https://www.cars24.com/buy-used-volkswagen-vento-2018-cars-surat-13512273117/,2018 Volkswagen Vento COMFORTLINE 1.6,Volkswagen,Vento,2018,Sedan,Petrol,Manual,439762,INR,95461,Cars24,21-09-2026,Surat
https://www.cars24.com/buy-used-volkswagen-vento-2018-cars-visakhapatnam-19557494104/,2018 Volkswagen Vento HIGHLINE PLUS 1.2 AT 16 ALLOY,Volkswagen,Vento,2018,Sedan,Petrol,Automatic,551096,INR,99068,Cars24,21-09-2026,Visakhapatnam
https://www.cars24.com/buy-used-volkswagen-vento-2021-cars-coimbatore-13713878132/,2021 Volkswagen Vento HIGHLINE 1.0L TSI AT,Volkswagen,Vento,2021,Sedan,Petrol,Automatic,678840,INR,79143,Cars24,21-09-2026,Coimbatore
https://www.cars24.com/buy-used-volkswagen-virtus-2022-cars-chandigarh-12906699124/,2022 Volkswagen VIRTUS TOPLINE TSI 1.0 MT,Volkswagen,VIRTUS,2022,Sedan,Petrol,Manual,794314,INR,49706,Cars24,21-09-2026,Chandigarh
https://www.cars24.com/buy-used-volkswagen-virtus-2022-cars-chennai-11342679185/,2022 Volkswagen VIRTUS HIGHLINE TSI 1.0 MT,Volkswagen,VIRTUS,2022,Sedan,Petrol,Manual,851840,INR,115852,Cars24,21-09-2026,Chennai
https://www.cars24.com/buy-used-volkswagen-virtus-2022-cars-coimbatore-13746295104/,2022 Volkswagen VIRTUS HIGHLINE TSI 1.0 MT,Volkswagen,VIRTUS,2022,Sedan,Petrol,Manual,908920,INR,79865,Cars24,21-09-2026,Coimbatore
https://www.cars24.com/buy-used-volkswagen-virtus-2022-cars-gurgaon-31539574191/,2022 Volkswagen VIRTUS TOPLINE TSI 1.0 AT,Volkswagen,VIRTUS,2022,Sedan,Petrol,Automatic,1084319,INR,31952,Cars24,21-09-2026,Gurgaon
https://www.cars24.com/buy-used-volkswagen-virtus-2023-cars-chandigarh-11608762768/,2023 Volkswagen VIRTUS TOPLINE TSI 1.0 AT,Volkswagen,VIRTUS,2023,Sedan,Petrol,Automatic,939920,INR,74418,Cars24,21-09-2026,Chandigarh
https://www.cars24.com/buy-used-volkswagen-virtus-2023-cars-chennai-11344377180/,2023 Volkswagen VIRTUS GT PLUS TSI 1.5 EVO DSG,Volkswagen,VIRTUS,2023,Sedan,Petrol,Automatic,1599796,INR,23366,Cars24,21-09-2026,Chennai
https://www.cars24.com/buy-used-volkswagen-virtus-2023-cars-gurgaon-10797892135/,2023 Volkswagen VIRTUS GT PLUS TSI 1.5 EVO DSG,Volkswagen,VIRTUS,2023,Sedan,Petrol,Automatic,1039716,INR,75567,Cars24,21-09-2026,Gurgaon
https://www.cars24.com/buy-used-volkswagen-virtus-2024-cars-chandigarh-12773795130/,2024 Volkswagen VIRTUS TOPLINE TSI 1.0 AT,Volkswagen,VIRTUS,2024,Sedan,Petrol,Automatic,1085574,INR,53700,Cars24,21-09-2026,Chandigarh
https://www.cars24.com/buy-used-volkswagen-virtus-2025-cars-ghaziabad-18511979153/,2025 Volkswagen VIRTUS HIGHLINE TSI 1.0 AT,Volkswagen,VIRTUS,2025,Sedan,Petrol,Automatic,1197500,INR,11188,Cars24,21-09-2026,Ghaziabad
https://www.cars24.com/buy-used-volvo-xc-40-2020-cars-bangalore-10217495124/,2020 Volvo XC 40 T4 R Design,Volvo,XC 40,2020,SUV,Petrol,Automatic,2438340,INR,28140,Cars24,21-09-2026,Bangalore
